python_score,sql_score,excel_score,stats_score,ml_score,powerbi_score,comm_score,aptitude_score,cgpa,projects_count,internships_count,certifications_count,core_tech_avg,analytics_avg,business_comm_avg,practical_score
-0.6441746599709611,1.5428086036577306,0.17678282898110143,0.5190033039725631,-0.9833753800764943,1.3658641384248695,0.1733479513517106,-0.21083081178549484,0.12757858777232453,-0.7071067811865477,1.971604593519758,0.7435274561850906,-0.1054268036718285,1.2797558045091542,0.000466967666225237,1.4446789605372579
-1.303176869659924,0.23404971465074895,-0.031673831461730056,-0.04659448447703874,-0.2848345153985057,1.0942643263183458,0.08933440465459719,-0.621207087766992,0.35126985797511245,-0.7071067811865477,-0.8233458048543819,-0.4304632641071578,-0.5316089306928642,0.5818657952335418,-0.27971363206917177,-1.1772429279151162
0.4341925922473418,0.40855089985167986,0.9411239172714836,-0.5313925888624118,0.8435776506197836,-0.6711344523740583,-0.07869268873962962,-0.10823674279012056,0.11266583642547226,-0.7071067811865477,-0.8233458048543819,1.917518176477339,0.44860996145551785,0.2646430637446273,-0.11160527222793358,-0.1284741725341665
-1.063539702500301,0.5830520850526107,-0.031673831461730056,-0.20819385260549642,-1.2520449434141823,1.2300642323716078,-1.2548823424992173,-0.7238011567623662,-1.2294817847912607,-1.7172593257387583,0.574129394332688,-0.4304632641071578,-0.7873182069054855,0.7721994341268907,-1.2323276711695217,-0.6528585502246412
0.7337390511968704,-0.28945384095204374,-1.1434426871568313,0.19580456771564778,0.6286419999496332,-1.2822340296137367,-0.6667875156194235,0.19954546419600228,-0.5285824714891897,0.303045763365663,0.574129394332688,-0.4304632641071578,0.49122817415762143,-1.2263037742532732,-0.3357497520162512,0.3959102051563083
-0.5243560763911497,0.5830520850526107,0.24626838246204527,-0.450592904798183,-0.12363277739589291,0.6189646551319294,-0.33073332883096984,-1.749741846716109,-0.811924747079388,0.303045763365663,-0.8233458048543819,-0.4304632641071578,-0.2119723354270874,0.6135880683824328,-1.1762915512224423,-0.6528585502246412
0.19455542508771895,0.6703026776530762,-1.9772693289281573,0.19580456771564778,1.165981126625009,-1.6217337947468913,-1.2548823424992173,-0.10823674279012056,-0.454018714754927,0.303045763365663,0.574129394332688,-0.4304632641071578,0.7469374503702428,-1.4166374131466222,-0.8961109514870452,0.3959102051563083
0.3742833004574361,1.019305048054938,-0.37910159886644923,-0.450592904798183,-0.8221736420738815,0.5510647021052985,0.257361498048824,-0.3134248807808691,-0.17067643916472738,0.303045763365663,0.574129394332688,-1.6044539843994063,-0.06280859096972494,0.4549767026379763,0.000466967666225237,-0.1284741725341665
1.2729226773060218,-0.5512056187534401,-1.282413794118719,0.19580456771564778,1.2734489519600842,-2.0970334659333076,-1.002841702407877,-0.005642673794746285,-0.006636174349348502,0.303045763365663,1.971604593519758,-0.4304632641071578,0.8747920884765535,-1.7655824177844284,-0.6719664716987276,1.4446789605372579
-0.045081742071903914,1.4555580110572652,0.9411239172714836,-0.6121922729266407,-0.06989886472835533,2.0448636686911787,0.42538859144305086,-0.21083081178549484,1.88728324670093,0.303045763365663,-0.8233458048543819,0.7435274561850906,0.15028247254079288,1.9142012674869844,0.16857532750746346,-0.1284741725341665
1.213013385516116,-0.11495265575111283,-1.699327115004382,1.3270001446148516,1.6495863406328473,-1.4859338886936295,0.257361498048824,1.4306742921404936,1.9618470034351914,1.3131983079178737,1.971604593519758,-2.7784447046916547,1.407519747252848,-1.5118042325932968,0.9530810067665751,0.9202945828467831
1.872015595205079,-0.4639550261529746,0.037811722019213775,2.0541973011929113,1.3809167772951594,-1.2822340296137367,-0.07869268873962962,0.096951395200628,0.8583034037681013,0.303045763365663,3.369079792706828,-0.4304632641071578,1.6419199171144176,-0.7504696770199009,0.000466967666225237,2.4934477159182076
1.3328319690959276,1.019305048054938,-0.5180727058283369,1.569399196807538,0.7361098252847085,-1.2143340765871058,-1.170868795802104,0.40473360218675086,-0.6926227363045672,0.303045763365663,-0.8233458048543819,-0.4304632641071578,1.4288288536038998,-0.4332469455309864,-0.5598942318045688,-0.6528585502246412
1.213013385516116,-0.9002079891553019,-0.44858715234739305,1.084601092422165,1.5958524279653097,-0.9427342644805821,-0.41474687552808326,1.225486154149745,0.38109536066881833,1.3131983079178737,-0.8233458048543819,-0.4304632641071578,1.1305013646891748,-0.9725255890621416,0.3927198072957811,-0.1284741725341665
-0.7639932435507725,0.8448038628540071,0.7326672568286521,0.5190033039725631,-0.9833753800764943,0.6868646081585603,0.34137504474593744,-1.1341774327438634,-0.677709984957715,-0.7071067811865477,0.574129394332688,-1.6044539843994063,-0.3185178671823463,0.9625330730202397,-0.3917858719633306,-0.6528585502246412
0.8535576347766818,1.019305048054938,-0.24013049190456154,-0.04659448447703874,1.3271828646276218,0.07576503091888195,0.42538859144305086,1.6358624301312423,1.335511446867383,2.3233508524700843,0.574129394332688,0.7435274561850906,1.0665740456360195,0.29636533689351835,1.1772254865548928,1.9690633382277327
-0.9437211189204896,-0.4639550261529746,-0.031673831461730056,-0.8545913251193272,-0.8221736420738815,2.11276362171781,0.1733479513517106,0.30213953319137654,-0.6926227363045672,-0.7071067811865477,1.971604593519758,0.7435274561850906,-1.0004092704160035,0.8039217072757818,0.2806475674016223,1.4446789605372579
-0.4045374928113382,0.9320544554544725,1.2190661311952589,-0.6929919569908695,0.09130287327425743,-0.06003487513437991,0.7614427782315044,-0.7238011567623662,0.09775308507861867,-0.7071067811865477,-0.8233458048543819,0.7435274561850906,-0.06280859096972494,0.8673662535735652,0.11253920756038405,-0.6528585502246412
0.7337390511968704,1.3683074184567998,0.8716383637905397,1.7309985649359958,0.19877069860933258,0.8226645142118222,-0.58277396892231,1.4306742921404936,1.4399007062953515,0.303045763365663,0.574129394332688,0.7435274561850906,1.1305013646891748,1.2797558045091542,0.3927198072957811,0.9202945828467831
0.13464613329781322,1.2810568258563344,0.45472504290487675,-1.7433878498258444,-0.6072379914037311,2.0448636686911787,0.34137504474593744,0.096951395200628,0.7837396470338374,0.303045763365663,-0.8233458048543819,-0.4304632641071578,-0.3398269735333981,1.628700809146961,0.2806475674016223,-0.6528585502246412
1.1531040937262105,-1.0747091743562327,-0.7265293662711684,0.27660425177987663,1.971989816638073,-0.7390344054006892,-0.9188281557107637,-0.21083081178549484,1.0521691712771848,2.3233508524700843,-0.8233458048543819,0.7435274561850906,1.0026467265828642,-1.067692408508816,-0.728002591645807,0.9202945828467831
-1.303176869659924,0.4958014924521453,0.802152810309596,-2.389785322339675,-0.8221736420738815,-0.3316346872409036,-0.7508010623165369,0.40473360218675086,0.20214234450658716,-0.7071067811865477,-0.8233458048543819,0.7435274561850906,-1.2987367593307284,0.39153215634019284,-0.27971363206917177,-0.6528585502246412
-0.5243560763911497,-0.28945384095204374,1.4275227916380904,-1.1777900613762426,-0.6609719040712687,0.5510647021052985,1.7696053385968653,1.122892085154371,-0.7671864930388311,0.303045763365663,-0.8233458048543819,-0.4304632641071578,-0.8299364196075891,0.8039217072757818,1.7936228059727661,-0.6528585502246412
1.5125598444656447,0.23404971465074895,-0.6570438127902245,0.9230017242937074,1.2734489519600842,-1.010634217507213,0.257361498048824,-0.005642673794746285,0.3214443552814079,1.3131983079178737,-0.8233458048543819,-0.4304632641071578,1.3435924281996927,-0.6870251307221181,0.16857532750746346,-0.1284741725341665
-0.7639932435507725,-1.1619597669566981,0.45472504290487675,-1.985786902018531,-0.7147058167388063,0.34736484302540566,0.42538859144305086,-0.005642673794746285,1.0969074253177415,-0.7071067811865477,-0.8233458048543819,-0.4304632641071578,-1.3626640783838837,-0.052579667744288516,0.2806475674016223,-1.1772429279151162
-0.28471890923152676,0.6703026776530762,-0.24013049190456154,-0.6121922729266407,-0.33856842806604326,0.5510647021052985,0.005320857957483786,0.7125158091728737,-0.5733207255297464,-0.7071067811865477,-0.8233458048543819,0.7435274561850906,-0.2332814417781392,0.39153215634019284,0.3927198072957811,-0.6528585502246412
-0.045081742071903914,-1.947215100360887,1.4970083451190341,-0.5313925888624118,-1.1445771180791071,1.0942643263183458,0.005320857957483786,0.19954546419600228,-1.378609298259786,0.303045763365663,-0.8233458048543819,-0.4304632641071578,-1.0856456958202105,0.4866989757868673,0.11253920756038405,-0.6528585502246412
1.872015595205079,0.3213003072512144,-0.6570438127902245,0.9230017242937074,1.542118515297772,-1.010634217507213,-0.4987604222251967,0.9177039471636222,1.0074309172366267,1.3131983079178737,0.574129394332688,-1.6044539843994063,1.5993017044123141,-0.6553028575732264,0.16857532750746346,0.3959102051563083
0.6738297594069647,0.9320544554544725,0.037811722019213775,0.27660425177987663,0.19877069860933258,-1.2822340296137367,-0.24671978213385645,-1.2367715017392378,-1.0952670226695875,0.303045763365663,-0.8233458048543819,0.7435274561850906,0.6190828122639321,-0.24291330663763747,-0.8400748315399659,-0.1284741725341665
-0.6441746599709611,1.2810568258563344,0.10729727550015761,-0.28899353666972527,-0.1773666900634305,0.4152647960520366,1.0134834183228447,0.9177039471636222,0.8433906524212478,-0.7071067811865477,0.574129394332688,1.917518176477339,-0.06280859096972494,0.7087548878291073,1.1772254865548928,0.9202945828467831
1.872015595205079,0.23404971465074895,-1.5603560080424943,0.19580456771564778,1.8107880786354602,-0.39953464026753455,0.08933440465459719,-0.7238011567623662,-0.17067643916472738,1.3131983079178737,-0.8233458048543819,0.7435274561850906,1.4927561726570553,-0.8139142233176837,-0.3357497520162512,0.3959102051563083
-0.4045374928113382,-0.11495265575111283,0.3157539359429891,-0.7737916410550983,-0.768439729406344,-0.8748343114539511,-1.7589636226818979,-0.41601894977624343,-1.154918028056998,-1.7172593257387583,-0.8233458048543819,0.7435274561850906,-0.6807726751502267,-0.30635785293541956,-1.40043603101076,-1.1772429279151162
-0.7639932435507725,-0.37670443355250915,1.9139216660046972,1.4885995127433094,-0.2848345153985057,0.7547645611851913,1.3495376051112984,2.046238706112739,2.1408000195974237,1.3131983079178737,0.574129394332688,-0.4304632641071578,-0.08411769732077672,1.0894221656158052,2.0177672857610838,0.9202945828467831
-0.16490032565171533,-0.027702063150647382,-0.5180727058283369,-0.5313925888624118,-0.23110060273096808,1.3658641384248695,0.1733479513517106,-0.41601894977624343,0.12757858777232453,0.303045763365663,-0.8233458048543819,0.7435274561850906,-0.29720876083129455,0.39153215634019284,-0.11160527222793358,-0.1284741725341665
1.0931948019363047,-0.11495265575111283,-2.116240435890045,0.19580456771564778,0.8435776506197836,-0.7390344054006892,-1.4229094358934442,-2.775682536669852,-1.020703265935325,-1.7172593257387583,-0.8233458048543819,-0.4304632641071578,0.7469374503702428,-1.3531928668488395,-2.4651223100052686,-1.7016273056055908
0.5540111758271532,1.2810568258563344,0.24626838246204527,1.3270001446148516,1.7033202533003848,-0.9427342644805821,-0.9188281557107637,0.19954546419600228,-0.454018714754927,1.3131983079178737,-0.8233458048543819,-0.4304632641071578,1.5353743853591588,0.13775397114906043,-0.5038581118574894,-0.1284741725341665
-1.5428140368195469,-0.5512056187534401,0.3157539359429891,-2.3089856382754466,-1.3595127687492574,2.11276362171781,-0.9188281557107637,-0.21083081178549484,0.17231684181288265,-0.7071067811865477,-0.8233458048543819,0.7435274561850906,-1.831464418107023,0.9308107998713486,-0.728002591645807,-0.6528585502246412
-0.46444678460124394,0.9320544554544725,1.7749505590428096,-0.04659448447703874,0.03756896060671984,0.8905644672384532,-0.33073332883096984,-0.3134248807808691,-0.06628717973675888,0.303045763365663,0.574129394332688,0.7435274561850906,0.06504604713658577,1.5652562628491775,-0.3917858719633306,0.9202945828467831
0.07473684150790752,1.1938062332558688,0.45472504290487675,-0.935391009183556,0.8973115632873212,0.7547645611851913,-0.24671978213385645,-0.10823674279012056,0.7539141443401328,0.303045763365663,-0.8233458048543819,-0.4304632641071578,0.4273008551044661,0.9942553461691307,-0.2236775121220924,-0.6528585502246412
1.3328319690959276,-0.28945384095204374,-1.699327115004382,0.7614023561652496,1.9182559039705354,-0.9427342644805821,-0.07869268873962962,-0.10823674279012056,-0.6180589795703045,0.303045763365663,-0.8233458048543819,-0.4304632641071578,1.3649015345507445,-1.3214705936999478,-0.11160527222793358,-0.6528585502246412
-0.4045374928113382,0.40855089985167986,0.9411239172714836,-0.28899353666972527,-0.33856842806604326,-0.3316346872409036,-2.851139729744372,-0.41601894977624343,-0.7820992443856835,-0.7071067811865477,-0.8233458048543819,1.917518176477339,-0.25459054812919096,0.42325442948908387,-2.128905590322792,-0.1284741725341665
-1.482904745029641,-0.4639550261529746,0.45472504290487675,-0.5313925888624118,-1.1445771180791071,-0.8069343584273202,0.7614427782315044,-0.41601894977624343,-0.5584079741828942,-1.7172593257387583,-0.8233458048543819,1.917518176477339,-1.234809440277573,-0.3380801260843119,0.2806475674016223,-0.6528585502246412
-0.7639932435507725,-0.37670443355250915,-0.10115938494267389,-1.1777900613762426,-1.0371092927440317,0.8905644672384532,0.005320857957483786,-0.41601894977624343,-0.9312267578542087,-0.7071067811865477,0.574129394332688,1.917518176477339,-1.0856456958202105,0.23292079059573492,-0.2236775121220924,0.9202945828467831
-0.4045374928113382,0.5830520850526107,0.7326672568286521,-0.5313925888624118,-0.6609719040712687,0.4152647960520366,-0.24671978213385645,-2.160118122697606,-1.5277368117283125,-0.7071067811865477,-0.8233458048543819,0.7435274561850906,-0.40375429258655343,0.7404771609779998,-1.3443999110636804,-0.6528585502246412
0.014827549718001801,1.630059196258196,1.9139216660046972,-0.04659448447703874,-0.12363277739589291,1.4337640914515006,0.7614427782315044,-0.621207087766992,2.4987060519218836,0.303045763365663,-0.8233458048543819,0.7435274561850906,0.3420644297002589,2.1362571795292244,0.16857532750746346,-0.1284741725341665
-0.5842653681810553,-1.6854633225594908,1.4275227916380904,-0.7737916410550983,-1.0371092927440317,0.07576503091888195,0.9294698716257312,-1.4419596397299863,-1.557562314422017,-1.7172593257387583,-0.8233458048543819,-1.6044539843994063,-1.234809440277573,0.07430942485127835,-0.16764139217501298,-2.2260116832960657
-1.962179079348887,0.05954852944981806,1.7749505590428096,-0.6121922729266407,-0.06989886472835533,0.6868646081585603,1.7696053385968653,1.533268361135868,1.5144644630296156,0.303045763365663,0.574129394332688,0.7435274561850906,-0.8725546323096927,1.1528667119135887,2.0177672857610838,0.9202945828467831
-0.6441746599709611,0.8448038628540071,-0.6570438127902245,0.27660425177987663,-0.768439729406344,0.21156493697214382,-0.6667875156194235,-0.8263952257577405,-0.9014012551605042,-0.7071067811865477,0.574129394332688,0.7435274561850906,-0.25459054812919096,0.1060316980001694,-0.8961109514870452,0.3959102051563083
-1.1234489942902068,-0.37670443355250915,0.45472504290487675,0.11500488365141895,-1.5207145067518701,0.007865077892251018,-0.16270623543674304,-0.8263952257577405,-0.17067643916472738,-0.7071067811865477,0.574129394332688,1.917518176477339,-1.0643365894691588,0.07430942485127835,-0.5598942318045688,0.9202945828467831
1.0931948019363047,-0.7257068039543709,-1.4908704545615505,0.8422020402294785,0.6823759126171709,-0.8069343584273202,-1.002841702407877,-0.8263952257577405,0.21705509585343943,1.3131983079178737,-0.8233458048543819,-1.6044539843994063,0.7043192376681392,-1.3214705936999478,-1.120255431275363,-0.6528585502246412
0.9134669265665876,-1.51096213735856,-1.699327115004382,0.6806026721010209,0.4137063492794829,-2.640233090146355,-0.24671978213385645,-0.21083081178549484,-0.6180589795703045,0.303045763365663,0.574129394332688,1.917518176477339,0.2994462169981554,-2.558639246506716,-0.27971363206917177,1.4446789605372579
1.7521970116252676,0.3213003072512144,-2.255211542851933,1.2462004605506227,0.8973115632873212,-0.7390344054006892,-0.6667875156194235,0.815109878168248,-0.9908777632416191,0.303045763365663,1.971604593519758,-1.6044539843994063,1.3862106409017962,-1.258026047402165,0.000466967666225237,0.9202945828467831
0.8535576347766818,-0.28945384095204374,-1.7688126684853258,0.8422020402294785,1.5958524279653097,-1.2822340296137367,-1.170868795802104,-0.9289892947531149,-1.766340833277954,-0.7071067811865477,3.369079792706828,-0.4304632641071578,1.0878831519870713,-1.5118042325932968,-1.288363791116601,1.9690633382277327
-0.4045374928113382,1.019305048054938,0.38523948942393293,-0.04659448447703874,-0.768439729406344,0.07576503091888195,0.8454563249286179,-0.9289892947531149,1.0074309172366267,0.303045763365663,-0.8233458048543819,0.7435274561850906,-0.2119723354270874,0.5818657952335418,0.056503087613304644,-0.1284741725341665
-1.1833582860801126,-0.28945384095204374,1.4970083451190341,-0.04659448447703874,-0.768439729406344,1.7732638565846552,0.8454563249286179,2.354020913098862,0.4109208633625228,0.303045763365663,-0.8233458048543819,-0.4304632641071578,-0.8086273132565374,1.406644897104721,1.8496589259198457,-0.6528585502246412
-0.16490032565171533,0.9320544554544725,-0.10115938494267389,0.11500488365141895,-0.9833753800764943,0.07576503091888195,-0.58277396892231,-0.9289892947531149,-0.6627972336108626,-1.7172593257387583,-0.8233458048543819,-0.4304632641071578,-0.19066322907603564,0.3280876100424094,-0.8961109514870452,-1.7016273056055908
-0.46444678460124394,0.1467991220502835,0.5242105963858206,-1.1777900613762426,-0.8759075547414191,0.5510647021052985,1.0134834183228447,1.8410505681219909,0.45565911740308096,0.303045763365663,-0.8233458048543819,0.7435274561850906,-0.7873182069054855,0.5501435220846508,1.6815505660786074,-0.1284741725341665
-0.28471890923152676,-1.51096213735856,1.149580577714315,-0.8545913251193272,-0.39230234073358083,0.4831647490786675,1.0974969650199582,-0.005642673794746285,0.38109536066881833,0.303045763365663,0.574129394332688,-0.4304632641071578,-0.8512455259586409,0.2011985174468439,0.7289365269782575,0.3959102051563083
-0.5842653681810553,-0.20220324835157827,0.037811722019213775,0.11500488365141895,-1.1445771180791071,-0.19583478118764178,-0.7508010623165369,0.096951395200628,-0.23032744455213774,-0.7071067811865477,1.971604593519758,0.7435274561850906,-0.6807726751502267,-0.147746487190963,-0.44782199191041,1.4446789605372579
0.613920467617059,-0.7257068039543709,-0.7265293662711684,0.599802988036792,0.7361098252847085,-0.8748343114539511,0.7614427782315044,-0.21083081178549484,1.8425449926603705,-1.7172593257387583,-0.8233458048543819,0.7435274561850906,0.49122817415762143,-1.0042478622110327,0.3927198072957811,-1.1772429279151162
-1.5428140368195469,-2.0344656929613527,0.5242105963858206,0.11500488365141895,-1.8431179827570956,-0.5353345463207965,1.8536188852939788,1.6358624301312423,-1.9005555953996272,0.303045763365663,0.574129394332688,-1.6044539843994063,-1.7462279927028157,-0.7504696770199009,2.1298395256552425,-0.1284741725341665
-0.16490032565171533,0.3213003072512144,-0.7960149197521121,0.8422020402294785,-0.12363277739589291,1.0942643263183458,-0.41474687552808326,0.19954546419600228,-0.09611268243046474,0.303045763365663,1.971604593519758,1.917518176477339,0.19290068524289644,0.2646430637446273,-0.16764139217501298,2.4934477159182076
1.452650552675739,-0.027702063150647382,-0.5875582593092807,0.5190033039725631,1.4883846026302345,-0.6032344993474273,-0.41474687552808326,0.5073276711821251,-0.02154892569620209,2.3233508524700843,0.574129394332688,-0.4304632641071578,1.2370468964444339,-0.560136038126552,0.000466967666225237,1.4446789605372579
-0.5243560763911497,-0.28945384095204374,-0.30961604538550536,1.0038014083579363,-0.499770166068656,-1.010634217507213,-0.6667875156194235,-0.21083081178549484,0.03810207969120829,0.303045763365663,0.574129394332688,0.7435274561850906,-0.19066322907603564,-0.7187474038710092,-0.5598942318045688,0.9202945828467831
-1.1833582860801126,-0.5512056187534401,0.17678282898110143,-1.5817884816973868,-1.5744484194194077,0.4152647960520366,-1.7589636226818979,-1.6471477777207348,-1.587387817115723,-0.7071067811865477,0.574129394332688,0.7435274561850906,-1.5970642482454533,0.07430942485127835,-2.072869470375713,0.3959102051563083
-0.9437211189204896,-0.4639550261529746,-0.17064493842361772,-0.28899353666972527,-0.8759075547414191,0.8905644672384532,0.005320857957483786,-0.3134248807808691,0.008276576997503761,0.303045763365663,0.574129394332688,-0.4304632641071578,-0.8725546323096927,0.16947624429795283,-0.16764139217501298,0.3959102051563083
-0.3446282010214325,-0.027702063150647382,1.3580372381571466,-0.7737916410550983,-0.8759075547414191,0.7547645611851913,1.0134834183228447,-0.7238011567623662,0.2319678472002917,-0.7071067811865477,0.574129394332688,-0.4304632641071578,-0.6807726751502267,0.9625330730202397,0.2806475674016223,-0.1284741725341665
1.0931948019363047,0.23404971465074895,-1.0739571336758875,1.569399196807538,0.30623852394440776,-0.9427342644805821,-0.7508010623165369,-1.031583363748489,-0.677709984957715,0.303045763365663,0.574129394332688,-0.4304632641071578,0.9813376202318124,-0.8456364964665753,-1.0642193113282834,0.3959102051563083
0.8535576347766818,-0.28945384095204374,-0.6570438127902245,0.9230017242937074,1.434650689962697,-1.2143340765871058,-0.24671978213385645,-0.005642673794746285,-0.9461395092010609,0.303045763365663,0.574129394332688,0.7435274561850906,1.0452649392849678,-0.9725255890621416,-0.16764139217501298,0.9202945828467831
-0.28471890923152676,0.5830520850526107,1.0800950242333711,0.19580456771564778,-0.9833753800764943,0.1436649839455129,-0.41474687552808326,0.096951395200628,0.24688059854714528,-0.7071067811865477,-0.8233458048543819,1.917518176477339,-0.29720876083129455,0.7721994341268907,-0.2236775121220924,-0.1284741725341665
1.033285510146399,-1.4237115447580946,-2.3246970963328764,0.27660425177987663,1.3809167772951594,-2.029133512906677,-2.179031356167465,-0.621207087766992,-1.9452938494401852,-0.7071067811865477,-0.8233458048543819,-0.4304632641071578,0.6403919186149839,-2.526916973357824,-1.7926888706403157,-1.1772429279151162
-0.3446282010214325,-0.9874585817557673,-0.24013049190456154,-0.04659448447703874,0.09130287327425743,-0.8069343584273202,0.1733479513517106,-1.339365570734612,-1.4531730549940498,-1.7172593257387583,0.574129394332688,1.917518176477339,-0.3398269735333981,-0.8456364964665753,-0.6159303517516482,0.3959102051563083
0.9733762183564932,-2.3834680633632144,-1.2129282406377753,0.599802988036792,1.1122472139574715,-1.010634217507213,-1.4229094358934442,-0.10823674279012056,-0.454018714754927,-0.7071067811865477,-0.8233458048543819,0.7435274561850906,0.36337353605131073,-1.8924715103799947,-1.008183191381204,-0.6528585502246412
-0.28471890923152676,1.1938062332558688,0.802152810309596,-0.5313925888624118,-0.6609719040712687,0.21156493697214382,-0.24671978213385645,0.6099217401774994,-0.05137442838990662,1.3131983079178737,-0.8233458048543819,1.917518176477339,-0.2119723354270874,0.8990885267224563,0.16857532750746346,0.9202945828467831
1.3927412608858332,0.5830520850526107,-1.4908704545615505,1.1654007764863938,0.4137063492794829,-0.6711344523740583,-1.170868795802104,-1.1341774327438634,-1.2443945361381128,0.303045763365663,0.574129394332688,-0.4304632641071578,1.109192258338123,-0.7821919501687926,-1.40043603101076,0.3959102051563083
0.49410188403724753,1.1065556406554033,1.0106094707524274,0.11500488365141895,0.19877069860933258,0.8905644672384532,0.9294698716257312,-0.005642673794746285,0.7986523983806909,0.303045763365663,-0.8233458048543819,0.7435274561850906,0.5551554932107767,1.2797558045091542,0.6168642870840987,-0.1284741725341665
-0.10499103386180964,2.0663121592605234,1.9139216660046972,-0.20819385260549642,-0.12363277739589291,1.976963715664548,1.3495376051112984,0.5073276711821251,1.9171087493946346,0.303045763365663,0.574129394332688,0.7435274561850906,0.36337353605131073,2.5486467304648146,1.1772254865548928,0.9202945828467831
-1.6626326203993582,-0.9874585817557673,0.5936961498667644,-2.389785322339675,-0.8759075547414191,0.4152647960520366,0.257361498048824,0.5073276711821251,-0.677709984957715,-0.7071067811865477,-0.8233458048543819,-1.6044539843994063,-1.810155311755971,0.1060316980001694,0.44875592724286045,-1.7016273056055908
-1.3630861614498297,-1.6854633225594908,0.7326672568286521,-0.6121922729266407,-0.9833753800764943,0.34736484302540566,2.1896730720824324,0.19954546419600228,-0.2005019418584319,0.303045763365663,-0.8233458048543819,-0.4304632641071578,-1.4479005037880908,-0.1160242140420706,1.5694783261844485,-0.6528585502246412
0.7936483429867761,-0.027702063150647382,-1.2129282406377753,1.569399196807538,1.2734489519600842,-0.5353345463207965,0.34137504474593744,1.4306742921404936,0.9030416578086581,1.3131983079178737,-0.8233458048543819,-0.4304632641071578,1.1944286837423301,-0.8139142233176837,1.0091171267136545,-0.1284741725341665
0.7936483429867761,-1.2492103595571635,-1.3518993475996628,0.43820361990833434,1.0047793886223964,-2.0970334659333076,-1.170868795802104,0.19954546419600228,-1.199656282097556,-0.7071067811865477,0.574129394332688,-0.4304632641071578,0.49122817415762143,-2.0510828761244517,-0.6719664716987276,-0.1284741725341665
-0.4045374928113382,1.979061566660058,0.5242105963858206,-0.28899353666972527,-0.5535040787361936,1.5016640444781315,-0.07869268873962962,-0.8263952257577405,0.35126985797511245,1.3131983079178737,-0.8233458048543819,0.7435274561850906,0.04373694078553398,1.6604230822958521,-0.5038581118574894,0.3959102051563083
1.1531040937262105,-0.11495265575111283,-1.282413794118719,0.35740393584410546,0.6823759126171709,-1.8254336538267841,-0.33073332883096984,0.7125158091728737,-0.722448238998273,0.303045763365663,-0.8233458048543819,-1.6044539843994063,0.7469374503702428,-1.480081959444405,0.16857532750746346,-1.1772429279151162
-0.9437211189204896,0.4958014924521453,-0.031673831461730056,-0.935391009183556,-1.5207145067518701,0.4831647490786675,-0.16270623543674304,-0.9289892947531149,-1.2742200388318188,-0.7071067811865477,0.574129394332688,-0.4304632641071578,-1.0643365894691588,0.39153215634019284,-0.6159303517516482,-0.1284741725341665
1.1531040937262105,1.1065556406554033,0.17678282898110143,1.3270001446148516,1.7570541659679226,-0.19583478118764178,0.005320857957483786,0.6099217401774994,1.2758604414799726,2.3233508524700843,-0.8233458048543819,-0.4304632641071578,1.7271563425186247,0.39153215634019284,0.3366836873487017,0.3959102051563083
0.5540111758271532,0.1467991220502835,-1.0739571336758875,1.084601092422165,0.145036785941795,-0.2637347342142727,0.677429231534391,0.7125158091728737,-0.3048912012864004,-0.7071067811865477,-0.8233458048543819,0.7435274561850906,0.5764645995618285,-0.560136038126552,0.8410087668724163,-0.6528585502246412
-1.6626326203993582,-1.4237115447580946,0.5936961498667644,-2.147386270146989,-0.768439729406344,-1.3501339826403675,2.3577001654766594,1.4306742921404936,-2.124246865602415,-0.7071067811865477,-0.8233458048543819,1.917518176477339,-1.810155311755971,-0.8773587696154671,2.3539840054435603,-0.1284741725341665
-0.045081742071903914,0.6703026776530762,-1.1434426871568313,0.5190033039725631,0.35997243661194533,0.007865077892251018,-1.002841702407877,-1.1341774327438634,-0.111025433777317,-0.7071067811865477,0.574129394332688,0.7435274561850906,0.4273008551044661,-0.2746355797865285,-1.288363791116601,0.3959102051563083
-0.045081742071903914,-0.5512056187534401,-0.9349860267139999,-0.04659448447703874,0.8435776506197836,-2.3007333250132005,0.08933440465459719,-0.7238011567623662,-0.6627972336108626,0.303045763365663,-0.8233458048543819,-0.4304632641071578,0.17159157889184468,-1.7021378714866457,-0.3357497520162512,-0.6528585502246412
-0.16490032565171533,-1.1619597669566981,0.037811722019213775,-0.20819385260549642,-0.1773666900634305,0.5510647021052985,0.5934156848372777,0.6099217401774994,1.0223436685834788,-0.7071067811865477,0.574129394332688,-0.4304632641071578,-0.4676816116397088,-0.147746487190963,0.7289365269782575,-0.1284741725341665
0.7936483429867761,-0.8129573965548363,-1.699327115004382,1.0038014083579363,1.8645219913029978,-1.2143340765871058,-1.002841702407877,-0.3134248807808691,-0.18558919051157965,-1.7172593257387583,-0.8233458048543819,-0.4304632641071578,1.0878831519870713,-1.638693325188863,-0.8400748315399659,-1.7016273056055908
1.3927412608858332,-0.7257068039543709,-0.865500473233056,0.9230017242937074,1.971989816638073,-0.6711344523740583,-1.5069229825905577,-0.5186130187716177,0.38109536066881833,-0.7071067811865477,0.574129394332688,-1.6044539843994063,1.3435924281996927,-0.9725255890621416,-1.288363791116601,-0.6528585502246412
0.613920467617059,-1.0747091743562327,-1.0044715801949438,1.3270001446148516,0.7361098252847085,-0.9427342644805821,-2.431071996258805,-1.339365570734612,-0.9759650118947668,0.303045763365663,-0.8233458048543819,-0.4304632641071578,0.5977737059128804,-1.289748320551056,-2.35305007011111,-0.6528585502246412
0.49410188403724753,-2.645219841164611,-0.865500473233056,-0.6929919569908695,1.0047793886223964,-1.7575337008001533,-1.4229094358934442,-0.21083081178549484,-1.5426495630751649,-0.7071067811865477,-0.8233458048543819,-0.4304632641071578,-0.25459054812919096,-2.177971968720018,-1.0642193113282834,-1.1772429279151162
-0.4045374928113382,0.4958014924521453,0.24626838246204527,0.35740393584410546,-0.016164952060817746,1.3658641384248695,0.1733479513517106,-0.7238011567623662,0.7986523983806909,0.303045763365663,-0.8233458048543819,-0.4304632641071578,0.06504604713658577,0.9308107998713486,-0.27971363206917177,-0.6528585502246412
0.07473684150790752,0.7575532702535416,-0.031673831461730056,-0.20819385260549642,0.5211741746145581,-0.4674345932941655,0.08933440465459719,-0.41601894977624343,0.500397371443639,-0.7071067811865477,1.971604593519758,0.7435274561850906,0.36337353605131073,0.042587151702385966,-0.16764139217501298,1.4446789605372579
1.0931948019363047,1.804560381459127,0.5936961498667644,2.2965963533855978,1.2197150392925467,-1.2822340296137367,-1.5069229825905577,0.19954546419600228,-0.36454220667381076,0.303045763365663,-0.8233458048543819,-0.4304632641071578,1.9189382996780908,0.3280876100424094,-0.8961109514870452,-0.6528585502246412
0.07473684150790752,1.019305048054938,1.9139216660046972,-0.04659448447703874,-0.2848345153985057,1.3658641384248695,-0.24671978213385645,0.19954546419600228,1.54428996572332,0.303045763365663,0.574129394332688,0.7435274561850906,0.15028247254079288,1.8824789943380935,-0.05556915228085417,0.9202945828467831
-1.1234489942902068,0.3213003072512144,0.45472504290487675,-1.0161906932477849,-1.2520449434141823,0.7547645611851913,0.9294698716257312,-0.3134248807808691,0.06792758238491414,1.3131983079178737,-0.8233458048543819,0.7435274561850906,-1.0856456958202105,0.6770326146802162,0.44875592724286045,0.3959102051563083
-1.063539702500301,-0.9874585817557673,0.45472504290487675,-0.8545913251193272,-1.2520449434141823,0.007865077892251018,0.677429231534391,-0.621207087766992,-0.39436770936751664,0.303045763365663,0.574129394332688,-0.4304632641071578,-1.341354972032832,-0.147746487190963,0.11253920756038405,0.3959102051563083
1.872015595205079,0.1467991220502835,-0.5180727058283369,0.35740393584410546,1.7570541659679226,-1.2822340296137367,-0.58277396892231,1.3280802231451194,1.4548134576422038,1.3131983079178737,-0.8233458048543819,-0.4304632641071578,1.4927561726570553,-0.7821919501687926,0.3366836873487017,-0.1284741725341665
-2.561271997247944,-1.0747091743562327,0.6631817033477082,-1.0161906932477849,-1.0908432054115693,-0.6032344993474273,1.265524058414185,0.815109878168248,-0.7970119957325357,0.303045763365663,-0.8233458048543819,-0.4304632641071578,-1.8740826308091265,-0.369802399233203,1.2892977264490515,-0.6528585502246412
-0.16490032565171533,0.4958014924521453,0.037811722019213775,0.27660425177987663,0.145036785941795,0.6189646551319294,0.42538859144305086,0.096951395200628,-0.06628717973675888,0.303045763365663,0.574129394332688,0.7435274561850906,0.19290068524289644,0.4866989757868673,0.3366836873487017,0.9202945828467831
-0.5842653681810553,-2.0344656929613527,1.2190661311952589,-0.450592904798183,-1.1445771180791071,0.2794648899987747,2.273686618779546,1.4306742921404936,0.26179334989399755,0.303045763365663,-0.8233458048543819,0.7435274561850906,-1.2774276529796766,-0.052579667744288516,2.2979478854964808,-0.1284741725341665
-0.5842653681810553,-1.8599645077604217,1.3580372381571466,-1.0969903773120138,-0.6072379914037311,0.6868646081585603,1.265524058414185,0.7125158091728737,-0.5733207255297464,-0.7071067811865477,-0.8233458048543819,-0.4304632641071578,-1.1921912275754694,0.2646430637446273,1.2332616065019721,-1.1772429279151162
0.07473684150790752,0.5830520850526107,0.5936961498667644,0.35740393584410546,-0.9833753800764943,0.7547645611851913,-0.58277396892231,-0.9289892947531149,-0.3496294553269585,-0.7071067811865477,-0.8233458048543819,0.7435274561850906,-0.1267359100228803,0.8356439804246741,-0.8961109514870452,-0.6528585502246412
0.13464613329781322,-1.947215100360887,-1.9772693289281573,-0.28899353666972527,0.19877069860933258,-1.3501339826403675,-1.4229094358934442,-0.41601894977624343,-1.1698307794038503,-0.7071067811865477,-0.8233458048543819,1.917518176477339,-0.42506339893760525,-2.241416515017801,-1.1762915512224423,-0.1284741725341665
-0.5243560763911497,1.3683074184567998,0.5936961498667644,0.19580456771564778,-0.4460362534011184,1.2979641853982387,1.7696053385968653,1.122892085154371,1.3056859441736786,0.303045763365663,0.574129394332688,0.7435274561850906,0.022427834434482194,1.3749226239558288,1.7936228059727661,0.9202945828467831
-0.22480961744162106,1.3683074184567998,0.3157539359429891,-0.3697932207339541,0.145036785941795,1.162164279344977,-0.16270623543674304,1.0202980161589965,1.6188537224575814,-0.7071067811865477,0.574129394332688,0.7435274561850906,0.21420979159394823,1.1845889850624798,0.44875592724286045,0.3959102051563083
-0.5243560763911497,1.2810568258563344,-0.031673831461730056,-0.8545913251193272,-0.2848345153985057,0.4831647490786675,0.42538859144305086,-1.1341774327438634,-0.9610522605479146,-0.7071067811865477,-0.8233458048543819,-0.4304632641071578,-0.2119723354270874,0.6770326146802162,-0.3357497520162512,-1.1772429279151162
0.6738297594069647,-0.9002079891553019,-1.1434426871568313,-0.3697932207339541,0.19877069860933258,-0.3316346872409036,-0.07869268873962962,-1.2367715017392378,0.0828403337317664,-0.7071067811865477,-0.8233458048543819,0.7435274561850906,0.0011187280834304124,-1.0042478622110327,-0.728002591645807,-0.6528585502246412
-0.5243560763911497,-2.2089668781622835,0.17678282898110143,-1.500988797633158,-1.6281823320869453,0.2794648899987747,-1.002841702407877,-0.621207087766992,-0.7671864930388311,-0.7071067811865477,-0.8233458048543819,-1.6044539843994063,-1.7675370990538675,-0.591858311275443,-1.008183191381204,-1.7016273056055908
0.4341925922473418,-0.5512056187534401,-1.2129282406377753,0.8422020402294785,1.542118515297772,-0.7390344054006892,-0.41474687552808326,-0.005642673794746285,0.9477799118492163,2.3233508524700843,1.971604593519758,-1.6044539843994063,0.8534829821255017,-1.099414681657707,-0.27971363206917177,1.9690633382277327
-0.3446282010214325,0.23404971465074895,0.5936961498667644,-1.1777900613762426,-0.9296414674089567,0.8226645142118222,0.5094021381401642,0.40473360218675086,0.008276576997503761,0.303045763365663,0.574129394332688,0.7435274561850906,-0.744699994203382,0.7404771609779998,0.5608281671370193,0.9202945828467831
0.7337390511968704,0.3213003072512144,-0.5180727058283369,-0.6929919569908695,0.8435776506197836,-0.8069343584273202,-0.58277396892231,1.4306742921404936,-0.677709984957715,-0.7071067811865477,1.971604593519758,1.917518176477339,0.49122817415762143,-0.49669149182876854,0.3927198072957811,1.9690633382277327
-0.9437211189204896,0.23404971465074895,-0.7265293662711684,1.084601092422165,0.6286419999496332,0.21156493697214382,-0.8348146090136503,0.7125158091728737,0.14249133911917677,0.303045763365663,-0.8233458048543819,-0.4304632641071578,0.2568280042960518,-0.147746487190963,-0.16764139217501298,-0.6528585502246412
1.5724691362555505,0.4958014924521453,-1.282413794118719,0.9230017242937074,0.789843737952246,-1.010634217507213,0.1733479513517106,-0.8263952257577405,-0.3496294553269585,1.3131983079178737,0.574129394332688,-1.6044539843994063,1.2370468964444339,-0.8773587696154671,-0.3357497520162512,0.3959102051563083
-0.7040839517608668,-2.296217470762749,1.6359794520809219,-0.8545913251193272,-1.3057788560817198,0.958464420265084,1.4335511518084116,1.943644637117365,0.3214443552814079,1.3131983079178737,0.574129394332688,1.917518176477339,-1.5544460355433498,0.3598098831913018,2.0177672857610838,1.9690633382277327
0.7936483429867761,-0.4639550261529746,-0.24013049190456154,0.19580456771564778,0.35997243661194533,-1.6217337947468913,-0.33073332883096984,0.6099217401774994,-0.02154892569620209,-0.7071067811865477,-0.8233458048543819,0.7435274561850906,0.36337353605131073,-1.0359701353599244,0.11253920756038405,-0.6528585502246412
1.452650552675739,0.4958014924521453,0.38523948942393293,0.5190033039725631,1.3271828646276218,-0.3316346872409036,0.42538859144305086,-0.005642673794746285,0.6942631389527225,1.3131983079178737,1.971604593519758,-0.4304632641071578,1.3009742154975892,0.2011985174468439,0.2806475674016223,1.9690633382277327
-0.5842653681810553,0.6703026776530762,0.9411239172714836,-0.3697932207339541,-0.1773666900634305,1.026364373291715,0.005320857957483786,-1.339365570734612,0.03810207969120829,0.303045763365663,0.574129394332688,-0.4304632641071578,-0.2119723354270874,1.1528667119135887,-0.728002591645807,0.3959102051563083
0.19455542508771895,0.23404971465074895,-0.7265293662711684,1.3270001446148516,-0.1773666900634305,0.1436649839455129,-0.8348146090136503,-1.6471477777207348,0.3214443552814079,0.303045763365663,-0.8233458048543819,1.917518176477339,0.40599174875341426,-0.17946876033985404,-1.4564721509578393,0.3959102051563083
-0.10499103386180964,1.8918109740595923,0.38523948942393293,0.599802988036792,0.03756896060671984,2.0448636686911787,1.265524058414185,1.122892085154371,1.3056859441736786,0.303045763365663,-0.8233458048543819,0.7435274561850906,0.5977737059128804,1.81903444804031,1.4574060862902898,-0.1284741725341665
-1.9022697875589811,-0.9874585817557673,-0.031673831461730056,-2.470585006403904,-0.8759075547414191,0.2794648899987747,0.9294698716257312,0.40473360218675086,0.2767061012408498,0.303045763365663,-0.8233458048543819,0.7435274561850906,-1.91670084351123,-0.24291330663763747,0.8410087668724163,-0.1284741725341665
-1.303176869659924,-0.37670443355250915,0.45472504290487675,-1.2585897454404713,-0.33856842806604326,0.34736484302540566,-0.58277396892231,-1.1341774327438634,-1.8259918386653644,0.303045763365663,0.574129394332688,0.7435274561850906,-1.0217183767670552,0.23292079059573492,-1.008183191381204,0.9202945828467831
0.9733762183564932,-1.4237115447580946,-0.865500473233056,0.35740393584410546,1.058513301289934,-1.010634217507213,-0.33073332883096984,-0.21083081178549484,-0.8715757524667983,-0.7071067811865477,-0.8233458048543819,-0.4304632641071578,0.5125372805086732,-1.3849151399977306,-0.3357497520162512,-1.1772429279151162
-0.8239025353406783,-0.20220324835157827,1.0106094707524274,-0.28899353666972527,-1.5744484194194077,0.5510647021052985,0.5094021381401642,0.096951395200628,0.724088641646427,1.3131983079178737,0.574129394332688,-2.7784447046916547,-1.043027483118107,0.6453103415313253,0.3927198072957811,-0.1284741725341665
0.5540111758271532,-0.4639550261529746,-1.2129282406377753,0.599802988036792,1.3809167772951594,-1.893333606853415,-1.7589636226818979,-0.005642673794746285,-0.5136697201423374,-0.7071067811865477,0.574129394332688,-0.4304632641071578,0.7895556630723464,-1.6069710520399711,-1.1762915512224423,-0.1284741725341665
-0.045081742071903914,-0.9874585817557673,-1.5603560080424943,1.0038014083579363,0.6286419999496332,-1.2822340296137367,-1.8429771693790111,-0.005642673794746285,-2.0944213629087103,0.303045763365663,-0.8233458048543819,1.917518176477339,0.2568280042960518,-1.670415598337754,-1.2323276711695217,0.3959102051563083
0.13464613329781322,0.4958014924521453,-0.44858715234739305,1.2462004605506227,0.9510454759548588,-0.12793482816101084,-0.24671978213385645,0.7125158091728737,0.6196993822184598,0.303045763365663,-0.8233458048543819,0.7435274561850906,0.8747920884765535,-0.08430194089317955,0.22461144745454287,-0.1284741725341665
-0.9437211189204896,0.7575532702535416,0.8716383637905397,-0.450592904798183,-0.5535040787361936,0.21156493697214382,0.08933440465459719,0.7125158091728737,0.7837396470338374,-0.7071067811865477,0.574129394332688,0.7435274561850906,-0.4889907179907606,0.7721994341268907,0.44875592724286045,0.3959102051563083
-1.7824512039791698,1.7173097888586615,-0.24013049190456154,-1.2585897454404713,-1.8431179827570956,1.0942643263183458,-0.9188281557107637,-0.9289892947531149,-1.1101797740164399,-2.727411870290969,0.574129394332688,0.7435274561850906,-1.2774276529796766,1.0259776193180232,-1.120255431275363,-0.6528585502246412
-0.22480961744162106,0.3213003072512144,-0.031673831461730056,-2.2281859542112175,-0.9296414674089567,0.1436649839455129,-0.4987604222251967,-1.1341774327438634,-0.7373609903451254,-1.7172593257387583,3.369079792706828,-0.4304632641071578,-0.9577910577138998,0.16947624429795283,-0.9521470714341247,1.4446789605372579
0.5540111758271532,-0.20220324835157827,-1.2129282406377753,-0.5313925888624118,0.30623852394440776,-0.5353345463207965,0.257361498048824,0.30213953319137654,0.4258336147093764,-0.7071067811865477,0.574129394332688,0.7435274561850906,0.12897336618974112,-0.8773587696154671,0.3366836873487017,0.3959102051563083
0.7337390511968704,-1.5982127299590254,-1.7688126684853258,-0.1273941685412676,0.8435776506197836,-2.0970334659333076,-1.7589636226818979,-1.5445537087253605,-1.0505287686290294,-0.7071067811865477,-0.8233458048543819,-0.4304632641071578,0.17159157889184468,-2.368305607613367,-2.0168333504286333,-1.1772429279151162
1.0931948019363047,1.2810568258563344,-0.6570438127902245,0.43820361990833434,0.9510454759548588,-0.19583478118764178,2.3577001654766594,1.0202980161589965,0.9626926631960685,1.3131983079178737,-0.8233458048543819,0.7435274561850906,1.1944286837423301,0.07430942485127835,2.1298395256552425,0.3959102051563083
-0.6441746599709611,0.05954852944981806,0.6631817033477082,-0.28899353666972527,-1.0908432054115693,-0.12793482816101084,-2.011004262773238,-0.9289892947531149,-1.8558173413590688,-0.7071067811865477,-0.8233458048543819,-1.6044539843994063,-0.7233908878523302,0.2646430637446273,-1.848724990587395,-1.7016273056055908
-0.5243560763911497,-0.28945384095204374,1.7749505590428096,-1.3393894295047002,-0.768439729406344,1.3658641384248695,1.6015782452026386,-1.2367715017392378,0.7688268956869851,0.303045763365663,1.971604593519758,-0.4304632641071578,-0.9151728450117962,1.3432003508069377,0.3927198072957811,1.4446789605372579
0.8535576347766818,0.8448038628540071,-0.24013049190456154,-0.1273941685412676,0.8973115632873212,0.6189646551319294,0.08933440465459719,0.9177039471636222,0.17231684181288265,1.3131983079178737,0.574129394332688,-1.6044539843994063,0.8321738757744499,0.4866989757868673,0.5608281671370193,0.3959102051563083
-1.1833582860801126,-0.4639550261529746,1.9139216660046972,-0.1273941685412676,-0.6072379914037311,0.5510647021052985,1.8536188852939788,1.7384564991266165,1.3504241982142353,1.3131983079178737,1.971604593519758,0.7435274561850906,-0.8086273132565374,0.9625330730202397,2.185875645602322,2.4934477159182076
1.452650552675739,-0.7257068039543709,-2.255211542851933,0.599802988036792,1.6495863406328473,-0.8069343584273202,-0.6667875156194235,0.6099217401774994,-0.05137442838990662,-0.7071067811865477,0.574129394332688,0.7435274561850906,1.1518104710402266,-1.670415598337754,-0.11160527222793358,0.3959102051563083
0.9733762183564932,-0.11495265575111283,-0.031673831461730056,0.27660425177987663,1.058513301289934,-0.39953464026753455,-1.4229094358934442,-0.5186130187716177,-0.5285824714891897,1.3131983079178737,0.574129394332688,1.917518176477339,0.8108647694233981,-0.24291330663763747,-1.2323276711695217,1.9690633382277327
-0.8838118271305839,-0.9874585817557673,1.2885516846762026,-0.20819385260549642,-0.9833753800764943,0.6868646081585603,1.1815105117170714,1.3280802231451194,-0.09611268243046474,-0.7071067811865477,0.574129394332688,-1.6044539843994063,-1.0004092704160035,0.5501435220846508,1.5134422062373691,-0.6528585502246412
-1.6027233286094524,0.23404971465074895,0.8716383637905397,-0.7737916410550983,-1.0371092927440317,0.34736484302540566,2.273686618779546,-1.031583363748489,-0.14085093647102284,-0.7071067811865477,1.971604593519758,-0.4304632641071578,-1.128263908522314,0.6453103415313253,0.9530810067665751,0.9202945828467831
-1.303176869659924,-1.4237115447580946,1.149580577714315,-0.7737916410550983,-1.1983110307466447,0.6189646551319294,0.8454563249286179,-0.3134248807808691,0.1872295931597349,-0.7071067811865477,-0.8233458048543819,-1.6044539843994063,-1.4905187164901943,0.29636533689351835,0.3927198072957811,-1.7016273056055908
-0.6441746599709611,-1.7727139151599562,0.8716383637905397,-0.3697932207339541,-1.3595127687492574,0.2794648899987747,0.1733479513517106,2.046238706112739,-0.4241932120612212,0.303045763365663,0.574129394332688,-0.4304632641071578,-1.2987367593307284,-0.1160242140420706,1.2332616065019721,0.3959102051563083
-0.16490032565171533,-0.9002079891553019,0.5936961498667644,-1.5817884816973868,-1.3595127687492574,-0.3316346872409036,1.8536188852939788,0.40473360218675086,-0.2154146932052855,-0.7071067811865477,-0.8233458048543819,0.7435274561850906,-1.234809440277573,-0.21119103348874507,1.4574060862902898,-0.6528585502246412
0.7936483429867761,-0.9002079891553019,-1.282413794118719,0.599802988036792,1.4883846026302345,-2.1649334189599387,-1.0868552491049905,-1.2367715017392378,-0.26015294724584226,0.303045763365663,-0.8233458048543819,-0.4304632641071578,0.8108647694233981,-1.9241937835288863,-1.40043603101076,-0.6528585502246412
-0.10499103386180964,-0.28945384095204374,0.45472504290487675,-0.8545913251193272,-0.016164952060817746,0.4831647490786675,-0.8348146090136503,-0.3134248807808691,0.6346121335653121,0.303045763365663,1.971604593519758,0.7435274561850906,-0.3398269735333981,0.3280876100424094,-0.728002591645807,1.9690633382277327
0.4341925922473418,0.9320544554544725,0.8716383637905397,-0.8545913251193272,-1.1983110307466447,0.4152647960520366,-0.58277396892231,-1.749741846716109,-1.3935220496066394,-0.7071067811865477,-0.8233458048543819,0.7435274561850906,-0.3185178671823463,0.9308107998713486,-1.3443999110636804,-0.6528585502246412
1.1531040937262105,0.05954852944981806,-0.7265293662711684,0.35740393584410546,0.789843737952246,-0.8069343584273202,-0.4987604222251967,0.096951395200628,-0.7522737416919776,0.303045763365663,0.574129394332688,0.7435274561850906,0.8321738757744499,-0.6870251307221181,-0.27971363206917177,0.9202945828467831
1.213013385516116,-0.5512056187534401,-1.9077837754472136,-0.450592904798183,1.4883846026302345,-0.6032344993474273,-1.2548823424992173,-1.1341774327438634,-0.9908777632416191,1.3131983079178737,-0.8233458048543819,-1.6044539843994063,0.7682465567212946,-1.3531928668488395,-1.4564721509578393,-0.6528585502246412
0.8535576347766818,0.9320544554544725,-0.37910159886644923,1.084601092422165,1.7033202533003848,-0.6711344523740583,-0.24671978213385645,0.40473360218675086,-0.26015294724584226,1.3131983079178737,-0.8233458048543819,-0.4304632641071578,1.4927561726570553,-0.147746487190963,0.056503087613304644,-0.1284741725341665
0.19455542508771895,0.4958014924521453,1.0800950242333711,0.19580456771564778,0.35997243661194533,1.162164279344977,1.3495376051112984,1.943644637117365,2.558357057309295,2.3233508524700843,0.574129394332688,3.0915088967695876,0.3846826424023625,1.2163112582113722,1.9617311658140044,3.0178320936086824
-0.8239025353406783,-0.37670443355250915,1.0106094707524274,-0.6121922729266407,-0.4460362534011184,-0.06003487513437991,0.677429231534391,-0.3134248807808691,0.26179334989399755,0.303045763365663,-0.8233458048543819,0.7435274561850906,-0.7233908878523302,0.29636533689351835,0.2806475674016223,-0.1284741725341665
-1.3630861614498297,-2.0344656929613527,0.5242105963858206,-1.985786902018531,-0.6609719040712687,-0.7390344054006892,0.677429231534391,-0.7238011567623662,-1.1698307794038503,0.303045763365663,0.574129394332688,0.7435274561850906,-1.7675370990538675,-0.8456364964665753,0.056503087613304644,0.9202945828467831
1.872015595205079,1.630059196258196,-1.0739571336758875,1.569399196807538,1.4883846026302345,-0.8069343584273202,-1.170868795802104,0.40473360218675086,0.12757858777232453,-0.7071067811865477,-0.8233458048543819,-1.6044539843994063,2.068102044135453,-0.2746355797865285,-0.5598942318045688,-1.7016273056055908
0.7936483429867761,-0.7257068039543709,-0.031673831461730056,-0.3697932207339541,1.0047793886223964,-0.4674345932941655,-0.07869268873962962,1.122892085154371,0.8583034037681013,0.303045763365663,0.574129394332688,1.917518176477339,0.40599174875341426,-0.49669149182876854,0.5608281671370193,1.4446789605372579
-1.303176869659924,-0.027702063150647382,0.38523948942393293,-0.935391009183556,-1.7356501574220204,1.026364373291715,-0.58277396892231,-1.339365570734612,-1.557562314422017,-1.7172593257387583,0.574129394332688,-0.4304632641071578,-1.4052822910859872,0.6453103415313253,-1.120255431275363,-0.6528585502246412
1.8121063034151732,-1.2492103595571635,-0.6570438127902245,0.27660425177987663,1.1122472139574715,-1.3501339826403675,-0.16270623543674304,0.815109878168248,-0.8417502497730939,0.303045763365663,0.574129394332688,-1.6044539843994063,0.8534829821255017,-1.3849151399977306,0.3366836873487017,-0.1284741725341665
1.213013385516116,1.3683074184567998,0.9411239172714836,2.2157966693213687,1.0047793886223964,0.958464420265084,0.5094021381401642,1.6358624301312423,2.3794040411470654,2.3233508524700843,-0.8233458048543819,-0.4304632641071578,1.7484654488696765,1.3749226239558288,1.2332616065019721,0.3959102051563083
1.1531040937262105,0.23404971465074895,-1.699327115004382,0.9230017242937074,1.165981126625009,-0.39953464026753455,-0.9188281557107637,-0.621207087766992,-0.3048912012864004,-0.7071067811865477,0.574129394332688,0.7435274561850906,1.1731195773912784,-0.8773587696154671,-0.9521470714341247,0.3959102051563083
-1.2432675778700182,-2.121716285561818,0.38523948942393293,-0.5313925888624118,-0.39230234073358083,0.007865077892251018,1.6015782452026386,-0.9289892947531149,-1.0803542713227354,-0.7071067811865477,0.574129394332688,-0.4304632641071578,-1.2561185466286247,-0.591858311275443,0.5608281671370193,-0.1284741725341665
-0.10499103386180964,-2.0344656929613527,-2.255211542851933,-0.04659448447703874,0.5211741746145581,-1.4859338886936295,-0.8348146090136503,-0.41601894977624343,-1.0505287686290294,-1.7172593257387583,0.574129394332688,0.7435274561850906,-0.3398269735333981,-2.4634724270600414,-0.7840387115928864,-0.1284741725341665
-0.8239025353406783,0.9320544554544725,0.802152810309596,-0.7737916410550983,-0.23110060273096808,0.5510647021052985,-1.7589636226818979,0.19954546419600228,-0.006636174349348502,-0.7071067811865477,0.574129394332688,-1.6044539843994063,-0.3611360798844499,0.9625330730202397,-1.0642193113282834,-0.6528585502246412
0.613920467617059,-0.20220324835157827,-1.3518993475996628,1.4885995127433094,1.434650689962697,-0.6711344523740583,-1.002841702407877,1.4306742921404936,0.4258336147093764,0.303045763365663,-0.8233458048543819,-0.4304632641071578,1.1305013646891748,-1.0042478622110327,0.11253920756038405,-0.6528585502246412
1.872015595205079,0.7575532702535416,-1.8382982219662696,1.084601092422165,1.971989816638073,-0.8748343114539511,0.257361498048824,0.9177039471636222,0.7986523983806909,1.3131983079178737,0.574129394332688,0.7435274561850906,1.9189382996780908,-0.9725255890621416,0.6729004070311781,1.4446789605372579
0.49410188403724753,-1.6854633225594908,-1.0739571336758875,-0.1273941685412676,-0.06989886472835533,-1.010634217507213,0.5934156848372777,-1.339365570734612,-1.0356160172821771,-0.7071067811865477,-0.8233458048543819,0.7435274561850906,-0.29720876083129455,-1.5752487788910794,-0.3357497520162512,-0.6528585502246412
-1.063539702500301,-0.6384562113539055,1.0106094707524274,-1.3393894295047002,-0.9833753800764943,0.4152647960520366,0.34137504474593744,1.4306742921404936,-0.6329717309171569,-0.7071067811865477,-0.8233458048543819,-1.6044539843994063,-1.2774276529796766,0.42325442948908387,1.0091171267136545,-1.7016273056055908
1.8121063034151732,-0.5512056187534401,-0.30961604538550536,1.4885995127433094,1.7033202533003848,-0.6032344993474273,-0.8348146090136503,1.8410505681219909,0.05301483103806188,0.303045763365663,-0.8233458048543819,-1.6044539843994063,1.5779925980612624,-0.6235805844243354,0.44875592724286045,-1.1772429279151162
-1.063539702500301,-2.906971618966007,0.38523948942393293,-1.6625881657616155,-1.0908432054115693,0.1436649839455129,0.257361498048824,-0.5186130187716177,-0.6329717309171569,-0.7071067811865477,-0.8233458048543819,0.7435274561850906,-1.9593190562133336,-0.8139142233176837,-0.11160527222793358,-0.6528585502246412
-2.0220883711387927,-1.0747091743562327,0.10729727550015761,-1.1777900613762426,-1.3057788560817198,0.4152647960520366,0.677429231534391,0.096951395200628,-0.8566630011199461,-0.7071067811865477,-0.8233458048543819,-0.4304632641071578,-1.810155311755971,-0.147746487190963,0.5047920471899399,-1.1772429279151162
-0.46444678460124394,-0.5512056187534401,0.037811722019213775,-0.20819385260549642,-0.9833753800764943,0.6868646081585603,0.005320857957483786,0.096951395200628,0.05301483103806188,0.303045763365663,-0.8233458048543819,-1.6044539843994063,-0.744699994203382,0.13775397114906043,0.056503087613304644,-1.1772429279151162
-0.3446282010214325,-0.9002079891553019,-0.865500473233056,-0.20819385260549642,0.4674402619470205,-2.23283337198657,-2.5150855429559185,-1.5445537087253605,-2.4075891411926147,-1.7172593257387583,-0.8233458048543819,1.917518176477339,-0.2119723354270874,-1.7655824177844284,-2.521158429952348,-0.6528585502246412
0.4341925922473418,0.1467991220502835,-1.4213849010806066,0.35740393584410546,1.1122472139574715,-1.4859338886936295,-1.9269907160761246,-0.621207087766992,-0.5733207255297464,-1.7172593257387583,-0.8233458048543819,0.7435274561850906,0.725628344019191,-1.289748320551056,-1.6245805107990776,-1.1772429279151162
1.5724691362555505,0.3213003072512144,-0.7960149197521121,1.4885995127433094,1.3271828646276218,-0.12793482816101084,-0.16270623543674304,-0.7238011567623662,0.9925181658897744,1.3131983079178737,-0.8233458048543819,-0.4304632641071578,1.5566834917102106,-0.30635785293541956,-0.5038581118574894,-0.1284741725341665
-0.10499103386180964,0.8448038628540071,0.8716383637905397,-0.7737916410550983,-0.768439729406344,1.5695639975047624,-0.24671978213385645,-0.41601894977624343,-0.05137442838990662,-0.7071067811865477,-0.8233458048543819,0.7435274561850906,-0.3398269735333981,1.438367170253612,-0.3917858719633306,-0.6528585502246412
1.6922877198353619,-0.11495265575111283,-0.30961604538550536,1.8117982490002247,1.3271828646276218,-0.2637347342142727,-0.7508010623165369,1.225486154149745,1.20129668474571,0.303045763365663,1.971604593519758,-1.6044539843994063,1.5779925980612624,-0.30635785293541956,0.16857532750746346,0.9202945828467831
0.3143740086675304,1.5428086036577306,1.4970083451190341,-1.3393894295047002,-0.7147058167388063,0.6189646551319294,-0.16270623543674304,-1.031583363748489,-0.111025433777317,0.303045763365663,1.971604593519758,0.7435274561850906,-0.14804501637393205,1.5335339897002866,-0.6719664716987276,1.9690633382277327
-0.28471890923152676,-0.5512056187534401,0.6631817033477082,-0.7737916410550983,-0.8759075547414191,0.007865077892251018,0.677429231534391,1.225486154149745,0.500397371443639,-0.7071067811865477,-0.8233458048543819,-0.4304632641071578,-0.7873182069054855,0.1060316980001694,1.1211893666078134,-1.1772429279151162
1.452650552675739,-0.027702063150647382,-1.2129282406377753,0.7614023561652496,1.7033202533003848,-1.9612335598800459,-1.0868552491049905,-0.7238011567623662,-0.02154892569620209,0.303045763365663,-0.8233458048543819,-1.6044539843994063,1.3862106409017962,-1.480081959444405,-1.120255431275363,-1.1772429279151162
0.4341925922473418,0.40855089985167986,-0.5875582593092807,1.7309985649359958,0.145036785941795,0.7547645611851913,-0.07869268873962962,-1.1341774327438634,0.7986523983806909,-0.7071067811865477,-0.8233458048543819,1.917518176477339,0.7682465567212946,0.23292079059573492,-0.6719664716987276,-0.1284741725341665
0.5540111758271532,0.8448038628540071,-1.282413794118719,0.19580456771564778,-0.33856842806604326,-0.6032344993474273,-0.4987604222251967,0.096951395200628,0.36618260932196606,0.303045763365663,0.574129394332688,0.7435274561850906,0.32075532334920714,-0.560136038126552,-0.27971363206917177,0.9202945828467831
0.49410188403724753,1.019305048054938,0.5936961498667644,-0.28899353666972527,0.35997243661194533,0.8226645142118222,-0.33073332883096984,-0.8263952257577405,-0.23032744455213774,0.303045763365663,-0.8233458048543819,-0.4304632641071578,0.49122817415762143,1.0259776193180232,-0.6719664716987276,-0.6528585502246412
1.872015595205079,0.6703026776530762,0.802152810309596,2.2965963533855978,1.1122472139574715,0.8905644672384532,0.42538859144305086,2.4566149820942367,2.5136188032687383,2.3233508524700843,-0.8233458048543819,-0.4304632641071578,1.8763200869759873,1.0259776193180232,1.625514446131528,0.3959102051563083
1.2729226773060218,0.7575532702535416,-0.5180727058283369,0.5190033039725631,0.789843737952246,-0.8069343584273202,-0.41474687552808326,1.225486154149745,0.15740409046602905,0.303045763365663,3.369079792706828,0.7435274561850906,1.0878831519870713,-0.3380801260843119,0.3927198072957811,3.0178320936086824
-1.6626326203993582,-1.0747091743562327,0.802152810309596,0.19580456771564778,-0.7147058167388063,0.4152647960520366,1.7696053385968653,1.0202980161589965,0.008276576997503761,0.303045763365663,0.574129394332688,-0.4304632641071578,-1.0856456958202105,0.16947624429795283,1.7375866860256868,0.3959102051563083
-0.4045374928113382,-0.5512056187534401,-2.0467548824091013,0.27660425177987663,-0.5535040787361936,-0.8069343584273202,-1.002841702407877,-2.160118122697606,-1.9005555953996272,-0.7071067811865477,-0.8233458048543819,-0.4304632641071578,-0.42506339893760525,-1.5118042325932968,-1.848724990587395,-1.1772429279151162
0.19455542508771895,1.5428086036577306,0.38523948942393293,-1.3393894295047002,-0.768439729406344,0.34736484302540566,-0.6667875156194235,-0.9289892947531149,0.7837396470338374,-0.7071067811865477,0.574129394332688,0.7435274561850906,-0.2119723354270874,0.8990885267224563,-0.9521470714341247,0.3959102051563083
0.5540111758271532,1.630059196258196,1.3580372381571466,-0.1273941685412676,-0.39230234073358083,1.2300642323716078,0.8454563249286179,-1.8523359157114834,0.7837396470338374,-0.7071067811865477,1.971604593519758,0.7435274561850906,0.40599174875341426,1.787312174891419,-0.44782199191041,1.4446789605372579
-0.16490032565171533,-0.027702063150647382,0.802152810309596,-0.28899353666972527,-1.3057788560817198,0.2794648899987747,-0.41474687552808326,1.122892085154371,0.11266583642547226,-0.7071067811865477,-0.8233458048543819,-0.4304632641071578,-0.6594635687991749,0.4866989757868673,0.3366836873487017,-1.1772429279151162
-1.722541912189264,0.1467991220502835,-0.7265293662711684,-1.0969903773120138,-1.3057788560817198,0.4152647960520366,-0.16270623543674304,-1.4419596397299863,-1.3636965469129336,-0.7071067811865477,-0.8233458048543819,0.7435274561850906,-1.3839731847349355,-0.08430194089317955,-0.8961109514870452,-0.6528585502246412
-0.8239025353406783,-0.20220324835157827,0.5936961498667644,0.43820361990833434,-1.2520449434141823,1.2300642323716078,-1.0868552491049905,-0.41601894977624343,-1.1400052767101456,0.303045763365663,-0.8233458048543819,-0.4304632641071578,-0.7233908878523302,0.7721994341268907,-0.9521470714341247,-0.6528585502246412
-0.4045374928113382,1.1065556406554033,-0.10115938494267389,-0.28899353666972527,-1.6819162447544829,0.07576503091888195,-0.6667875156194235,-1.6471477777207348,-1.1400052767101456,-0.7071067811865477,0.574129394332688,0.7435274561850906,-0.6168453560970713,0.39153215634019284,-1.3443999110636804,0.3959102051563083
-1.1234489942902068,-1.4237115447580946,0.45472504290487675,-1.7433878498258444,-0.6609719040712687,0.34736484302540566,1.5175646985055251,0.096951395200628,-0.6329717309171569,-0.7071067811865477,-0.8233458048543819,0.7435274561850906,-1.4692096101391425,-0.147746487190963,1.0651532466607339,-0.6528585502246412
1.3927412608858332,0.3213003072512144,-0.031673831461730056,1.1654007764863938,0.6823759126171709,0.5510647021052985,0.1733479513517106,1.0202980161589965,1.410075203601647,1.3131983079178737,-0.8233458048543819,0.7435274561850906,1.1518104710402266,0.3598098831913018,0.6729004070311781,0.3959102051563083
1.8121063034151732,-0.027702063150647382,-1.4213849010806066,1.4885995127433094,1.8645219913029978,-1.893333606853415,-0.6667875156194235,0.19954546419600228,1.410075203601647,2.3233508524700843,0.574129394332688,-0.4304632641071578,1.7697745552207285,-1.5435265057421885,-0.3357497520162512,1.4446789605372579
0.4341925922473418,-0.7257068039543709,-2.116240435890045,-0.935391009183556,0.30623852394440776,-2.5044331840930933,-0.7508010623165369,-1.9549299847068577,-1.9303810980933316,-0.7071067811865477,-0.8233458048543819,-0.4304632641071578,-0.14804501637393205,-2.400027880762259,-1.568544390851998,-1.1772429279151162
1.033285510146399,0.05954852944981806,0.45472504290487675,0.599802988036792,0.789843737952246,-0.6032344993474273,-0.33073332883096984,0.40473360218675086,0.26179334989399755,-0.7071067811865477,0.574129394332688,0.7435274561850906,0.8534829821255017,-0.052579667744288516,0.000466967666225237,0.3959102051563083
1.5724691362555505,-1.6854633225594908,-1.7688126684853258,0.8422020402294785,1.3271828646276218,-2.029133512906677,-0.58277396892231,-0.10823674279012056,-0.3048912012864004,0.303045763365663,-0.8233458048543819,0.7435274561850906,0.8961011948276053,-2.368305607613367,-0.44782199191041,-0.1284741725341665
-1.0036304107103953,-0.37670443355250915,0.6631817033477082,-1.2585897454404713,-0.23110060273096808,0.958464420265084,1.6015782452026386,2.354020913098862,0.9030416578086581,0.303045763365663,0.574129394332688,-0.4304632641071578,-0.8725546323096927,0.6135880683824328,2.3539840054435603,0.3959102051563083
-0.5842653681810553,-0.11495265575111283,-0.24013049190456154,-1.0161906932477849,-1.0371092927440317,0.4831647490786675,0.7614427782315044,-1.5445537087253605,-2.019857606174448,-0.7071067811865477,-0.8233458048543819,0.7435274561850906,-0.9151728450117962,0.07430942485127835,-0.3357497520162512,-0.6528585502246412
-1.1234489942902068,0.9320544554544725,0.38523948942393293,-2.0665865860827597,-0.8221736420738815,1.2300642323716078,-0.41474687552808326,-2.057524053702232,0.3214443552814079,-0.7071067811865477,0.574129394332688,0.7435274561850906,-1.043027483118107,1.0894221656158052,-1.40043603101076,0.3959102051563083
-2.2018162465085096,-0.9002079891553019,1.0800950242333711,-2.2281859542112175,-0.2848345153985057,0.07576503091888195,1.6015782452026386,0.7125158091728737,0.06792758238491414,-0.7071067811865477,-0.8233458048543819,-2.7784447046916547,-1.7036097800007122,0.2011985174468439,1.4574060862902898,-2.2260116832960657
1.452650552675739,-0.5512056187534401,0.10729727550015761,0.19580456771564778,0.03756896060671984,-0.3316346872409036,0.257361498048824,0.6099217401774994,1.1863839333988577,0.303045763365663,-0.8233458048543819,-0.4304632641071578,0.44860996145551785,-0.30635785293541956,0.5047920471899399,-0.6528585502246412
0.9733762183564932,-0.20220324835157827,-1.4908704545615505,0.27660425177987663,1.971989816638073,-0.8069343584273202,-1.3388958891963307,0.30213953319137654,-0.17067643916472738,1.3131983079178737,0.574129394332688,0.7435274561850906,1.1518104710402266,-1.1311369548065988,-0.728002591645807,1.4446789605372579
-1.303176869659924,0.4958014924521453,1.4275227916380904,-0.04659448447703874,-0.9296414674089567,0.6189646551319294,-0.33073332883096984,-0.10823674279012056,0.6644376362590166,-0.7071067811865477,0.574129394332688,0.7435274561850906,-0.7233908878523302,1.1211444387646976,-0.27971363206917177,0.3959102051563083
-1.7824512039791698,-1.6854633225594908,1.3580372381571466,-0.6929919569908695,-0.9833753800764943,0.007865077892251018,1.4335511518084116,-0.10823674279012056,-1.199656282097556,-0.7071067811865477,-0.8233458048543819,0.7435274561850906,-1.618373354596505,0.010864878553494921,0.8970448868194957,-0.6528585502246412
-0.28471890923152676,0.23404971465074895,1.149580577714315,-0.6929919569908695,-0.7147058167388063,0.7547645611851913,2.105659525385319,1.122892085154371,0.932867160502364,0.303045763365663,0.574129394332688,-0.4304632641071578,-0.5102998243418123,0.9625330730202397,2.0177672857610838,0.3959102051563083
1.3328319690959276,-0.20220324835157827,-0.7960149197521121,0.27660425177987663,0.8435776506197836,-0.8069343584273202,-2.3470584495616915,-1.031583363748489,-1.4979113090346066,-0.7071067811865477,0.574129394332688,-0.4304632641071578,0.8321738757744499,-0.8139142233176837,-2.128905590322792,-0.1284741725341665
1.1531040937262105,-0.027702063150647382,-0.30961604538550536,1.1654007764863938,0.789843737952246,-1.0785341705338438,-1.2548823424992173,-0.10823674279012056,-0.14085093647102284,0.303045763365663,-0.8233458048543819,-0.4304632641071578,1.023955832933916,-0.6553028575732264,-0.8961109514870452,-0.6528585502246412
0.7337390511968704,1.3683074184567998,0.10729727550015761,0.6806026721010209,0.4137063492794829,1.7053639035580244,0.005320857957483786,0.5073276711821251,1.3802497009079397,1.3131983079178737,-0.8233458048543819,1.917518176477339,0.9387194075297088,1.3432003508069377,0.2806475674016223,0.9202945828467831
0.9134669265665876,0.40855089985167986,-1.3518993475996628,1.7309985649359958,1.3809167772951594,-0.4674345932941655,-0.58277396892231,0.5073276711821251,-0.6031462282234523,0.303045763365663,0.574129394332688,-1.6044539843994063,1.4288288536038998,-0.6870251307221181,-0.11160527222793358,-0.1284741725341665
1.5724691362555505,-0.28945384095204374,-1.2129282406377753,0.599802988036792,1.3809167772951594,-1.2822340296137367,-0.16270623543674304,-0.005642673794746285,0.8433906524212478,1.3131983079178737,-0.8233458048543819,-1.6044539843994063,1.1944286837423301,-1.258026047402165,-0.11160527222793358,-0.6528585502246412
0.49410188403724753,0.5830520850526107,0.24626838246204527,0.27660425177987663,-0.6609719040712687,0.34736484302540566,-0.4987604222251967,-0.3134248807808691,-0.111025433777317,-0.7071067811865477,1.971604593519758,1.917518176477339,0.12897336618974112,0.4866989757868673,-0.5038581118574894,1.9690633382277327
-1.2432675778700182,0.05954852944981806,0.037811722019213775,-1.420189113568929,-1.5744484194194077,1.6374639505313933,0.677429231534391,-1.6471477777207348,0.30653160393455564,-1.7172593257387583,-0.8233458048543819,-0.4304632641071578,-1.426591397437039,0.8039217072757818,-0.44782199191041,-1.7016273056055908
0.5540111758271532,-1.0747091743562327,-0.17064493842361772,-0.1273941685412676,0.30623852394440776,-1.893333606853415,-0.58277396892231,-1.2367715017392378,-2.4075891411926147,-0.7071067811865477,-0.8233458048543819,-0.4304632641071578,0.022427834434482194,-1.3531928668488395,-1.0642193113282834,-1.1772429279151162
0.7337390511968704,0.23404971465074895,-0.5875582593092807,1.084601092422165,0.8973115632873212,-1.4859338886936295,-0.8348146090136503,-0.7238011567623662,-1.4829985576877545,-0.7071067811865477,-0.8233458048543819,-0.4304632641071578,0.9600285138807606,-0.8773587696154671,-0.9521470714341247,-1.1772429279151162
0.8535576347766818,0.6703026776530762,-0.37910159886644923,1.8925979330644536,1.058513301289934,0.4152647960520366,-0.6667875156194235,0.5073276711821251,0.2916188525877021,0.303045763365663,-0.8233458048543819,-1.6044539843994063,1.3862106409017962,0.2646430637446273,-0.16764139217501298,-1.1772429279151162
1.452650552675739,1.1065556406554033,-1.1434426871568313,-0.6121922729266407,0.5749080872820956,-1.146434123560475,-0.8348146090136503,-0.3134248807808691,-0.28997844993954813,0.303045763365663,0.574129394332688,-1.6044539843994063,0.8534829821255017,-0.6553028575732264,-0.728002591645807,-0.1284741725341665
1.872015595205079,-0.4639550261529746,-0.5875582593092807,0.6806026721010209,1.3271828646276218,-0.9427342644805821,-1.002841702407877,0.815109878168248,-0.9461395092010609,-0.7071067811865477,0.574129394332688,-0.4304632641071578,1.2583560027954857,-0.8773587696154671,-0.2236775121220924,-0.1284741725341665
-1.3630861614498297,-1.5982127299590254,0.45472504290487675,-2.147386270146989,-1.0371092927440317,0.007865077892251018,1.265524058414185,0.30213953319137654,-1.0505287686290294,-0.7071067811865477,0.574129394332688,0.7435274561850906,-1.8527735244580747,-0.369802399233203,1.0091171267136545,0.3959102051563083
-0.5842653681810553,-0.9874585817557673,1.0106094707524274,0.43820361990833434,-0.2848345153985057,0.7547645611851913,0.8454563249286179,1.3280802231451194,1.0819946739708892,0.303045763365663,0.574129394332688,-1.6044539843994063,-0.446372505288657,0.4549767026379763,1.2892977264490515,-0.1284741725341665
-1.0036304107103953,-2.121716285561818,-0.17064493842361772,-1.500988797633158,-0.768439729406344,0.5510647021052985,-0.16270623543674304,0.40473360218675086,0.24688059854714528,-0.7071067811865477,-0.8233458048543819,0.7435274561850906,-1.5757551418944016,-0.591858311275443,0.11253920756038405,-0.6528585502246412
0.4341925922473418,1.019305048054938,0.8716383637905397,1.4885995127433094,0.4674402619470205,0.21156493697214382,-0.4987604222251967,0.9177039471636222,-0.37945495802066304,1.3131983079178737,0.574129394332688,-0.4304632641071578,0.9813376202318124,0.8673662535735652,0.16857532750746346,0.9202945828467831
0.8535576347766818,2.1535627518609886,0.17678282898110143,1.7309985649359958,1.9182559039705354,-0.6711344523740583,0.5094021381401642,1.0202980161589965,0.4407463660562287,2.3233508524700843,-0.8233458048543819,-0.4304632641071578,2.0467929377844016,0.5501435220846508,0.8970448868194957,0.3959102051563083
0.3143740086675304,-0.5512056187534401,-0.865500473233056,-0.8545913251193272,0.19877069860933258,-1.146434123560475,-2.0950178094703515,0.096951395200628,-0.5434952228360419,-1.7172593257387583,0.574129394332688,-0.4304632641071578,-0.16935412272498385,-1.1311369548065988,-1.3443999110636804,-0.6528585502246412
-0.28471890923152676,1.019305048054938,0.6631817033477082,0.5190033039725631,-0.39230234073358083,0.6868646081585603,0.42538859144305086,-0.21083081178549484,0.6644376362590166,0.303045763365663,-0.8233458048543819,-0.4304632641071578,0.12897336618974112,0.9942553461691307,0.16857532750746346,-0.6528585502246412
1.0931948019363047,1.019305048054938,-0.6570438127902245,-0.04659448447703874,0.19877069860933258,0.5510647021052985,-0.24671978213385645,-0.7238011567623662,1.3653369495610876,1.3131983079178737,0.574129394332688,0.7435274561850906,0.7043192376681392,0.3280876100424094,-0.5598942318045688,1.4446789605372579
-0.5243560763911497,0.7575532702535416,1.149580577714315,-1.2585897454404713,-1.5207145067518701,1.2979641853982387,0.7614427782315044,-0.005642673794746285,0.9179544091555117,0.303045763365663,-0.8233458048543819,-0.4304632641071578,-0.9364819513628481,1.406644897104721,0.5047920471899399,-0.6528585502246412
0.13464613329781322,0.1467991220502835,1.9139216660046972,-0.20819385260549642,-0.1773666900634305,0.2794648899987747,1.265524058414185,-0.9289892947531149,0.30653160393455564,0.303045763365663,0.574129394332688,-0.4304632641071578,-0.04149948461867315,1.057699892466914,0.3366836873487017,0.3959102051563083
0.9134669265665876,-0.37670443355250915,-0.5875582593092807,0.7614023561652496,1.0047793886223964,-1.010634217507213,0.34137504474593744,0.7125158091728737,0.14249133911917677,0.303045763365663,1.971604593519758,-1.6044539843994063,0.8321738757744499,-0.8773587696154671,0.6168642870840987,0.9202945828467831
-0.5842653681810553,1.1938062332558688,-0.7265293662711684,-0.935391009183556,-0.23110060273096808,0.4831647490786675,-0.24671978213385645,-1.5445537087253605,-0.5136697201423374,0.303045763365663,0.574129394332688,-0.4304632641071578,-0.25459054812919096,0.3280876100424094,-1.008183191381204,0.3959102051563083
-0.4045374928113382,0.1467991220502835,0.5936961498667644,-1.420189113568929,-1.3595127687492574,1.5695639975047624,0.1733479513517106,-0.005642673794746285,0.39600811201567054,-0.7071067811865477,0.574129394332688,0.7435274561850906,-1.0217183767670552,1.057699892466914,0.11253920756038405,0.3959102051563083
-0.7040839517608668,-0.9002079891553019,1.2190661311952589,-2.7937837426608194,-1.1983110307466447,0.7547645611851913,0.5934156848372777,1.6358624301312423,-1.1847435307507026,-0.7071067811865477,0.574129394332688,-0.4304632641071578,-1.6823006736496604,0.5818657952335418,1.2892977264490515,-0.1284741725341665
0.9134669265665876,-0.28945384095204374,-1.1434426871568313,1.569399196807538,0.6823759126171709,-0.6711344523740583,-0.7508010623165369,-0.3134248807808691,-1.020703265935325,-0.7071067811865477,-0.8233458048543819,-0.4304632641071578,0.9387194075297088,-0.9408033159132498,-0.6719664716987276,-1.1772429279151162
1.2729226773060218,1.5428086036577306,-0.5180727058283369,0.6806026721010209,1.971989816638073,-0.39953464026753455,0.257361498048824,0.6099217401774994,0.8732161551149537,1.3131983079178737,0.574129394332688,-1.6044539843994063,1.7910836615717802,0.13775397114906043,0.5047920471899399,0.3959102051563083
0.13464613329781322,0.1467991220502835,-0.7960149197521121,0.6806026721010209,0.09130287327425743,0.4831647490786675,-0.07869268873962962,-0.8263952257577405,-0.08119993108361247,-0.7071067811865477,-0.8233458048543819,1.917518176477339,0.2994462169981554,-0.08430194089317955,-0.5038581118574894,-0.1284741725341665
-1.3630861614498297,-1.4237115447580946,0.3157539359429891,-1.420189113568929,-1.5744484194194077,-0.19583478118764178,0.08933440465459719,-0.5186130187716177,-1.154918028056998,-1.7172593257387583,-0.8233458048543819,-0.4304632641071578,-1.831464418107023,-0.46496921867987745,-0.2236775121220924,-1.7016273056055908
0.07473684150790752,2.240813344461454,1.149580577714315,1.0038014083579363,-0.016164952060817746,0.07576503091888195,1.0134834183228447,0.19954546419600228,0.7390013929932806,1.3131983079178737,-0.8233458048543819,0.7435274561850906,0.8321738757744499,1.3749226239558288,0.7849726469253369,0.3959102051563083
-0.4045374928113382,0.8448038628540071,0.9411239172714836,-0.20819385260549642,-0.39230234073358083,2.0448636686911787,0.9294698716257312,-0.41601894977624343,0.35126985797511245,0.303045763365663,-0.8233458048543819,-0.4304632641071578,-0.14804501637393205,1.6921453554447445,0.3927198072957811,-0.6528585502246412
-0.9437211189204896,-2.0344656929613527,0.38523948942393293,-1.420189113568929,-1.5207145067518701,-0.8748343114539511,0.7614427782315044,-0.21083081178549484,-1.0505287686290294,0.303045763365663,-0.8233458048543819,-0.4304632641071578,-1.810155311755971,-0.9725255890621416,0.3927198072957811,-0.6528585502246412
-0.22480961744162106,-0.6384562113539055,1.7749505590428096,1.4885995127433094,-0.5535040787361936,0.958464420265084,1.3495376051112984,1.533268361135868,1.5592027170701723,1.3131983079178737,-0.8233458048543819,-0.4304632641071578,-0.06280859096972494,1.0259776193180232,1.7375866860256868,-0.1284741725341665
-0.5842653681810553,0.1467991220502835,0.5936961498667644,0.0342051995871901,0.30623852394440776,-0.06003487513437991,0.5094021381401642,0.40473360218675086,-0.08119993108361247,0.303045763365663,0.574129394332688,-1.6044539843994063,-0.04149948461867315,0.29636533689351835,0.5608281671370193,-0.1284741725341665
1.5724691362555505,0.23404971465074895,-1.4213849010806066,1.2462004605506227,1.2734489519600842,-1.146434123560475,-0.7508010623165369,-0.21083081178549484,1.5890282197638768,1.3131983079178737,0.574129394332688,-0.4304632641071578,1.4501379599549515,-1.099414681657707,-0.6159303517516482,0.9202945828467831
0.7337390511968704,0.05954852944981806,-1.3518993475996628,0.11500488365141895,1.434650689962697,-0.4674345932941655,-0.33073332883096984,-0.7238011567623662,0.5302228741373436,0.303045763365663,0.574129394332688,-1.6044539843994063,0.8747920884765535,-0.8139142233176837,-0.6159303517516482,-0.1284741725341665
-1.1234489942902068,-2.0344656929613527,1.4970083451190341,-0.3697932207339541,-0.768439729406344,1.026364373291715,0.5934156848372777,1.943644637117365,0.11266583642547226,-0.7071067811865477,1.971604593519758,-0.4304632641071578,-1.2987367593307284,0.42325442948908387,1.4574060862902898,0.9202945828467831
-0.46444678460124394,-0.20220324835157827,0.802152810309596,-0.6121922729266407,-1.4669805940843326,1.909063762637917,0.257361498048824,-0.8263952257577405,0.4258336147093764,-0.7071067811865477,-0.8233458048543819,1.917518176477339,-0.9577910577138998,1.1845889850624798,-0.27971363206917177,-0.1284741725341665
-0.7639932435507725,0.05954852944981806,0.45472504290487675,-0.450592904798183,-1.1445771180791071,-0.19583478118764178,1.0974969650199582,1.943644637117365,1.0670819226240371,-0.7071067811865477,0.574129394332688,0.7435274561850906,-0.8299364196075891,0.13775397114906043,1.7936228059727661,0.3959102051563083
0.9733762183564932,0.9320544554544725,-1.0739571336758875,1.0038014083579363,1.971989816638073,-1.2822340296137367,-0.58277396892231,0.096951395200628,0.6793503876058702,2.3233508524700843,0.574129394332688,-0.4304632641071578,1.6206108107633659,-0.7504696770199009,-0.3357497520162512,1.4446789605372579
0.9134669265665876,0.9320544554544725,-0.6570438127902245,0.43820361990833434,-0.06989886472835533,-0.6032344993474273,-0.4987604222251967,-0.21083081178549484,-0.111025433777317,-0.7071067811865477,1.971604593519758,-0.4304632641071578,0.6403919186149839,-0.24291330663763747,-0.44782199191041,0.9202945828467831
0.3742833004574361,0.1467991220502835,0.38523948942393293,0.43820361990833434,0.03756896060671984,-0.3316346872409036,-0.33073332883096984,1.122892085154371,0.1872295931597349,0.303045763365663,0.574129394332688,0.7435274561850906,0.2994462169981554,0.07430942485127835,0.3927198072957811,0.9202945828467831
0.7936483429867761,1.2810568258563344,0.5936961498667644,0.27660425177987663,0.5211741746145581,0.5510647021052985,-1.3388958891963307,0.40473360218675086,0.47057186874993323,0.303045763365663,0.574129394332688,-0.4304632641071578,0.8747920884765535,0.9942553461691307,-0.6719664716987276,0.3959102051563083
-0.4045374928113382,0.1467991220502835,-0.10115938494267389,-1.985786902018531,-1.3595127687492574,1.162164279344977,-1.590936529287671,-0.9289892947531149,-1.378609298259786,-0.7071067811865477,1.971604593519758,0.7435274561850906,-1.1708821212244176,0.5501435220846508,-1.568544390851998,1.4446789605372579
0.3742833004574361,-1.1619597669566981,-0.24013049190456154,0.0342051995871901,0.789843737952246,-0.39953464026753455,0.005320857957483786,-0.9289892947531149,0.6793503876058702,0.303045763365663,-0.8233458048543819,0.7435274561850906,0.17159157889184468,-0.7187474038710092,-0.5038581118574894,-0.1284741725341665
0.5540111758271532,-0.9002079891553019,-1.5603560080424943,0.599802988036792,1.2197150392925467,-1.6896337477735222,-1.170868795802104,-0.8263952257577405,-0.3048912012864004,0.303045763365663,-0.8233458048543819,0.7435274561850906,0.6190828122639321,-1.8290269640822119,-1.2323276711695217,-0.1284741725341665
0.613920467617059,-0.5512056187534401,-1.9077837754472136,-0.28899353666972527,0.2525046112768702,-0.8748343114539511,-1.3388958891963307,-0.3134248807808691,-0.7671864930388311,0.303045763365663,-0.8233458048543819,-0.4304632641071578,0.10766425983868932,-1.480081959444405,-1.0642193113282834,-0.6528585502246412
-0.16490032565171533,-0.7257068039543709,-1.0739571336758875,0.19580456771564778,0.35997243661194533,-1.146434123560475,0.257361498048824,-1.339365570734612,-0.6627972336108626,-0.7071067811865477,0.574129394332688,1.917518176477339,-0.04149948461867315,-1.289748320551056,-0.5598942318045688,0.9202945828467831
-1.0036304107103953,1.3683074184567998,-1.0044715801949438,-0.6929919569908695,-0.33856842806604326,0.34736484302540566,-0.9188281557107637,-0.8263952257577405,-1.1400052767101456,-0.7071067811865477,1.971604593519758,-0.4304632641071578,-0.3398269735333981,0.2011985174468439,-1.0642193113282834,0.9202945828467831
0.6738297594069647,0.05954852944981806,-1.4213849010806066,0.9230017242937074,1.0047793886223964,-0.4674345932941655,-1.2548823424992173,-1.031583363748489,-1.632126071156281,0.303045763365663,-0.8233458048543819,-0.4304632641071578,0.8961011948276053,-0.8456364964665753,-1.40043603101076,-0.6528585502246412
-1.1234489942902068,-0.5512056187534401,0.9411239172714836,-0.6929919569908695,-1.5207145067518701,0.2794648899987747,1.9376324319910923,-0.5186130187716177,-1.4979113090346066,-2.727411870290969,-0.8233458048543819,0.7435274561850906,-1.3200458656817802,0.3598098831913018,1.0091171267136545,-1.7016273056055908
0.2544647168776247,-1.4237115447580946,-1.3518993475996628,0.9230017242937074,0.9510454759548588,-0.8069343584273202,-1.5069229825905577,0.5073276711821251,-0.5285824714891897,0.303045763365663,0.574129394332688,0.7435274561850906,0.36337353605131073,-1.5118042325932968,-0.728002591645807,0.9202945828467831
-1.303176869659924,-0.9002079891553019,0.9411239172714836,-0.6929919569908695,-0.9296414674089567,-0.12793482816101084,0.677429231534391,-0.5186130187716177,-0.14085093647102284,-1.7172593257387583,-0.8233458048543819,-0.4304632641071578,-1.234809440277573,0.042587151702385966,0.16857532750746346,-1.7016273056055908
-1.6626326203993582,-1.4237115447580946,1.6359794520809219,-0.28899353666972527,-0.9296414674089567,0.4831647490786675,1.0974969650199582,1.7384564991266165,0.11266583642547226,1.3131983079178737,0.574129394332688,-1.6044539843994063,-1.3839731847349355,0.4549767026379763,1.6815505660786074,0.3959102051563083
0.7936483429867761,-1.4237115447580946,-2.533153756775708,0.27660425177987663,1.5958524279653097,-1.9612335598800459,-0.4987604222251967,-1.031583363748489,-0.7820992443856835,0.303045763365663,0.574129394332688,-0.4304632641071578,0.6403919186149839,-2.5903615196556076,-0.8961109514870452,0.3959102051563083
1.213013385516116,-0.027702063150647382,-1.2129282406377753,1.650198880871767,1.971989816638073,-0.9427342644805821,-1.170868795802104,0.096951395200628,0.9925181658897744,1.3131983079178737,-0.8233458048543819,-0.4304632641071578,1.6419199171144176,-1.0042478622110327,-0.728002591645807,-0.1284741725341665
-0.5243560763911497,2.0663121592605234,0.802152810309596,-1.0161906932477849,-0.6072379914037311,0.34736484302540566,-1.6749500759847844,0.815109878168248,0.3363571066282602,-0.7071067811865477,-0.8233458048543819,1.917518176477339,-0.19066322907603564,1.2797558045091542,-0.6719664716987276,-0.1284741725341665
-0.9437211189204896,-1.5982127299590254,0.17678282898110143,-1.500988797633158,-1.2520449434141823,-0.06003487513437991,2.3577001654766594,1.225486154149745,-0.06628717973675888,-1.7172593257387583,-0.8233458048543819,-0.4304632641071578,-1.618373354596505,-0.5284137649776609,2.2419117655494016,-1.7016273056055908
0.4341925922473418,0.05954852944981806,-1.9772693289281573,-0.5313925888624118,0.8973115632873212,-1.8254336538267841,-0.8348146090136503,-0.621207087766992,-1.3487837955660813,-1.7172593257387583,1.971604593519758,-0.4304632641071578,0.3846826424023625,-1.7338601446355375,-0.8961109514870452,0.3959102051563083
-0.46444678460124394,0.8448038628540071,-0.5875582593092807,-1.2585897454404713,-1.4669805940843326,0.5510647021052985,0.8454563249286179,-1.4419596397299863,-2.4075891411926147,-0.7071067811865477,0.574129394332688,0.7435274561850906,-0.8725546323096927,0.29636533689351835,-0.2236775121220924,0.3959102051563083
1.213013385516116,0.7575532702535416,-2.185725989370989,-0.1273941685412676,0.5211741746145581,-1.6896337477735222,-0.7508010623165369,-1.1341774327438634,-1.9602066007870373,-0.7071067811865477,-0.8233458048543819,-1.6044539843994063,0.7895556630723464,-1.5118042325932968,-1.120255431275363,-1.7016273056055908
-0.7040839517608668,-0.28945384095204374,1.149580577714315,-0.04659448447703874,-0.9833753800764943,0.8905644672384532,-0.4987604222251967,-0.8263952257577405,-0.8417502497730939,-0.7071067811865477,1.971604593519758,-0.4304632641071578,-0.7233908878523302,0.8356439804246741,-0.7840387115928864,0.9202945828467831
1.7521970116252676,-0.027702063150647382,-1.7688126684853258,0.43820361990833434,1.4883846026302345,-0.9427342644805821,0.8454563249286179,-0.621207087766992,0.6495248849121643,1.3131983079178737,0.574129394332688,0.7435274561850906,1.322283321848641,-1.258026047402165,0.22461144745454287,1.4446789605372579
-0.3446282010214325,0.9320544554544725,0.7326672568286521,0.19580456771564778,-0.2848345153985057,1.6374639505313933,1.685591791899752,-2.057524053702232,0.8284779010743955,-0.7071067811865477,1.971604593519758,0.7435274561850906,0.04373694078553398,1.438367170253612,0.000466967666225237,1.4446789605372579
1.3328319690959276,-0.9874585817557673,-1.3518993475996628,0.5190033039725631,0.4137063492794829,-2.0970334659333076,-0.6667875156194235,-0.7238011567623662,-0.4987569687954838,0.303045763365663,0.574129394332688,0.7435274561850906,0.533846386859725,-1.9559160566777773,-0.8400748315399659,0.9202945828467831
0.9733762183564932,0.4958014924521453,-1.0044715801949438,1.8117982490002247,1.971989816638073,0.007865077892251018,-0.58277396892231,1.225486154149745,1.410075203601647,0.303045763365663,-0.8233458048543819,-0.4304632641071578,1.7271563425186247,-0.2746355797865285,0.2806475674016223,-0.6528585502246412
-1.9022697875589811,0.05954852944981806,0.6631817033477082,-1.420189113568929,-1.6281823320869453,0.958464420265084,-0.58277396892231,-0.41601894977624343,0.0828403337317664,-0.7071067811865477,-0.8233458048543819,1.917518176477339,-1.6823006736496604,0.7721994341268907,-0.6159303517516482,-0.1284741725341665
-1.2432675778700182,0.1467991220502835,0.38523948942393293,-0.04659448447703874,-1.7356501574220204,0.6868646081585603,-1.4229094358934442,-0.8263952257577405,0.17231684181288265,-1.7172593257387583,3.369079792706828,-0.4304632641071578,-1.1069548021712623,0.5501435220846508,-1.40043603101076,1.4446789605372579
0.6738297594069647,1.019305048054938,0.45472504290487675,0.599802988036792,0.4137063492794829,-0.5353345463207965,-0.07869268873962962,-0.21083081178549484,1.3802497009079397,-0.7071067811865477,-0.8233458048543819,0.7435274561850906,0.8108647694233981,0.3280876100424094,-0.16764139217501298,-0.6528585502246412
-0.46444678460124394,1.630059196258196,0.10729727550015761,0.7614023561652496,-0.5535040787361936,0.7547645611851913,-0.58277396892231,0.30213953319137654,0.7390013929932806,0.303045763365663,0.574129394332688,0.7435274561850906,0.21420979159394823,0.9942553461691307,-0.2236775121220924,0.9202945828467831
-0.045081742071903914,0.1467991220502835,-0.865500473233056,2.13499698525714,1.058513301289934,-0.2637347342142727,-0.07869268873962962,-1.1341774327438634,1.0969074253177415,0.303045763365663,1.971604593519758,-2.7784447046916547,1.0026467265828642,-0.46496921867987745,-0.6719664716987276,0.3959102051563083
-1.5428140368195469,0.1467991220502835,0.10729727550015761,-0.3697932207339541,-0.8759075547414191,0.1436649839455129,-0.07869268873962962,-2.160118122697606,-1.3935220496066394,-0.7071067811865477,-0.8233458048543819,0.7435274561850906,-0.9577910577138998,0.16947624429795283,-1.2323276711695217,-0.6528585502246412
-0.9437211189204896,-0.6384562113539055,1.2885516846762026,-0.8545913251193272,-0.6609719040712687,0.4831647490786675,1.4335511518084116,1.122892085154371,-0.03646167704305436,0.303045763365663,-0.8233458048543819,0.7435274561850906,-0.9791001640649516,0.5818657952335418,1.5694783261844485,-0.1284741725341665
-0.7639932435507725,-0.28945384095204374,1.149580577714315,-1.1777900613762426,-0.6609719040712687,1.8411638096112861,1.0134834183228447,-0.7238011567623662,-1.602300568462575,-0.7071067811865477,0.574129394332688,-0.4304632641071578,-0.9151728450117962,1.2797558045091542,0.2806475674016223,-0.1284741725341665
-0.7040839517608668,-0.7257068039543709,0.5936961498667644,-1.500988797633158,-0.6609719040712687,1.0942643263183458,1.9376324319910923,1.122892085154371,0.5153101227904914,0.303045763365663,1.971604593519758,-0.4304632641071578,-1.0856456958202105,0.5184212489357584,1.905695045866925,1.4446789605372579
0.13464613329781322,0.4958014924521453,0.037811722019213775,1.650198880871767,1.3809167772951594,-1.3501339826403675,-0.6667875156194235,0.815109878168248,-0.006636174349348502,1.3131983079178737,0.574129394332688,-0.4304632641071578,1.1518104710402266,-0.4332469455309864,0.000466967666225237,0.9202945828467831
-1.4229954532397353,-1.6854633225594908,0.802152810309596,-2.3089856382754466,-1.2520449434141823,-0.12793482816101084,0.1733479513517106,0.9177039471636222,-0.886488503813652,-0.7071067811865477,0.574129394332688,0.7435274561850906,-2.023246375266489,-0.30635785293541956,0.6168642870840987,0.3959102051563083
-0.7040839517608668,0.5830520850526107,0.10729727550015761,-0.6121922729266407,-0.7147058167388063,1.4337640914515006,0.42538859144305086,0.40473360218675086,1.5293772143764677,-0.7071067811865477,1.971604593519758,0.7435274561850906,-0.552918037043916,0.9308107998713486,0.5047920471899399,1.4446789605372579
-0.5842653681810553,0.4958014924521453,0.3157539359429891,-0.450592904798183,-0.9833753800764943,0.7547645611851913,0.5934156848372777,-0.621207087766992,0.30653160393455564,-0.7071067811865477,1.971604593519758,0.7435274561850906,-0.5955362497460195,0.6770326146802162,0.056503087613304644,1.4446789605372579
-1.962179079348887,0.40855089985167986,1.2190661311952589,-0.8545913251193272,-0.33856842806604326,0.6189646551319294,-0.16270623543674304,-0.8263952257577405,-0.811924747079388,-0.7071067811865477,0.574129394332688,-1.6044539843994063,-0.9577910577138998,0.9942553461691307,-0.5598942318045688,-0.6528585502246412
-0.16490032565171533,-0.027702063150647382,0.037811722019213775,0.11500488365141895,-0.8759075547414191,2.0448636686911787,-1.2548823424992173,-0.621207087766992,-0.06628717973675888,0.303045763365663,-0.8233458048543819,-0.4304632641071578,-0.38244518623550167,0.9625330730202397,-1.1762915512224423,-0.6528585502246412
0.4341925922473418,0.5830520850526107,1.0106094707524274,1.084601092422165,0.6286419999496332,-0.7390344054006892,0.1733479513517106,0.6099217401774994,1.156558430705152,0.303045763365663,-0.8233458048543819,-0.4304632641071578,0.8321738757744499,0.3280876100424094,0.44875592724286045,-0.6528585502246412
-0.8239025353406783,-1.947215100360887,0.5242105963858206,-1.1777900613762426,-1.0908432054115693,-0.2637347342142727,1.4335511518084116,-1.4419596397299863,-1.199656282097556,-1.7172593257387583,-0.8233458048543819,-1.6044539843994063,-1.511827822841246,-0.591858311275443,0.16857532750746346,-2.2260116832960657
0.9134669265665876,0.3213003072512144,-1.3518993475996628,0.43820361990833434,0.4674402619470205,-1.5538338417202604,-1.2548823424992173,0.19954546419600228,-1.2593072874849665,-0.7071067811865477,0.574129394332688,-0.4304632641071578,0.7043192376681392,-1.2263037742532732,-0.728002591645807,-0.1284741725341665
-1.1833582860801126,-0.5512056187534401,0.6631817033477082,-0.5313925888624118,-0.6072379914037311,1.3658641384248695,0.677429231534391,1.3280802231451194,0.008276576997503761,-0.7071067811865477,-0.8233458048543819,-0.4304632641071578,-0.9364819513628481,0.7404771609779998,1.1772254865548928,-1.1772429279151162
0.5540111758271532,-0.7257068039543709,-1.5603560080424943,1.084601092422165,0.8435776506197836,-1.6896337477735222,-0.33073332883096984,-1.2367715017392378,-1.2145690334444084,1.3131983079178737,-0.8233458048543819,-0.4304632641071578,0.6403919186149839,-1.7655824177844284,-0.8961109514870452,-0.1284741725341665
0.5540111758271532,-0.20220324835157827,0.9411239172714836,-0.1273941685412676,-0.8221736420738815,0.8905644672384532,1.5175646985055251,0.9177039471636222,-0.36454220667381076,1.3131983079178737,-0.8233458048543819,0.7435274561850906,-0.2119723354270874,0.7721994341268907,1.5134422062373691,0.3959102051563083
-0.5243560763911497,-0.027702063150647382,1.9139216660046972,-0.1273941685412676,-1.1983110307466447,0.4152647960520366,2.3577001654766594,1.7384564991266165,1.3504241982142353,0.303045763365663,0.574129394332688,0.7435274561850906,-0.7020817815012784,1.057699892466914,2.5220923652847986,0.9202945828467831
-0.3446282010214325,0.5830520850526107,0.5936961498667644,-0.6121922729266407,-0.7147058167388063,-0.39953464026753455,0.34137504474593744,-0.21083081178549484,-0.26015294724584226,-0.7071067811865477,0.574129394332688,0.7435274561850906,-0.42506339893760525,0.29636533689351835,0.11253920756038405,0.3959102051563083
-0.4045374928113382,0.40855089985167986,-0.9349860267139999,1.0038014083579363,-0.12363277739589291,0.4831647490786675,-0.24671978213385645,-1.339365570734612,0.03810207969120829,-0.7071067811865477,1.971604593519758,0.7435274561850906,0.17159157889184468,-0.052579667744288516,-0.8961109514870452,1.4446789605372579
-1.303176869659924,-2.47071865596368,0.5936961498667644,-1.1777900613762426,-0.768439729406344,-0.19583478118764178,2.105659525385319,-1.031583363748489,-0.5136697201423374,-0.7071067811865477,0.574129394332688,-1.6044539843994063,-1.6823006736496604,-0.7187474038710092,0.8410087668724163,-0.6528585502246412
-0.045081742071903914,1.1938062332558688,0.10729727550015761,-0.04659448447703874,0.03756896060671984,0.6189646551319294,-0.16270623543674304,-0.5186130187716177,0.7986523983806909,0.303045763365663,0.574129394332688,0.7435274561850906,0.27813711064710356,0.7721994341268907,-0.3917858719633306,0.9202945828467831
0.7337390511968704,1.7173097888586615,0.802152810309596,0.5190033039725631,-0.016164952060817746,0.4831647490786675,-0.58277396892231,-0.21083081178549484,0.8881289064618059,0.303045763365663,0.574129394332688,0.7435274561850906,0.8108647694233981,1.2163112582113722,-0.5038581118574894,0.9202945828467831
-0.8838118271305839,-2.47071865596368,0.6631817033477082,-0.7737916410550983,-0.33856842806604326,-0.12793482816101084,1.1815105117170714,-1.031583363748489,-0.3048912012864004,-0.7071067811865477,-0.8233458048543819,-0.4304632641071578,-1.2561185466286247,-0.6553028575732264,0.22461144745454287,-1.1772429279151162
-0.8838118271305839,-0.28945384095204374,0.10729727550015761,-0.20819385260549642,-1.413246681416795,-0.12793482816101084,0.08933440465459719,-1.031583363748489,-0.6926227363045672,-0.7071067811865477,-0.8233458048543819,0.7435274561850906,-1.0004092704160035,-0.1160242140420706,-0.5038581118574894,-0.6528585502246412
-0.4045374928113382,0.5830520850526107,0.6631817033477082,0.35740393584410546,0.30623852394440776,0.007865077892251018,0.005320857957483786,-0.9289892947531149,1.2460349387862681,0.303045763365663,-0.8233458048543819,0.7435274561850906,0.21420979159394823,0.5184212489357584,-0.5038581118574894,-0.1284741725341665
-0.28471890923152676,0.8448038628540071,0.10729727550015761,1.084601092422165,-0.9296414674089567,1.7053639035580244,-0.33073332883096984,-0.10823674279012056,0.7390013929932806,2.3233508524700843,-0.8233458048543819,-0.4304632641071578,0.022427834434482194,1.1528667119135887,-0.27971363206917177,0.3959102051563083
-1.1234489942902068,-1.4237115447580946,0.6631817033477082,-0.450592904798183,-1.2520449434141823,0.1436649839455129,1.8536188852939788,2.559209051089611,0.06792758238491414,-0.7071067811865477,0.574129394332688,-0.4304632641071578,-1.3626640783838837,-0.147746487190963,2.6341646051789573,-0.1284741725341665
0.4341925922473418,1.3683074184567998,1.149580577714315,-0.3697932207339541,-1.1445771180791071,1.5695639975047624,1.1815105117170714,0.9177039471636222,0.6346121335653121,-1.7172593257387583,-0.8233458048543819,1.917518176477339,-0.06280859096972494,1.7555899017425265,1.2892977264490515,-0.6528585502246412
0.7337390511968704,0.6703026776530762,-1.282413794118719,0.11500488365141895,0.6286419999496332,-0.8069343584273202,-1.8429771693790111,-1.4419596397299863,-1.557562314422017,-0.7071067811865477,-0.8233458048543819,-0.4304632641071578,0.7043192376681392,-0.7187474038710092,-2.0168333504286333,-1.1772429279151162
-0.16490032565171533,-0.37670443355250915,-0.30961604538550536,1.3270001446148516,0.789843737952246,-0.7390344054006892,-0.07869268873962962,1.7384564991266165,0.6346121335653121,0.303045763365663,-0.8233458048543819,0.7435274561850906,0.5125372805086732,-0.6235805844243354,0.8970448868194957,-0.1284741725341665
-0.7040839517608668,0.3213003072512144,1.4970083451190341,-0.6929919569908695,-0.5535040787361936,0.4831647490786675,1.6015782452026386,0.9177039471636222,1.2609476901331205,1.3131983079178737,-0.8233458048543819,-0.4304632641071578,-0.5742271433949677,1.0259776193180232,1.5694783261844485,-0.1284741725341665
-0.3446282010214325,1.1065556406554033,1.4970083451190341,0.27660425177987663,-0.016164952060817746,0.7547645611851913,-0.7508010623165369,-0.41601894977624343,1.0372564199303311,0.303045763365663,0.574129394332688,-1.6044539843994063,0.21420979159394823,1.438367170253612,-0.728002591645807,-0.1284741725341665
-0.28471890923152676,-0.5512056187534401,0.5936961498667644,-0.04659448447703874,-0.8221736420738815,0.4831647490786675,0.5934156848372777,0.096951395200628,0.8732161551149537,0.303045763365663,-0.8233458048543819,-0.4304632641071578,-0.5742271433949677,0.29636533689351835,0.44875592724286045,-0.6528585502246412
-1.0036304107103953,2.240813344461454,0.6631817033477082,-0.3697932207339541,-0.39230234073358083,1.7732638565846552,1.6015782452026386,0.19954546419600228,1.3802497009079397,1.3131983079178737,-0.8233458048543819,-0.4304632641071578,-0.06280859096972494,1.9459235406358755,1.1772254865548928,-0.1284741725341665
1.5125598444656447,-1.6854633225594908,-0.7960149197521121,0.43820361990833434,1.971989816638073,-0.7390344054006892,-0.41474687552808326,0.6099217401774994,0.5600483768310495,1.3131983079178737,0.574129394332688,0.7435274561850906,1.023955832933916,-1.3214705936999478,0.056503087613304644,1.4446789605372579
1.033285510146399,-0.9002079891553019,-1.8382982219662696,0.9230017242937074,0.6823759126171709,-0.7390344054006892,-0.6667875156194235,-0.7238011567623662,0.8433906524212478,0.303045763365663,-0.8233458048543819,0.7435274561850906,0.6617010249660357,-1.5118042325932968,-0.8400748315399659,-0.1284741725341665
0.07473684150790752,-0.11495265575111283,0.6631817033477082,0.35740393584410546,-0.5535040787361936,2.11276362171781,-1.3388958891963307,0.30213953319137654,-0.12593818512416927,-0.7071067811865477,-0.8233458048543819,-0.4304632641071578,-0.1267359100228803,1.248033531360263,-0.728002591645807,-1.1772429279151162
0.6738297594069647,0.05954852944981806,-1.5603560080424943,0.6806026721010209,1.1122472139574715,-0.8069343584273202,-1.0868552491049905,-0.005642673794746285,0.09775308507861867,-0.7071067811865477,-0.8233458048543819,-0.4304632641071578,0.8747920884765535,-1.067692408508816,-0.728002591645807,-1.1772429279151162
-1.8423604957690753,-0.4639550261529746,-0.24013049190456154,-1.7433878498258444,-1.1445771180791071,0.5510647021052985,-1.170868795802104,-2.2627121916929807,-2.4075891411926147,-2.727411870290969,-0.8233458048543819,-1.6044539843994063,-1.6823006736496604,-0.02085739459539612,-2.0168333504286333,-2.7503960609865405
-1.9022697875589811,-2.121716285561818,0.17678282898110143,-1.5817884816973868,-1.5744484194194077,-0.6032344993474273,0.42538859144305086,-0.005642673794746285,-1.632126071156281,-1.7172593257387583,-0.8233458048543819,-0.4304632641071578,-2.2363374387770065,-0.9725255890621416,0.2806475674016223,-1.7016273056055908
-1.303176869659924,-1.2492103595571635,1.8444361125237534,-0.450592904798183,-0.499770166068656,-0.2637347342142727,2.1896730720824324,1.943644637117365,0.5749611281779017,0.303045763365663,0.574129394332688,0.7435274561850906,-1.0856456958202105,0.2646430637446273,2.5220923652847986,0.9202945828467831
0.9733762183564932,-1.3364609521576292,-1.3518993475996628,0.5190033039725631,1.4883846026302345,-1.146434123560475,0.005320857957483786,-0.10823674279012056,1.2460349387862681,1.3131983079178737,-0.8233458048543819,-2.7784447046916547,0.7469374503702428,-1.638693325188863,-0.05556915228085417,-1.1772429279151162
0.9733762183564932,-1.1619597669566981,-0.9349860267139999,0.8422020402294785,1.434650689962697,-0.7390344054006892,0.5934156848372777,0.30213953319137654,0.9030416578086581,0.303045763365663,-0.8233458048543819,-0.4304632641071578,0.8534829821255017,-1.1945815011043817,0.5608281671370193,-0.6528585502246412
-0.7639932435507725,0.1467991220502835,0.9411239172714836,0.35740393584410546,-1.4669805940843326,0.5510647021052985,-1.170868795802104,-1.1341774327438634,-1.1698307794038503,-1.7172593257387583,-0.8233458048543819,-0.4304632641071578,-0.7233908878523302,0.7404771609779998,-1.40043603101076,-1.7016273056055908
-0.9437211189204896,0.9320544554544725,0.45472504290487675,-0.3697932207339541,-0.6609719040712687,1.5016640444781315,0.005320857957483786,-0.21083081178549484,0.3214443552814079,-0.7071067811865477,-0.8233458048543819,0.7435274561850906,-0.4676816116397088,1.248033531360263,-0.11160527222793358,-0.6528585502246412
1.033285510146399,1.979061566660058,0.5936961498667644,1.7309985649359958,1.3809167772951594,0.2794648899987747,0.7614427782315044,0.19954546419600228,0.9030416578086581,1.3131983079178737,-0.8233458048543819,-0.4304632641071578,1.8550109806249355,1.1211444387646976,0.6168642870840987,-0.1284741725341665
0.613920467617059,0.05954852944981806,0.17678282898110143,1.0038014083579363,-0.4460362534011184,0.6868646081585603,-0.8348146090136503,0.096951395200628,0.3214443552814079,-0.7071067811865477,-0.8233458048543819,0.7435274561850906,0.32075532334920714,0.42325442948908387,-0.5038581118574894,-0.6528585502246412
-1.9022697875589811,0.40855089985167986,0.8716383637905397,-0.7737916410550983,-1.413246681416795,-0.12793482816101084,0.257361498048824,-0.5186130187716177,-0.8566630011199461,-0.7071067811865477,0.574129394332688,-0.4304632641071578,-1.341354972032832,0.4866989757868673,-0.11160527222793358,-0.1284741725341665
0.9134669265665876,-0.027702063150647382,-1.0739571336758875,0.0342051995871901,0.2525046112768702,-1.2143340765871058,-0.7508010623165369,-1.031583363748489,-1.9303810980933316,-0.7071067811865477,-0.8233458048543819,-0.4304632641071578,0.4273008551044661,-1.067692408508816,-1.0642193113282834,-1.1772429279151162
-0.4045374928113382,-0.20220324835157827,0.7326672568286521,-0.7737916410550983,-0.8221736420738815,0.6189646551319294,-0.41474687552808326,-0.621207087766992,-0.4391059634080734,-0.7071067811865477,-0.8233458048543819,-0.4304632641071578,-0.7233908878523302,0.5501435220846508,-0.6159303517516482,-1.1772429279151162
-0.7639932435507725,-1.5982127299590254,-0.7960149197521121,-0.1273941685412676,-0.23110060273096808,-0.39953464026753455,-0.41474687552808326,-0.21083081178549484,-0.8715757524667983,-1.7172593257387583,0.574129394332688,-1.6044539843994063,-0.7873182069054855,-1.1311369548065988,-0.3917858719633306,-1.1772429279151162
-1.0036304107103953,-0.37670443355250915,0.6631817033477082,-0.6121922729266407,-0.8759075547414191,0.5510647021052985,-1.0868552491049905,-1.8523359157114834,-1.9303810980933316,-2.727411870290969,-0.8233458048543819,0.7435274561850906,-0.9577910577138998,0.42325442948908387,-1.7366527506932363,-1.7016273056055908
0.4341925922473418,0.4958014924521453,0.17678282898110143,1.3270001446148516,1.1122472139574715,0.8905644672384532,1.265524058414185,1.225486154149745,1.156558430705152,1.3131983079178737,-0.8233458048543819,-1.6044539843994063,1.0665740456360195,0.6770326146802162,1.5134422062373691,-0.6528585502246412
1.213013385516116,-1.1619597669566981,-1.9077837754472136,-0.3697932207339541,0.8973115632873212,-1.6896337477735222,-1.170868795802104,-0.7238011567623662,-1.1400052767101456,-0.7071067811865477,-0.8233458048543819,0.7435274561850906,0.40599174875341426,-2.0828051492733435,-1.1762915512224423,-0.6528585502246412
1.7521970116252676,0.4958014924521453,0.037811722019213775,1.8925979330644536,1.971989816638073,-0.12793482816101084,-0.07869268873962962,0.6099217401774994,1.3205986955205309,1.3131983079178737,0.574129394332688,-0.4304632641071578,2.0254838314333496,0.13775397114906043,0.2806475674016223,0.9202945828467831
1.872015595205079,0.5830520850526107,-0.6570438127902245,0.8422020402294785,1.971989816638073,-0.9427342644805821,-0.41474687552808326,0.9177039471636222,0.008276576997503761,1.3131983079178737,-0.8233458048543819,-0.4304632641071578,1.812392767922832,-0.5284137649776609,0.22461144745454287,-0.1284741725341665
-0.5842653681810553,0.40855089985167986,1.7054650055618656,-1.0969903773120138,-0.06989886472835533,0.8226645142118222,2.105659525385319,2.251426844103488,0.7390013929932806,0.303045763365663,0.574129394332688,0.7435274561850906,-0.42506339893760525,1.3114780776580466,2.6341646051789573,0.9202945828467831
-0.9437211189204896,0.40855089985167986,-0.30961604538550536,-1.0969903773120138,-1.7356501574220204,0.8226645142118222,-0.33073332883096984,-1.4419596397299863,-2.4075891411926147,-2.727411870290969,0.574129394332688,-1.6044539843994063,-1.2135003339265211,0.39153215634019284,-1.008183191381204,-1.7016273056055908
-1.3630861614498297,-1.947215100360887,0.5936961498667644,-1.3393894295047002,-1.789384070089558,0.007865077892251018,1.0134834183228447,-0.10823674279012056,-2.347938135805204,-0.7071067811865477,-0.8233458048543819,-0.4304632641071578,-2.023246375266489,-0.4332469455309864,0.6168642870840987,-1.1772429279151162
-0.28471890923152676,1.019305048054938,1.2190661311952589,1.084601092422165,-0.39230234073358083,2.11276362171781,0.9294698716257312,0.7125158091728737,2.7373100734715248,1.3131983079178737,-0.8233458048543819,0.7435274561850906,0.27813711064710356,1.9142012674869844,1.0091171267136545,0.3959102051563083
1.452650552675739,1.3683074184567998,0.10729727550015761,1.3270001446148516,1.3809167772951594,0.5510647021052985,0.7614427782315044,2.559209051089611,2.081149014210012,1.3131983079178737,0.574129394332688,-0.4304632641071578,1.7484654488696765,0.8039217072757818,1.905695045866925,0.9202945828467831
-0.8838118271305839,0.6703026776530762,0.5936961498667644,0.9230017242937074,0.2525046112768702,1.4337640914515006,0.9294698716257312,0.30213953319137654,2.5732698086561476,0.303045763365663,0.574129394332688,0.7435274561850906,0.19290068524289644,1.1845889850624798,0.7849726469253369,0.9202945828467831
-0.8239025353406783,-0.28945384095204374,0.037811722019213775,-0.8545913251193272,-1.2520449434141823,-0.39953464026753455,-1.2548823424992173,-1.1341774327438634,-1.3338710442192292,-0.7071067811865477,-0.8233458048543819,0.7435274561850906,-1.0856456958202105,-0.2746355797865285,-1.4564721509578393,-0.6528585502246412
0.7936483429867761,-0.11495265575111283,-1.2129282406377753,0.0342051995871901,1.971989816638073,-1.4180339356669984,-1.7589636226818979,1.225486154149745,0.21705509585343943,2.3233508524700843,1.971604593519758,0.7435274561850906,1.0452649392849678,-1.258026047402165,-0.5038581118574894,3.0178320936086824
-0.10499103386180964,0.40855089985167986,0.5242105963858206,0.6806026721010209,0.19877069860933258,1.6374639505313933,0.42538859144305086,-0.41601894977624343,-0.4987569687954838,-0.7071067811865477,-0.8233458048543819,0.7435274561850906,0.32075532334920714,1.1528667119135887,0.056503087613304644,-0.6528585502246412
-0.22480961744162106,0.40855089985167986,0.38523948942393293,0.8422020402294785,-0.768439729406344,2.11276362171781,0.5934156848372777,0.19954546419600228,1.2907731928268262,0.303045763365663,0.574129394332688,1.917518176477339,-0.06280859096972494,1.3114780776580466,0.5047920471899399,1.4446789605372579
-0.3446282010214325,1.8918109740595923,1.6359794520809219,-1.1777900613762426,-0.4460362534011184,1.2300642323716078,0.5094021381401642,0.5073276711821251,1.738155733232402,0.303045763365663,3.369079792706828,-0.4304632641071578,-0.14804501637393205,2.0093680869336588,0.6168642870840987,2.4934477159182076
-0.46444678460124394,1.019305048054938,0.3157539359429891,-0.28899353666972527,-1.0371092927440317,0.958464420265084,-0.6667875156194235,-0.3134248807808691,0.023189328344356025,0.303045763365663,0.574129394332688,-0.4304632641071578,-0.40375429258655343,0.9625330730202397,-0.6159303517516482,0.3959102051563083
-1.1833582860801126,-0.28945384095204374,0.6631817033477082,-0.5313925888624118,-0.8759075547414191,-0.19583478118764178,0.005320857957483786,0.40473360218675086,-0.886488503813652,-0.7071067811865477,-0.8233458048543819,0.7435274561850906,-0.9791001640649516,0.1060316980001694,0.22461144745454287,-0.6528585502246412
0.7337390511968704,-0.8129573965548363,-1.0739571336758875,-1.5817884816973868,-0.39230234073358083,-1.3501339826403675,-0.4987604222251967,-0.9289892947531149,-1.378609298259786,-1.7172593257387583,0.574129394332688,-0.4304632641071578,-0.5102998243418123,-1.4166374131466222,-0.8400748315399659,-0.6528585502246412
-0.46444678460124394,0.5830520850526107,-0.031673831461730056,-0.6121922729266407,-1.413246681416795,0.8226645142118222,-2.6831126363501454,-1.2367715017392378,-0.7820992443856835,-1.7172593257387583,1.971604593519758,0.7435274561850906,-0.744699994203382,0.5818657952335418,-2.4651223100052686,0.9202945828467831
-0.5243560763911497,1.3683074184567998,0.38523948942393293,-1.0969903773120138,-0.2848345153985057,0.5510647021052985,-0.24671978213385645,0.7125158091728737,0.1872295931597349,0.303045763365663,0.574129394332688,-0.4304632641071578,-0.25459054812919096,0.9308107998713486,0.22461144745454287,0.3959102051563083
0.07473684150790752,-1.5982127299590254,-1.4908704545615505,-1.0161906932477849,-0.12363277739589291,-0.39953464026753455,-1.002841702407877,-1.5445537087253605,-1.1400052767101456,0.303045763365663,-0.8233458048543819,0.7435274561850906,-0.6807726751502267,-1.448359686295514,-1.5125082709049187,-0.1284741725341665
-0.5243560763911497,-0.027702063150647382,-0.031673831461730056,0.27660425177987663,0.2525046112768702,-0.4674345932941655,-0.41474687552808326,-1.2367715017392378,0.39600811201567054,-0.7071067811865477,0.574129394332688,1.917518176477339,-0.02019037826762137,-0.24291330663763747,-0.9521470714341247,0.9202945828467831
-0.8239025353406783,-0.20220324835157827,0.24626838246204527,-0.3697932207339541,-0.5535040787361936,0.2794648899987747,0.257361498048824,-0.7238011567623662,-0.6031462282234523,-1.7172593257387583,-0.8233458048543819,0.7435274561850906,-0.6594635687991749,0.16947624429795283,-0.2236775121220924,-1.1772429279151162
1.033285510146399,0.3213003072512144,-0.5180727058283369,1.1654007764863938,-0.499770166068656,-1.146434123560475,0.08933440465459719,-0.3134248807808691,-0.46893146610177927,0.303045763365663,0.574129394332688,0.7435274561850906,0.5551554932107767,-0.6553028575732264,-0.11160527222793358,0.9202945828467831
-0.4045374928113382,-0.6384562113539055,-0.865500473233056,0.35740393584410546,-0.1773666900634305,-0.06003487513437991,0.5094021381401642,-0.8263952257577405,-0.886488503813652,-0.7071067811865477,-0.8233458048543819,1.917518176477339,-0.2758996544802428,-0.6553028575732264,-0.11160527222793358,-0.1284741725341665
1.632378428045456,1.019305048054938,-1.4908704545615505,1.569399196807538,1.058513301289934,-0.8748343114539511,-0.24671978213385645,1.0202980161589965,-0.7522737416919776,0.303045763365663,-0.8233458048543819,-0.4304632641071578,1.6632290234654694,-0.7187474038710092,0.3927198072957811,-0.6528585502246412
1.872015595205079,-0.6384562113539055,-1.0044715801949438,1.0038014083579363,1.058513301289934,-0.06003487513437991,-0.24671978213385645,0.815109878168248,0.7688268956869851,1.3131983079178737,0.574129394332688,-1.6044539843994063,1.1944286837423301,-0.7187474038710092,0.2806475674016223,0.3959102051563083
0.2544647168776247,0.7575532702535416,0.3157539359429891,0.5190033039725631,-0.5535040787361936,0.5510647021052985,0.005320857957483786,0.40473360218675086,0.5451356254841971,0.303045763365663,-0.8233458048543819,0.7435274561850906,0.19290068524289644,0.6770326146802162,0.22461144745454287,-0.1284741725341665
0.19455542508771895,-0.20220324835157827,1.0800950242333711,-0.6929919569908695,0.09130287327425743,0.958464420265084,0.34137504474593744,-0.10823674279012056,0.8433906524212478,-0.7071067811865477,0.574129394332688,0.7435274561850906,-0.1267359100228803,0.8673662535735652,0.16857532750746346,0.3959102051563083
1.1531040937262105,0.4958014924521453,-1.4213849010806066,0.43820361990833434,0.8435776506197836,-0.6711344523740583,-0.6667875156194235,0.30213953319137654,-0.5733207255297464,0.303045763365663,-0.8233458048543819,-0.4304632641071578,0.9813376202318124,-0.7821919501687926,-0.27971363206917177,-0.6528585502246412
-0.8239025353406783,1.2810568258563344,0.10729727550015761,0.19580456771564778,0.03756896060671984,0.34736484302540566,0.005320857957483786,-1.5445537087253605,0.023189328344356025,0.303045763365663,0.574129394332688,0.7435274561850906,0.08635515348763755,0.6770326146802162,-0.8400748315399659,0.9202945828467831
-0.22480961744162106,-0.6384562113539055,-0.7265293662711684,-0.04659448447703874,1.0047793886223964,-0.39953464026753455,-0.16270623543674304,-0.10823674279012056,-0.8715757524667983,-0.7071067811865477,-0.8233458048543819,0.7435274561850906,0.15028247254079288,-0.7504696770199009,-0.16764139217501298,-0.6528585502246412
0.13464613329781322,-0.37670443355250915,-0.865500473233056,-0.04659448447703874,-0.06989886472835533,-1.146434123560475,-1.3388958891963307,-1.749741846716109,-0.6926227363045672,-0.7071067811865477,-0.8233458048543819,0.7435274561850906,-0.08411769732077672,-1.067692408508816,-1.848724990587395,-0.6528585502246412
-0.3446282010214325,0.7575532702535416,0.24626838246204527,1.1654007764863938,0.7361098252847085,-1.2143340765871058,-0.58277396892231,0.30213953319137654,0.932867160502364,-0.7071067811865477,-0.8233458048543819,0.7435274561850906,0.6617010249660357,-0.17946876033985404,-0.2236775121220924,-0.6528585502246412
1.872015595205079,0.6703026776530762,0.5242105963858206,2.13499698525714,0.8435776506197836,-0.06003487513437991,1.0134834183228447,-0.3134248807808691,2.081149014210012,2.3233508524700843,0.574129394332688,0.7435274561850906,1.7271563425186247,0.4549767026379763,0.5047920471899399,1.9690633382277327
-0.16490032565171533,0.8448038628540071,1.149580577714315,-2.147386270146989,-0.6609719040712687,0.8905644672384532,1.265524058414185,0.6099217401774994,0.30653160393455564,-0.7071067811865477,0.574129394332688,1.917518176477339,-0.6807726751502267,1.248033531360263,1.1772254865548928,0.9202945828467831
0.3143740086675304,-0.4639550261529746,-0.30961604538550536,1.084601092422165,0.4137063492794829,-1.8254336538267841,-1.002841702407877,-0.41601894977624343,-1.0952670226695875,0.303045763365663,0.574129394332688,-0.4304632641071578,0.44860996145551785,-1.1628592279554906,-0.8961109514870452,0.3959102051563083
0.613920467617059,0.7575532702535416,-0.44858715234739305,1.084601092422165,1.3809167772951594,-1.2822340296137367,-0.33073332883096984,1.4306742921404936,0.9030416578086581,0.303045763365663,-0.8233458048543819,1.917518176477339,1.2370468964444339,-0.5284137649776609,0.5608281671370193,0.3959102051563083
-0.7639932435507725,0.8448038628540071,0.17678282898110143,-0.3697932207339541,-1.2520449434141823,0.8905644672384532,1.0134834183228447,0.40473360218675086,0.589873879524754,0.303045763365663,1.971604593519758,0.7435274561850906,-0.6594635687991749,0.8039217072757818,0.8970448868194957,1.9690633382277327
-0.28471890923152676,0.3213003072512144,1.3580372381571466,-1.0161906932477849,-0.2848345153985057,1.2300642323716078,0.5934156848372777,0.6099217401774994,1.2609476901331205,-0.7071067811865477,0.574129394332688,0.7435274561850906,-0.40375429258655343,1.3114780776580466,0.7289365269782575,0.3959102051563083
0.014827549718001801,0.8448038628540071,0.17678282898110143,-0.6121922729266407,-0.06989886472835533,0.958464420265084,-0.07869268873962962,-0.41601894977624343,0.724088641646427,0.303045763365663,-0.8233458048543819,-0.4304632641071578,0.022427834434482194,0.8356439804246741,-0.27971363206917177,-0.6528585502246412
-1.6626326203993582,0.5830520850526107,0.24626838246204527,-1.0161906932477849,-1.413246681416795,0.1436649839455129,-0.58277396892231,-0.21083081178549484,-0.111025433777317,-1.7172593257387583,-0.8233458048543819,1.917518176477339,-1.2774276529796766,0.39153215634019284,-0.5038581118574894,-0.6528585502246412
-0.045081742071903914,-0.9874585817557673,1.9139216660046972,0.19580456771564778,-1.1445771180791071,1.026364373291715,1.0974969650199582,-0.41601894977624343,-0.18558919051157965,-0.7071067811865477,0.574129394332688,0.7435274561850906,-0.6594635687991749,0.9942553461691307,0.5047920471899399,0.3959102051563083
-1.1833582860801126,-0.11495265575111283,-1.1434426871568313,-2.0665865860827597,-0.1773666900634305,0.4152647960520366,-0.07869268873962962,-1.9549299847068577,-1.9303810980933316,-1.7172593257387583,-0.8233458048543819,0.7435274561850906,-1.0643365894691588,-0.369802399233203,-1.120255431275363,-1.1772429279151162
0.13464613329781322,-0.28945384095204374,-1.0044715801949438,0.6806026721010209,0.09130287327425743,-1.8254336538267841,-1.2548823424992173,0.19954546419600228,-0.4391059634080734,0.303045763365663,-0.8233458048543819,0.7435274561850906,0.19290068524289644,-1.4166374131466222,-0.728002591645807,-0.1284741725341665
1.033285510146399,0.6703026776530762,-1.2129282406377753,0.7614023561652496,1.3271828646276218,-0.12793482816101084,-0.6667875156194235,-0.7238011567623662,0.4854846200967868,0.303045763365663,-0.8233458048543819,-1.6044539843994063,1.2583560027954857,-0.369802399233203,-0.8400748315399659,-1.1772429279151162
-0.6441746599709611,2.240813344461454,1.5664938985999781,0.11500488365141895,0.35997243661194533,1.0942643263183458,0.1733479513517106,0.815109878168248,0.8284779010743955,0.303045763365663,0.574129394332688,0.7435274561850906,0.49122817415762143,2.04109036008255,0.5608281671370193,0.9202945828467831
1.1531040937262105,0.1467991220502835,-1.2129282406377753,-0.28899353666972527,0.8435776506197836,-1.893333606853415,-1.170868795802104,-0.3134248807808691,0.15740409046602905,0.303045763365663,-0.8233458048543819,-1.6044539843994063,0.7043192376681392,-1.3849151399977306,-0.9521470714341247,-1.1772429279151162
0.3742833004574361,0.5830520850526107,0.38523948942393293,-0.1273941685412676,-0.23110060273096808,0.8905644672384532,0.42538859144305086,-1.031583363748489,0.2916188525877021,1.3131983079178737,-0.8233458048543819,0.7435274561850906,0.15028247254079288,0.8039217072757818,-0.27971363206917177,0.3959102051563083
-1.2432675778700182,0.23404971465074895,-0.30961604538550536,-0.6121922729266407,-1.2520449434141823,0.2794648899987747,-0.33073332883096984,-1.1341774327438634,-1.1400052767101456,-0.7071067811865477,0.574129394332688,-0.4304632641071578,-1.043027483118107,0.07430942485127835,-0.8400748315399659,-0.1284741725341665
-1.7824512039791698,-2.906971618966007,0.7326672568286521,-1.6625881657616155,-1.8431179827570956,-1.0785341705338438,-0.07869268873962962,-0.41601894977624343,-2.4075891411926147,-1.7172593257387583,1.971604593519758,0.7435274561850906,-2.5133558213406797,-1.2263037742532732,-0.27971363206917177,0.9202945828467831
-1.5428140368195469,-0.6384562113539055,0.24626838246204527,-0.6121922729266407,-1.5744484194194077,1.0942643263183458,0.5934156848372777,0.30213953319137654,-0.24524019589899002,0.303045763365663,-0.8233458048543819,0.7435274561850906,-1.4905187164901943,0.39153215634019284,0.5608281671370193,-0.1284741725341665
-0.46444678460124394,-0.20220324835157827,1.4970083451190341,0.19580456771564778,-0.23110060273096808,0.5510647021052985,2.0216459786882055,0.815109878168248,0.6196993822184598,1.3131983079178737,-0.8233458048543819,-0.4304632641071578,-0.25459054812919096,0.8673662535735652,1.7936228059727661,-0.1284741725341665
-2.081997662928698,-0.20220324835157827,-0.6570438127902245,-1.2585897454404713,-1.0908432054115693,-0.5353345463207965,-1.170868795802104,-2.365306260688355,-2.4075891411926147,-1.7172593257387583,0.574129394332688,0.7435274561850906,-1.5544460355433498,-0.6235805844243354,-2.072869470375713,-0.1284741725341665
0.4341925922473418,2.1535627518609886,1.3580372381571466,1.084601092422165,-0.06989886472835533,2.11276362171781,0.8454563249286179,0.7125158091728737,3.468034889467302,0.303045763365663,1.971604593519758,-1.6044539843994063,0.9387194075297088,2.3900353647203567,0.9530810067665751,0.9202945828467831
1.3328319690959276,0.23404971465074895,0.17678282898110143,1.650198880871767,1.1122472139574715,-1.5538338417202604,-0.07869268873962962,-0.005642673794746285,1.3205986955205309,1.3131983079178737,-0.8233458048543819,-0.4304632641071578,1.407519747252848,-0.560136038126552,-0.05556915228085417,-0.1284741725341665
-0.6441746599709611,0.7575532702535416,1.0800950242333711,0.6806026721010209,-0.016164952060817746,0.958464420265084,-0.6667875156194235,1.7384564991266165,0.09775308507861867,0.303045763365663,0.574129394332688,-0.4304632641071578,0.12897336618974112,1.2163112582113722,0.5047920471899399,0.3959102051563083
-0.3446282010214325,0.05954852944981806,0.802152810309596,-1.1777900613762426,-0.39230234073358083,0.4152647960520366,-0.4987604222251967,0.7125158091728737,1.410075203601647,0.303045763365663,1.971604593519758,-0.4304632641071578,-0.5742271433949677,0.5818657952335418,0.056503087613304644,1.4446789605372579
-0.8239025353406783,0.1467991220502835,0.6631817033477082,0.43820361990833434,-0.9833753800764943,0.958464420265084,1.265524058414185,1.8410505681219909,0.7986523983806909,0.303045763365663,0.574129394332688,-2.7784447046916547,-0.5316089306928642,0.8039217072757818,1.8496589259198457,-0.6528585502246412
1.872015595205079,0.7575532702535416,-0.9349860267139999,0.35740393584410546,0.789843737952246,-0.39953464026753455,-0.58277396892231,0.6099217401774994,0.7986523983806909,0.303045763365663,1.971604593519758,-1.6044539843994063,1.2583560027954857,-0.3380801260843119,-0.05556915228085417,0.9202945828467831
-1.0036304107103953,-0.20220324835157827,0.7326672568286521,-0.6121922729266407,-0.016164952060817746,0.8226645142118222,0.677429231534391,-0.005642673794746285,1.946934252088339,1.3131983079178737,0.574129394332688,-0.4304632641071578,-0.5742271433949677,0.6453103415313253,0.44875592724286045,0.9202945828467831
-0.9437211189204896,-1.4237115447580946,0.3157539359429891,-0.935391009183556,-0.33856842806604326,0.6189646551319294,0.677429231534391,-0.621207087766992,0.5749611281779017,-1.7172593257387583,-0.8233458048543819,-1.6044539843994063,-1.0643365894691588,-0.08430194089317955,0.11253920756038405,-2.2260116832960657
-0.6441746599709611,0.40855089985167986,1.2885516846762026,-0.04659448447703874,0.03756896060671984,2.11276362171781,0.34137504474593744,-0.41601894977624343,1.72324298188555,1.3131983079178737,-0.8233458048543819,0.7435274561850906,-0.1267359100228803,1.7238676285936356,0.000466967666225237,0.3959102051563083
-1.2432675778700182,-2.0344656929613527,0.802152810309596,-1.6625881657616155,-1.1983110307466447,0.4152647960520366,1.3495376051112984,0.19954546419600228,-0.3198039526332527,-0.7071067811865477,0.574129394332688,-1.6044539843994063,-1.8527735244580747,-0.17946876033985404,1.0091171267136545,-0.6528585502246412
-1.6027233286094524,-1.1619597669566981,0.5242105963858206,-0.6121922729266407,-1.1983110307466447,-0.6711344523740583,1.0134834183228447,-0.41601894977624343,-0.3048912012864004,-0.7071067811865477,0.574129394332688,0.7435274561850906,-1.4905187164901943,-0.49669149182876854,0.44875592724286045,0.3959102051563083
0.9134669265665876,0.05954852944981806,-0.5180727058283369,-0.28899353666972527,1.1122472139574715,-0.9427342644805821,-1.0868552491049905,-0.5186130187716177,-0.3048912012864004,0.303045763365663,1.971604593519758,-0.4304632641071578,0.7043192376681392,-0.6553028575732264,-1.008183191381204,1.4446789605372579
-0.045081742071903914,1.019305048054938,-1.4908704545615505,0.43820361990833434,0.4137063492794829,-1.4180339356669984,0.42538859144305086,0.19954546419600228,-1.5426495630751649,-0.7071067811865477,-0.8233458048543819,-1.6044539843994063,0.5125372805086732,-0.9725255890621416,0.3927198072957811,-1.7016273056055908
-0.22480961744162106,1.019305048054938,0.5242105963858206,0.43820361990833434,-0.4460362534011184,0.21156493697214382,-0.4987604222251967,-1.5445537087253605,-0.8566630011199461,0.303045763365663,-0.8233458048543819,0.7435274561850906,0.10766425983868932,0.7087548878291073,-1.1762915512224423,-0.1284741725341665
-0.7639932435507725,-0.4639550261529746,0.17678282898110143,-0.6121922729266407,-0.6072379914037311,0.8226645142118222,0.9294698716257312,0.30213953319137654,0.7091758902995747,0.303045763365663,-0.8233458048543819,-0.4304632641071578,-0.7873182069054855,0.29636533689351835,0.7849726469253369,-0.6528585502246412
-0.6441746599709611,0.23404971465074895,-0.17064493842361772,-1.8241875338900733,-0.768439729406344,0.8226645142118222,-0.6667875156194235,-1.8523359157114834,-1.7066898278905436,-0.7071067811865477,0.574129394332688,-0.4304632641071578,-0.9577910577138998,0.39153215634019284,-1.4564721509578393,-0.1284741725341665
0.7936483429867761,0.9320544554544725,-0.44858715234739305,0.19580456771564778,0.8973115632873212,-0.06003487513437991,0.677429231534391,-0.41601894977624343,1.0074309172366267,0.303045763365663,0.574129394332688,1.917518176477339,0.9174103011786571,0.1060316980001694,0.22461144745454287,1.4446789605372579
0.014827549718001801,2.0663121592605234,1.9139216660046972,-1.0161906932477849,-0.016164952060817746,0.4152647960520366,2.105659525385319,0.19954546419600228,0.8433906524212478,0.303045763365663,-0.8233458048543819,0.7435274561850906,0.23551889794500003,1.81903444804031,1.5134422062373691,-0.1284741725341665
0.8535576347766818,-0.9874585817557673,-0.5180727058283369,1.2462004605506227,1.3809167772951594,-0.6711344523740583,-0.58277396892231,1.8410505681219909,-0.26015294724584226,1.3131983079178737,0.574129394332688,-0.4304632641071578,0.9387194075297088,-0.9090810427643582,0.6168642870840987,0.9202945828467831
0.3143740086675304,-0.28945384095204374,-0.10115938494267389,1.4077998286790805,1.3271828646276218,-0.39953464026753455,1.6015782452026386,-0.41601894977624343,0.5302228741373436,0.303045763365663,-0.8233458048543819,-0.4304632641071578,0.9387194075297088,-0.3380801260843119,0.8410087668724163,-0.6528585502246412
0.6738297594069647,0.3213003072512144,-0.865500473233056,1.650198880871767,1.2197150392925467,-0.3316346872409036,-0.41474687552808326,-1.1341774327438634,-0.454018714754927,0.303045763365663,0.574129394332688,-1.6044539843994063,1.2370468964444339,-0.4332469455309864,-0.8961109514870452,-0.1284741725341665
0.07473684150790752,0.5830520850526107,0.5242105963858206,-0.5313925888624118,-0.33856842806604326,0.34736484302540566,0.257361498048824,-1.4419596397299863,0.023189328344356025,1.3131983079178737,-0.8233458048543819,-0.4304632641071578,-0.1054268036718285,0.6135880683824328,-0.6159303517516482,-0.1284741725341665
0.3742833004574361,1.630059196258196,-0.17064493842361772,1.2462004605506227,0.9510454759548588,-0.9427342644805821,-1.170868795802104,-0.005642673794746285,-0.2154146932052855,0.303045763365663,0.574129394332688,-0.4304632641071578,1.2370468964444339,0.07430942485127835,-0.7840387115928864,0.3959102051563083
-1.1234489942902068,0.40855089985167986,1.5664938985999781,-0.7737916410550983,-1.1445771180791071,0.6189646551319294,-0.24671978213385645,1.0202980161589965,-0.09611268243046474,-0.7071067811865477,0.574129394332688,0.7435274561850906,-0.9577910577138998,1.1528667119135887,0.3927198072957811,0.3959102051563083
1.213013385516116,0.5830520850526107,-1.2129282406377753,1.9733976171286824,0.9510454759548588,0.07576503091888195,-0.8348146090136503,-1.339365570734612,0.15740409046602905,1.3131983079178737,-0.8233458048543819,-0.4304632641071578,1.4714470663060033,-0.30635785293541956,-1.288363791116601,-0.1284741725341665
0.9134669265665876,0.5830520850526107,-1.0044715801949438,0.35740393584410546,1.434650689962697,-1.7575337008001533,-0.7508010623165369,-0.005642673794746285,-0.4987569687954838,0.303045763365663,0.574129394332688,-1.6044539843994063,1.1305013646891748,-1.067692408508816,-0.5038581118574894,-0.1284741725341665
0.9733762183564932,-0.20220324835157827,-0.865500473233056,0.43820361990833434,1.165981126625009,-1.4180339356669984,-0.8348146090136503,-0.41601894977624343,0.3214443552814079,-0.7071067811865477,-0.8233458048543819,0.7435274561850906,0.8747920884765535,-1.1311369548065988,-0.7840387115928864,-0.6528585502246412
-0.46444678460124394,0.40855089985167986,0.5936961498667644,-1.2585897454404713,-0.33856842806604326,0.8905644672384532,-0.4987604222251967,0.30213953319137654,0.4854846200967868,-0.7071067811865477,-0.8233458048543819,0.7435274561850906,-0.5316089306928642,0.8356439804246741,-0.16764139217501298,-0.6528585502246412
1.8121063034151732,-0.5512056187534401,-1.9077837754472136,0.7614023561652496,1.971989816638073,-1.8254336538267841,-1.0868552491049905,0.19954546419600228,0.45565911740308096,1.3131983079178737,1.971604593519758,-0.4304632641071578,1.4927561726570553,-1.9241937835288863,-0.6159303517516482,1.9690633382277327
1.872015595205079,-0.28945384095204374,-0.7960149197521121,1.650198880871767,1.8107880786354602,-0.6032344993474273,-0.4987604222251967,-0.8263952257577405,1.3205986955205309,1.3131983079178737,-0.8233458048543819,-0.4304632641071578,1.7484654488696765,-0.7504696770199009,-0.7840387115928864,-0.1284741725341665
0.13464613329781322,1.1938062332558688,-0.17064493842361772,-1.985786902018531,-1.2520449434141823,0.34736484302540566,0.08933440465459719,-1.8523359157114834,-1.587387817115723,-0.7071067811865477,0.574129394332688,-0.4304632641071578,-0.6807726751502267,0.5184212489357584,-0.9521470714341247,-0.1284741725341665
-0.7040839517608668,1.3683074184567998,-0.37910159886644923,-1.1777900613762426,-0.5535040787361936,0.8226645142118222,0.08933440465459719,-0.621207087766992,-0.06628717973675888,1.3131983079178737,0.574129394332688,-0.4304632641071578,-0.446372505288657,0.7087548878291073,-0.27971363206917177,0.9202945828467831
-1.4229954532397353,-0.7257068039543709,1.0106094707524274,-0.7737916410550983,-1.3595127687492574,0.1436649839455129,-0.24671978213385645,0.7125158091728737,-0.02154892569620209,0.303045763365663,0.574129394332688,-0.4304632641071578,-1.426591397437039,0.2646430637446273,0.22461144745454287,0.3959102051563083
0.7337390511968704,1.7173097888586615,0.5242105963858206,-0.20819385260549642,0.5749080872820956,0.7547645611851913,-0.33073332883096984,1.3280802231451194,1.0074309172366267,1.3131983079178737,-0.8233458048543819,0.7435274561850906,0.8534829821255017,1.2163112582113722,0.5047920471899399,0.3959102051563083
0.07473684150790752,0.6703026776530762,1.9139216660046972,-0.450592904798183,-0.768439729406344,-0.12793482816101084,2.3577001654766594,1.6358624301312423,1.4249879549484994,0.303045763365663,-0.8233458048543819,0.7435274561850906,-0.2332814417781392,1.057699892466914,2.466056245337719,-0.1284741725341665
-0.4045374928113382,-0.20220324835157827,1.0106094707524274,-0.935391009183556,-0.2848345153985057,0.958464420265084,-0.41474687552808326,-0.8263952257577405,-0.4987569687954838,0.303045763365663,-0.8233458048543819,0.7435274561850906,-0.552918037043916,0.8356439804246741,-0.728002591645807,-0.1284741725341665
-1.722541912189264,-1.6854633225594908,1.2885516846762026,-1.985786902018531,-0.6072379914037311,-0.3316346872409036,1.4335511518084116,-1.1341774327438634,-0.6926227363045672,-1.7172593257387583,0.574129394332688,0.7435274561850906,-1.7888462054049192,-0.17946876033985404,0.3366836873487017,-0.1284741725341665
0.3143740086675304,0.40855089985167986,0.5242105963858206,0.599802988036792,0.6286419999496332,-0.2637347342142727,-0.16270623543674304,0.6099217401774994,-0.23032744455213774,1.3131983079178737,-0.8233458048543819,0.7435274561850906,0.6190828122639321,0.2646430637446273,0.22461144745454287,0.3959102051563083
1.3927412608858332,-0.37670443355250915,-1.3518993475996628,1.4077998286790805,1.2197150392925467,-0.8748343114539511,-0.16270623543674304,1.6358624301312423,-0.06628717973675888,0.303045763365663,-0.8233458048543819,-0.4304632641071578,1.2583560027954857,-1.1628592279554906,0.7849726469253369,-0.6528585502246412
-0.16490032565171533,0.05954852944981806,-0.031673831461730056,-0.6121922729266407,-1.1983110307466447,1.3658641384248695,-0.9188281557107637,-0.10823674279012056,-1.0654415199758818,-1.7172593257387583,0.574129394332688,0.7435274561850906,-0.6807726751502267,0.6453103415313253,-0.6719664716987276,-0.1284741725341665
-1.063539702500301,0.23404971465074895,0.8716383637905397,-0.3697932207339541,-1.0908432054115693,0.7547645611851913,-0.9188281557107637,0.7125158091728737,-0.7373609903451254,0.303045763365663,-0.8233458048543819,-0.4304632641071578,-0.8512455259586409,0.8356439804246741,-0.2236775121220924,-0.6528585502246412
0.613920467617059,0.6703026776530762,1.4970083451190341,1.084601092422165,-0.6609719040712687,0.2794648899987747,0.34137504474593744,-0.41601894977624343,0.8881289064618059,0.303045763365663,0.574129394332688,0.7435274561850906,0.40599174875341426,1.057699892466914,0.000466967666225237,0.9202945828467831
-1.3630861614498297,-3.6049763597697306,0.6631817033477082,-1.420189113568929,-1.5744484194194077,0.1436649839455129,1.5175646985055251,-0.21083081178549484,-0.8566630011199461,-0.7071067811865477,0.574129394332688,-1.6044539843994063,-2.3641920768833176,-0.9408033159132498,0.8970448868194957,-0.6528585502246412
0.7936483429867761,0.8448038628540071,0.3157539359429891,-1.6625881657616155,-0.06989886472835533,-0.06003487513437991,-1.002841702407877,-0.8263952257577405,-0.4241932120612212,1.3131983079178737,-0.8233458048543819,0.7435274561850906,0.022427834434482194,0.42325442948908387,-1.120255431275363,0.3959102051563083
-0.7639932435507725,-1.947215100360887,0.8716383637905397,-0.3697932207339541,-1.8431179827570956,0.07576503091888195,0.677429231534391,-0.10823674279012056,-0.4391059634080734,0.303045763365663,-0.8233458048543819,-0.4304632641071578,-1.5757551418944016,-0.2746355797865285,0.3927198072957811,-0.6528585502246412
-0.045081742071903914,0.4958014924521453,1.9139216660046972,1.2462004605506227,0.03756896060671984,0.6868646081585603,0.257361498048824,0.096951395200628,0.6644376362590166,1.3131983079178737,-0.8233458048543819,0.7435274561850906,0.44860996145551785,1.3749226239558288,0.22461144745454287,0.3959102051563083
-0.6441746599709611,0.3213003072512144,0.17678282898110143,-0.3697932207339541,-1.1983110307466447,0.958464420265084,-0.9188281557107637,-2.057524053702232,-2.0645958602150047,0.303045763365663,-0.8233458048543819,-0.4304632641071578,-0.7233908878523302,0.6453103415313253,-1.7366527506932363,-0.6528585502246412
-1.6027233286094524,-1.2492103595571635,1.3580372381571466,-1.0161906932477849,-0.768439729406344,0.21156493697214382,1.3495376051112984,0.40473360218675086,-1.0803542713227354,-0.7071067811865477,0.574129394332688,-1.6044539843994063,-1.4479005037880908,0.2646430637446273,1.1211893666078134,-0.6528585502246412
-0.5243560763911497,-1.4237115447580946,0.7326672568286521,-0.8545913251193272,-1.3595127687492574,0.34736484302540566,0.005320857957483786,1.3280802231451194,0.6196993822184598,-0.7071067811865477,0.574129394332688,-1.6044539843994063,-1.2987367593307284,-0.02085739459539612,0.7289365269782575,-0.6528585502246412
-2.141906954718604,-1.7727139151599562,0.17678282898110143,-1.0161906932477849,-0.8759075547414191,0.8226645142118222,0.5934156848372777,-0.10823674279012056,-0.37945495802066304,-0.7071067811865477,-0.8233458048543819,-0.4304632641071578,-1.810155311755971,-0.17946876033985404,0.3366836873487017,-1.1772429279151162
-0.10499103386180964,1.804560381459127,0.6631817033477082,-1.2585897454404713,-0.39230234073358083,0.8905644672384532,-0.07869268873962962,-0.5186130187716177,1.0223436685834788,-0.7071067811865477,0.574129394332688,-0.4304632641071578,-0.08411769732077672,1.3749226239558288,-0.3357497520162512,-0.1284741725341665
0.07473684150790752,-0.7257068039543709,1.9139216660046972,0.5190033039725631,-0.499770166068656,1.0942643263183458,2.3577001654766594,2.559209051089611,1.9171087493946346,2.3233508524700843,-0.8233458048543819,-0.4304632641071578,-0.2119723354270874,1.1211444387646976,2.970381324861434,0.3959102051563083
-0.045081742071903914,-0.20220324835157827,-0.37910159886644923,0.9230017242937074,1.434650689962697,-1.2822340296137367,0.42538859144305086,1.122892085154371,0.724088641646427,1.3131983079178737,-0.8233458048543819,-0.4304632641071578,0.7469374503702428,-0.8456364964665753,0.8970448868194957,-0.1284741725341665
0.3742833004574361,-1.3364609521576292,-1.9077837754472136,0.8422020402294785,0.6286419999496332,-1.5538338417202604,-0.6667875156194235,-0.3134248807808691,-1.587387817115723,-0.7071067811865477,-0.8233458048543819,-0.4304632641071578,0.27813711064710356,-2.0828051492733435,-0.6159303517516482,-1.1772429279151162
1.033285510146399,0.4958014924521453,-0.10115938494267389,0.6806026721010209,0.7361098252847085,-0.12793482816101084,-0.6667875156194235,0.096951395200628,0.39600811201567054,-0.7071067811865477,0.574129394332688,0.7435274561850906,0.9600285138807606,0.07430942485127835,-0.3917858719633306,0.3959102051563083
-0.16490032565171533,-0.027702063150647382,0.24626838246204527,1.2462004605506227,0.4674402619470205,-0.12793482816101084,-0.07869268873962962,0.5073276711821251,1.20129668474571,-0.7071067811865477,-0.8233458048543819,-0.4304632641071578,0.44860996145551785,0.042587151702385966,0.22461144745454287,-1.1772429279151162
0.9733762183564932,0.8448038628540071,-0.865500473233056,1.4885995127433094,0.5749080872820956,-0.7390344054006892,-0.9188281557107637,0.6099217401774994,0.45565911740308096,-0.7071067811865477,0.574129394332688,0.7435274561850906,1.1731195773912784,-0.4332469455309864,-0.27971363206917177,0.3959102051563083
0.6738297594069647,-1.1619597669566981,-1.7688126684853258,1.8925979330644536,1.4883846026302345,-1.010634217507213,-1.3388958891963307,0.5073276711821251,0.932867160502364,-0.7071067811865477,-0.8233458048543819,-0.4304632641071578,1.0452649392849678,-1.7021378714866457,-0.6159303517516482,-1.1772429279151162
0.49410188403724753,0.23404971465074895,-0.9349860267139999,1.2462004605506227,0.2525046112768702,-1.146434123560475,-0.16270623543674304,-0.005642673794746285,-0.3347167039801063,0.303045763365663,-0.8233458048543819,-0.4304632641071578,0.6617010249660357,-0.8773587696154671,-0.11160527222793358,-0.6528585502246412
-1.1833582860801126,-0.027702063150647382,1.2190661311952589,-0.6121922729266407,-0.23110060273096808,0.4152647960520366,1.6015782452026386,2.354020913098862,1.1267329280114473,0.303045763365663,-0.8233458048543819,0.7435274561850906,-0.6807726751502267,0.7404771609779998,2.3539840054435603,-0.1284741725341665
-0.8838118271305839,0.5830520850526107,1.149580577714315,-0.5313925888624118,-0.9833753800764943,0.8905644672384532,0.08933440465459719,0.7125158091728737,0.6196993822184598,0.303045763365663,-0.8233458048543819,0.7435274561850906,-0.7020817815012784,1.1528667119135887,0.44875592724286045,-0.1284741725341665
-0.6441746599709611,1.2810568258563344,0.9411239172714836,0.599802988036792,-0.7147058167388063,0.8905644672384532,-0.9188281557107637,0.40473360218675086,-0.09611268243046474,0.303045763365663,-0.8233458048543819,0.7435274561850906,-0.04149948461867315,1.3114780776580466,-0.3917858719633306,-0.1284741725341665
0.9134669265665876,0.40855089985167986,-1.9077837754472136,0.35740393584410546,1.971989816638073,-0.9427342644805821,-0.41474687552808326,1.8410505681219909,-0.2154146932052855,0.303045763365663,-0.8233458048543819,-0.4304632641071578,1.3009742154975892,-1.1628592279554906,0.7289365269782575,-0.6528585502246412
-1.482904745029641,-1.2492103595571635,1.4970083451190341,-1.985786902018531,-0.23110060273096808,0.21156493697214382,1.0134834183228447,0.30213953319137654,0.06792758238491414,-1.7172593257387583,-0.8233458048543819,-0.4304632641071578,-1.4479005037880908,0.3280876100424094,0.8410087668724163,-1.7016273056055908
-0.5243560763911497,1.1065556406554033,0.3157539359429891,-1.0969903773120138,-0.5535040787361936,-0.39953464026753455,-1.4229094358934442,-0.8263952257577405,-1.4680858063409021,-0.7071067811865477,-0.8233458048543819,0.7435274561850906,-0.42506339893760525,0.3598098831913018,-1.40043603101076,-0.6528585502246412
-0.6441746599709611,0.23404971465074895,1.149580577714315,-0.20819385260549642,-0.1773666900634305,0.5510647021052985,-1.170868795802104,-1.339365570734612,-0.7820992443856835,-0.7071067811865477,0.574129394332688,-0.4304632641071578,-0.29720876083129455,0.8673662535735652,-1.5125082709049187,-0.1284741725341665
1.6922877198353619,-0.5512056187534401,-0.9349860267139999,0.35740393584410546,0.5749080872820956,-1.010634217507213,-1.8429771693790111,0.096951395200628,0.7539141443401328,0.303045763365663,1.971604593519758,-1.6044539843994063,0.7895556630723464,-1.099414681657707,-1.1762915512224423,0.9202945828467831
-1.303176869659924,-0.7257068039543709,0.38523948942393293,-1.7433878498258444,-0.9296414674089567,0.4152647960520366,1.1815105117170714,-0.005642673794746285,0.724088641646427,0.303045763365663,0.574129394332688,0.7435274561850906,-1.4692096101391425,0.1060316980001694,0.7849726469253369,0.9202945828467831
0.49410188403724753,-0.28945384095204374,-0.9349860267139999,0.6806026721010209,0.30623852394440776,-1.2822340296137367,-1.4229094358934442,-0.21083081178549484,-2.4075891411926147,-0.7071067811865477,-0.8233458048543819,-1.6044539843994063,0.40599174875341426,-1.1311369548065988,-1.0642193113282834,-1.7016273056055908
-0.46444678460124394,0.7575532702535416,0.802152810309596,0.0342051995871901,-0.8221736420738815,1.0942643263183458,-0.4987604222251967,-0.41601894977624343,-1.5128240603814602,-0.7071067811865477,1.971604593519758,0.7435274561850906,-0.29720876083129455,1.1528667119135887,-0.5598942318045688,1.4446789605372579
-0.10499103386180964,0.1467991220502835,-1.2129282406377753,-0.7737916410550983,0.03756896060671984,-0.8069343584273202,-0.7508010623165369,-1.339365570734612,-1.8707300927059212,-0.7071067811865477,0.574129394332688,0.7435274561850906,-0.19066322907603564,-0.8773587696154671,-1.2323276711695217,0.3959102051563083
-0.4045374928113382,1.3683074184567998,0.5936961498667644,-0.6929919569908695,-1.0908432054115693,0.34736484302540566,-1.0868552491049905,-0.621207087766992,-1.199656282097556,-0.7071067811865477,-0.8233458048543819,1.917518176477339,-0.42506339893760525,0.9308107998713486,-1.0642193113282834,-0.1284741725341665
-0.7639932435507725,1.4555580110572652,0.8716383637905397,-0.20819385260549642,-0.23110060273096808,1.6374639505313933,-0.24671978213385645,-0.21083081178549484,1.2311221874394158,-0.7071067811865477,-0.8233458048543819,-0.4304632641071578,-0.06280859096972494,1.6921453554447445,-0.27971363206917177,-1.1772429279151162
-0.5842653681810553,-1.3364609521576292,0.9411239172714836,-1.1777900613762426,-0.23110060273096808,0.7547645611851913,1.0974969650199582,0.5073276711821251,-0.6926227363045672,0.303045763365663,-0.8233458048543819,-0.4304632641071578,-0.9364819513628481,0.29636533689351835,1.0091171267136545,-0.6528585502246412
0.9134669265665876,0.5830520850526107,-0.7960149197521121,0.6806026721010209,0.789843737952246,-0.3316346872409036,-0.9188281557107637,0.815109878168248,-0.4241932120612212,0.303045763365663,0.574129394332688,-1.6044539843994063,0.9600285138807606,-0.30635785293541956,-0.16764139217501298,-0.1284741725341665
-1.4229954532397353,-1.2492103595571635,1.2190661311952589,-1.500988797633158,-1.1445771180791071,0.34736484302540566,-0.16270623543674304,-1.4419596397299863,0.5749611281779017,-1.7172593257387583,0.574129394332688,-0.4304632641071578,-1.6609915672986086,0.2646430637446273,-0.8961109514870452,-0.6528585502246412
1.632378428045456,-0.7257068039543709,-1.4213849010806066,1.3270001446148516,0.5211741746145581,-1.4180339356669984,-0.58277396892231,0.40473360218675086,0.8732161551149537,0.303045763365663,-0.8233458048543819,-0.4304632641071578,0.9600285138807606,-1.5752487788910794,-0.16764139217501298,-0.6528585502246412
-1.063539702500301,-0.4639550261529746,-0.17064493842361772,-1.9049872179543021,-0.8759075547414191,0.4831647490786675,-0.07869268873962962,0.40473360218675086,-0.14085093647102284,-1.7172593257387583,0.574129394332688,-0.4304632641071578,-1.341354972032832,-0.02085739459539612,0.16857532750746346,-0.6528585502246412
-0.045081742071903914,2.1535627518609886,1.2885516846762026,0.27660425177987663,-0.016164952060817746,0.6868646081585603,-0.33073332883096984,-0.7238011567623662,-0.4092804607143689,0.303045763365663,-0.8233458048543819,0.7435274561850906,0.5764645995618285,1.6921453554447445,-0.6159303517516482,-0.1284741725341665
-0.5243560763911497,0.23404971465074895,0.38523948942393293,-1.3393894295047002,-0.23110060273096808,1.5695639975047624,1.0134834183228447,0.6099217401774994,-0.39436770936751664,0.303045763365663,-0.8233458048543819,-0.4304632641071578,-0.5742271433949677,0.9942553461691307,1.0091171267136545,-0.6528585502246412
0.8535576347766818,-0.027702063150647382,-2.116240435890045,-0.20819385260549642,1.6495863406328473,-1.893333606853415,-2.011004262773238,1.3280802231451194,0.023189328344356025,-0.7071067811865477,-0.8233458048543819,-1.6044539843994063,0.8961011948276053,-1.860749237231103,-0.6159303517516482,-1.7016273056055908
-0.22480961744162106,-1.4237115447580946,1.2190661311952589,-0.450592904798183,-0.768439729406344,-0.12793482816101084,2.0216459786882055,1.533268361135868,1.20129668474571,-1.7172593257387583,0.574129394332688,-0.4304632641071578,-0.8512455259586409,-0.02085739459539612,2.185875645602322,-0.6528585502246412
-0.46444678460124394,0.8448038628540071,0.7326672568286521,-1.0969903773120138,0.5749080872820956,1.026364373291715,0.005320857957483786,0.19954546419600228,-0.9461395092010609,0.303045763365663,0.574129394332688,0.7435274561850906,-0.02019037826762137,1.1211444387646976,0.11253920756038405,0.9202945828467831
1.1531040937262105,0.5830520850526107,-0.5180727058283369,0.6806026721010209,0.789843737952246,-2.0970334659333076,-1.2548823424992173,0.30213953319137654,-0.39436770936751664,-0.7071067811865477,0.574129394332688,-1.6044539843994063,1.0452649392849678,-1.0042478622110327,-0.6719664716987276,-0.6528585502246412
-0.8838118271305839,0.8448038628540071,0.6631817033477082,-0.6121922729266407,-0.39230234073358083,0.958464420265084,-0.16270623543674304,-0.9289892947531149,0.05301483103806188,-0.7071067811865477,-0.8233458048543819,0.7435274561850906,-0.42506339893760525,1.057699892466914,-0.6159303517516482,-0.6528585502246412
-1.1234489942902068,-0.37670443355250915,-0.9349860267139999,-0.6121922729266407,-0.9833753800764943,-0.39953464026753455,-0.6667875156194235,-0.3134248807808691,-0.454018714754927,-0.7071067811865477,1.971604593519758,1.917518176477339,-1.043027483118107,-0.7504696770199009,-0.6159303517516482,1.9690633382277327
-0.7040839517608668,2.0663121592605234,1.7054650055618656,0.35740393584410546,0.4137063492794829,1.909063762637917,0.5934156848372777,0.19954546419600228,1.5293772143764677,0.303045763365663,0.574129394332688,0.7435274561850906,0.5125372805086732,2.421757637869248,0.5047920471899399,0.9202945828467831
-0.4045374928113382,1.1065556406554033,1.0106094707524274,-0.6929919569908695,-0.39230234073358083,0.6189646551319294,-0.58277396892231,0.19954546419600228,1.7530684845792543,0.303045763365663,0.574129394332688,3.0915088967695876,-0.2119723354270874,1.1528667119135887,-0.27971363206917177,1.9690633382277327
0.13464613329781322,2.240813344461454,1.2190661311952589,1.1654007764863938,-0.9296414674089567,1.2300642323716078,1.5175646985055251,0.6099217401774994,1.5144644630296156,1.3131983079178737,-0.8233458048543819,-1.6044539843994063,0.533846386859725,1.9459235406358755,1.345333846396131,-0.6528585502246412
-1.4229954532397353,-0.5512056187534401,1.3580372381571466,-1.7433878498258444,-0.5535040787361936,0.7547645611851913,0.5094021381401642,1.7384564991266165,0.008276576997503761,-1.7172593257387583,-0.8233458048543819,-0.4304632641071578,-1.3200458656817802,0.7721994341268907,1.2892977264490515,-1.7016273056055908
-0.7040839517608668,0.6703026776530762,-0.031673831461730056,-0.6121922729266407,-0.8221736420738815,1.7053639035580244,-2.0950178094703515,-0.7238011567623662,-0.08119993108361247,0.303045763365663,1.971604593519758,0.7435274561850906,-0.5742271433949677,1.0259776193180232,-1.7926888706403157,1.9690633382277327
1.2729226773060218,0.23404971465074895,-0.5875582593092807,1.650198880871767,1.2734489519600842,-0.8748343114539511,-0.6667875156194235,-0.7238011567623662,-0.08119993108361247,-0.7071067811865477,0.574129394332688,-0.4304632641071578,1.4501379599549515,-0.591858311275443,-0.8400748315399659,-0.1284741725341665
-0.46444678460124394,2.1535627518609886,0.45472504290487675,0.27660425177987663,-0.499770166068656,1.6374639505313933,1.0134834183228447,0.7125158091728737,1.0372564199303311,-0.7071067811865477,1.971604593519758,0.7435274561850906,0.23551889794500003,1.7555899017425265,1.0651532466607339,1.4446789605372579
-1.2432675778700182,-1.0747091743562327,1.149580577714315,-1.3393894295047002,-0.5535040787361936,0.34736484302540566,0.257361498048824,1.7384564991266165,-1.199656282097556,-0.7071067811865477,-0.8233458048543819,-0.4304632641071578,-1.2774276529796766,0.29636533689351835,1.1211893666078134,-1.1772429279151162
-0.5243560763911497,0.6703026776530762,1.2190661311952589,-0.5313925888624118,-1.0908432054115693,1.2300642323716078,0.5934156848372777,0.815109878168248,0.21705509585343943,0.303045763365663,0.574129394332688,0.7435274561850906,-0.5955362497460195,1.3749226239558288,0.8410087668724163,0.9202945828467831
-0.4045374928113382,-1.3364609521576292,-1.629841561523438,-1.0161906932477849,-0.06989886472835533,-1.8254336538267841,-0.58277396892231,-1.749741846716109,-1.4084348009534917,-0.7071067811865477,0.574129394332688,1.917518176477339,-0.7660091005544337,-2.0828051492733435,-1.3443999110636804,0.9202945828467831
-0.8838118271305839,0.40855089985167986,0.037811722019213775,-0.6929919569908695,-0.9296414674089567,1.2300642323716078,0.34137504474593744,-1.1341774327438634,-0.7075354876514208,0.303045763365663,0.574129394332688,-0.4304632641071578,-0.7660091005544337,0.7404771609779998,-0.3917858719633306,0.3959102051563083
-1.1833582860801126,-0.37670443355250915,0.10729727550015761,-0.8545913251193272,-1.3057788560817198,0.34736484302540566,0.5934156848372777,-1.4419596397299863,-1.1400052767101456,-1.7172593257387583,0.574129394332688,-0.4304632641071578,-1.2561185466286247,0.07430942485127835,-0.3917858719633306,-0.6528585502246412
-0.28471890923152676,0.05954852944981806,0.037811722019213775,-0.1273941685412676,-0.499770166068656,0.21156493697214382,-1.590936529287671,-1.031583363748489,0.14249133911917677,-0.7071067811865477,-0.8233458048543819,0.7435274561850906,-0.3185178671823463,0.13775397114906043,-1.6245805107990776,-0.6528585502246412
1.6922877198353619,-0.28945384095204374,-0.5875582593092807,1.7309985649359958,1.5958524279653097,0.4831647490786675,-0.16270623543674304,1.943644637117365,1.4697262089890561,1.3131983079178737,-0.8233458048543819,-0.4304632641071578,1.6206108107633659,-0.147746487190963,0.9530810067665751,-0.1284741725341665
0.9134669265665876,-0.4639550261529746,-1.2129282406377753,0.599802988036792,1.2197150392925467,-0.6711344523740583,-1.3388958891963307,-0.3134248807808691,-0.2005019418584319,1.3131983079178737,-0.8233458048543819,-1.6044539843994063,0.8534829821255017,-1.0359701353599244,-1.0642193113282834,-0.6528585502246412
1.7521970116252676,0.05954852944981806,-0.7960149197521121,1.084601092422165,1.7033202533003848,-0.19583478118764178,0.1733479513517106,1.225486154149745,1.5592027170701723,1.3131983079178737,-0.8233458048543819,-1.6044539843994063,1.5993017044123141,-0.4332469455309864,0.7849726469253369,-0.6528585502246412
0.7337390511968704,0.4958014924521453,-0.7265293662711684,0.27660425177987663,0.09130287327425743,-0.9427342644805821,-0.07869268873962962,-1.1341774327438634,-0.1557636878178751,-0.7071067811865477,-0.8233458048543819,0.7435274561850906,0.49122817415762143,-0.591858311275443,-0.6719664716987276,-0.6528585502246412
-0.045081742071903914,0.7575532702535416,1.0106094707524274,0.599802988036792,-0.12363277739589291,0.958464420265084,-0.24671978213385645,-1.1341774327438634,-0.08119993108361247,0.303045763365663,0.574129394332688,-0.4304632641071578,0.27813711064710356,1.1845889850624798,-0.7840387115928864,0.3959102051563083
-1.0036304107103953,-1.1619597669566981,0.802152810309596,-1.500988797633158,-1.5744484194194077,0.6189646551319294,1.6015782452026386,1.7384564991266165,0.03810207969120829,0.303045763365663,-0.8233458048543819,-0.4304632641071578,-1.6609915672986086,0.23292079059573492,2.0177672857610838,-0.6528585502246412
-0.6441746599709611,-0.7257068039543709,1.149580577714315,-0.7737916410550983,-0.9833753800764943,-0.2637347342142727,-0.7508010623165369,-0.005642673794746285,-0.46893146610177927,-0.7071067811865477,0.574129394332688,0.7435274561850906,-1.0004092704160035,0.13775397114906043,-0.5038581118574894,0.3959102051563083
0.3742833004574361,-1.7727139151599562,-1.4213849010806066,0.19580456771564778,0.35997243661194533,-1.010634217507213,-2.263044902864578,0.096951395200628,-2.3628508871520566,-0.7071067811865477,-0.8233458048543819,0.7435274561850906,-0.1054268036718285,-1.7655824177844284,-1.4564721509578393,-0.6528585502246412
-0.045081742071903914,1.3683074184567998,-0.031673831461730056,-0.6121922729266407,-0.8759075547414191,1.909063762637917,-0.6667875156194235,0.7125158091728737,-0.3347167039801063,-1.7172593257387583,-0.8233458048543819,0.7435274561850906,-0.19066322907603564,1.3749226239558288,-0.05556915228085417,-1.1772429279151162
1.5724691362555505,0.8448038628540071,-1.0044715801949438,0.7614023561652496,0.6286419999496332,-0.5353345463207965,-1.002841702407877,-0.5186130187716177,-0.5136697201423374,2.3233508524700843,-0.8233458048543819,-0.4304632641071578,1.2157377900933821,-0.40152467238209405,-0.9521470714341247,0.3959102051563083
-1.303176869659924,1.019305048054938,-0.30961604538550536,-0.20819385260549642,-0.39230234073358083,-0.12793482816101084,-0.07869268873962962,-1.2367715017392378,-0.4241932120612212,-2.727411870290969,-0.8233458048543819,1.917518176477339,-0.42506339893760525,0.16947624429795283,-0.728002591645807,-1.1772429279151162
0.9134669265665876,-0.28945384095204374,-1.9077837754472136,-0.450592904798183,1.0047793886223964,-1.146434123560475,-1.002841702407877,0.5073276711821251,0.06792758238491414,0.303045763365663,0.574129394332688,0.7435274561850906,0.533846386859725,-1.5118042325932968,-0.3917858719633306,0.9202945828467831
1.872015595205079,-0.5512056187534401,-0.7265293662711684,1.2462004605506227,1.971989816638073,-1.2822340296137367,0.34137504474593744,0.096951395200628,0.8135651497275432,0.303045763365663,-0.8233458048543819,-0.4304632641071578,1.6419199171144176,-1.1311369548065988,0.2806475674016223,-0.6528585502246412
-0.7040839517608668,0.05954852944981806,1.5664938985999781,-0.7737916410550983,-1.1983110307466447,0.7547645611851913,2.1896730720824324,1.533268361135868,0.12757858777232453,0.303045763365663,1.971604593519758,-0.4304632641071578,-0.9151728450117962,1.0894221656158052,2.2979478854964808,1.4446789605372579
0.2544647168776247,1.5428086036577306,1.2885516846762026,1.0038014083579363,0.5211741746145581,1.162164279344977,0.9294698716257312,-0.10823674279012056,1.2758604414799726,1.3131983079178737,-0.8233458048543819,0.7435274561850906,0.9387194075297088,1.6921453554447445,0.5608281671370193,0.3959102051563083
-0.8239025353406783,-0.20220324835157827,0.17678282898110143,-0.3697932207339541,-0.23110060273096808,1.4337640914515006,1.6015782452026386,1.225486154149745,0.17231684181288265,1.3131983079178737,-0.8233458048543819,-1.6044539843994063,-0.5316089306928642,0.6770326146802162,1.7375866860256868,-0.6528585502246412
0.4341925922473418,-0.7257068039543709,-0.7265293662711684,1.084601092422165,1.3809167772951594,-1.010634217507213,-1.7589636226818979,-0.10823674279012056,0.7390013929932806,1.3131983079178737,-0.8233458048543819,-0.4304632641071578,0.8108647694233981,-1.067692408508816,-1.2323276711695217,-0.1284741725341665
-1.6027233286094524,-1.2492103595571635,0.5936961498667644,-0.3697932207339541,-0.8221736420738815,-0.7390344054006892,0.005320857957483786,0.5073276711821251,-0.26015294724584226,-0.7071067811865477,-0.8233458048543819,-0.4304632641071578,-1.2987367593307284,-0.5284137649776609,0.2806475674016223,-1.1772429279151162
-0.7639932435507725,0.23404971465074895,0.8716383637905397,1.569399196807538,-0.39230234073358083,0.8905644672384532,-0.7508010623165369,0.815109878168248,1.6188537224575814,0.303045763365663,0.574129394332688,-0.4304632641071578,0.04373694078553398,0.8990885267224563,-0.05556915228085417,0.3959102051563083
-1.0036304107103953,-1.4237115447580946,1.4275227916380904,-0.935391009183556,-2.0043197207597085,0.21156493697214382,0.677429231534391,-0.5186130187716177,0.7688268956869851,0.303045763365663,-0.8233458048543819,0.7435274561850906,-1.7462279927028157,0.23292079059573492,0.16857532750746346,-0.1284741725341665
-1.1234489942902068,1.4555580110572652,0.10729727550015761,0.11500488365141895,-1.1445771180791071,0.8905644672384532,0.005320857957483786,-0.3134248807808691,-0.36454220667381076,1.3131983079178737,-0.8233458048543819,-0.4304632641071578,-0.4676816116397088,0.9942553461691307,-0.16764139217501298,-0.1284741725341665
-1.482904745029641,-1.6854633225594908,1.3580372381571466,0.0342051995871901,-1.3595127687492574,1.0942643263183458,1.5175646985055251,1.8410505681219909,0.7390013929932806,0.303045763365663,-0.8233458048543819,-1.6044539843994063,-1.4692096101391425,0.5184212489357584,2.0177672857610838,-1.1772429279151162
0.7337390511968704,-0.11495265575111283,-0.17064493842361772,0.27660425177987663,0.4674402619470205,0.1436649839455129,0.08933440465459719,-0.41601894977624343,0.39600811201567054,0.303045763365663,0.574129394332688,1.917518176477339,0.49122817415762143,-0.052579667744288516,-0.16764139217501298,1.4446789605372579
-0.6441746599709611,0.05954852944981806,-0.031673831461730056,-0.6929919569908695,-0.768439729406344,-0.4674345932941655,0.005320857957483786,-2.6730884676744777,-0.9312267578542087,-0.7071067811865477,-0.8233458048543819,0.7435274561850906,-0.7020817815012784,-0.21119103348874507,-1.4564721509578393,-0.6528585502246412
-0.8838118271305839,0.40855089985167986,1.2190661311952589,-0.5313925888624118,-0.9296414674089567,0.7547645611851913,2.0216459786882055,1.943644637117365,1.8425449926603705,2.3233508524700843,-0.8233458048543819,0.7435274561850906,-0.7233908878523302,1.057699892466914,2.4100201253906395,0.9202945828467831
1.3927412608858332,-0.5512056187534401,-0.6570438127902245,-0.8545913251193272,1.1122472139574715,-1.5538338417202604,-0.58277396892231,-0.005642673794746285,0.36618260932196606,0.303045763365663,-0.8233458048543819,-1.6044539843994063,0.5764645995618285,-1.2263037742532732,-0.3917858719633306,-1.1772429279151162
-0.4045374928113382,0.3213003072512144,1.2190661311952589,-0.3697932207339541,-0.6609719040712687,1.6374639505313933,0.257361498048824,-2.5704943986791036,-0.7373609903451254,0.303045763365663,0.574129394332688,0.7435274561850906,-0.42506339893760525,1.438367170253612,-1.2323276711695217,0.9202945828467831
-1.4229954532397353,-0.20220324835157827,0.5936961498667644,-1.0161906932477849,-1.1983110307466447,0.7547645611851913,-1.590936529287671,-1.2367715017392378,-1.0356160172821771,-0.7071067811865477,-0.8233458048543819,0.7435274561850906,-1.2987367593307284,0.5501435220846508,-1.7366527506932363,-0.6528585502246412
0.3742833004574361,1.3683074184567998,1.4970083451190341,0.43820361990833434,-0.06989886472835533,1.7053639035580244,1.0974969650199582,0.096951395200628,1.0074309172366267,1.3131983079178737,1.971604593519758,0.7435274561850906,0.5551554932107767,1.977645813784768,0.7849726469253369,2.4934477159182076
-0.9437211189204896,-0.9002079891553019,1.4970083451190341,-1.420189113568929,-1.0908432054115693,0.7547645611851913,1.9376324319910923,1.533268361135868,0.6793503876058702,0.303045763365663,-0.8233458048543819,-1.6044539843994063,-1.3626640783838837,0.7087548878291073,2.1298395256552425,-1.1772429279151162
-1.063539702500301,1.630059196258196,0.8716383637905397,-0.3697932207339541,-0.2848345153985057,0.21156493697214382,0.5934156848372777,-1.4419596397299863,0.36618260932196606,-0.7071067811865477,0.574129394332688,-0.4304632641071578,-0.19066322907603564,1.0894221656158052,-0.3917858719633306,-0.1284741725341665
-0.10499103386180964,-0.20220324835157827,-2.185725989370989,-0.1273941685412676,1.434650689962697,-2.5044331840930933,-0.41474687552808326,-0.9289892947531149,-0.5285824714891897,-0.7071067811865477,-0.8233458048543819,-0.4304632641071578,0.44860996145551785,-2.241416515017801,-0.7840387115928864,-1.1772429279151162
1.3328319690959276,-1.2492103595571635,-0.30961604538550536,1.3270001446148516,1.058513301289934,0.4831647490786675,-0.6667875156194235,0.096951395200628,-0.46893146610177927,0.303045763365663,-0.8233458048543819,-1.6044539843994063,0.9387194075297088,-0.369802399233203,-0.3917858719633306,-1.1772429279151162
0.6738297594069647,-1.3364609521576292,-1.2129282406377753,0.19580456771564778,1.165981126625009,-1.2822340296137367,-0.9188281557107637,-0.8263952257577405,-0.28997844993954813,0.303045763365663,0.574129394332688,0.7435274561850906,0.4273008551044661,-1.638693325188863,-1.0642193113282834,0.9202945828467831
0.6738297594069647,0.1467991220502835,-0.6570438127902245,0.19580456771564778,-0.016164952060817746,-1.0785341705338438,-0.7508010623165369,-0.21083081178549484,-1.2145690334444084,0.303045763365663,-0.8233458048543819,-0.4304632641071578,0.32075532334920714,-0.7504696770199009,-0.6159303517516482,-0.6528585502246412
-0.7040839517608668,0.1467991220502835,1.9139216660046972,0.0342051995871901,-1.3595127687492574,1.2979641853982387,-0.24671978213385645,-1.339365570734612,-0.14085093647102284,-0.7071067811865477,0.574129394332688,0.7435274561850906,-0.744699994203382,1.5335339897002866,-0.8961109514870452,0.3959102051563083
-0.3446282010214325,0.5830520850526107,-0.031673831461730056,-0.04659448447703874,-1.0371092927440317,0.4152647960520366,0.42538859144305086,-1.2367715017392378,-1.2593072874849665,-1.7172593257387583,0.574129394332688,0.7435274561850906,-0.40375429258655343,0.39153215634019284,-0.3917858719633306,-0.1284741725341665
0.7936483429867761,0.5830520850526107,-0.6570438127902245,1.0038014083579363,1.0047793886223964,-0.12793482816101084,-0.4987604222251967,0.40473360218675086,0.0828403337317664,1.3131983079178737,-0.8233458048543819,-0.4304632641071578,1.0878831519870713,-0.147746487190963,-0.11160527222793358,-0.1284741725341665
1.1531040937262105,-0.8129573965548363,-0.44858715234739305,0.27660425177987663,1.3271828646276218,0.07576503091888195,-0.33073332883096984,1.943644637117365,1.2311221874394158,1.3131983079178737,1.971604593519758,-0.4304632641071578,0.8108647694233981,-0.46496921867987745,0.8410087668724163,1.9690633382277327
1.2729226773060218,-0.5512056187534401,-0.9349860267139999,0.8422020402294785,1.1122472139574715,-1.2822340296137367,0.34137504474593744,0.815109878168248,-1.4084348009534917,0.303045763365663,-0.8233458048543819,-1.6044539843994063,0.9813376202318124,-1.2263037742532732,0.6729004070311781,-1.1772429279151162
1.872015595205079,0.6703026776530762,-1.4908704545615505,2.2157966693213687,1.971989816638073,-0.2637347342142727,-0.4987604222251967,1.3280802231451194,2.1557127709442763,2.3233508524700843,-0.8233458048543819,-1.6044539843994063,2.195956682241764,-0.560136038126552,0.3927198072957811,-0.1284741725341665
0.9733762183564932,1.1065556406554033,-0.5180727058283369,1.8117982490002247,1.7033202533003848,-1.0785341705338438,0.42538859144305086,1.4306742921404936,0.7837396470338374,1.3131983079178737,0.574129394332688,-0.4304632641071578,1.7697745552207285,-0.3380801260843119,1.0651532466607339,0.9202945828467831
-0.3446282010214325,0.5830520850526107,-0.5180727058283369,-0.6121922729266407,0.5749080872820956,-0.6711344523740583,-0.4987604222251967,-1.031583363748489,-1.4680858063409021,-0.7071067811865477,-0.8233458048543819,0.7435274561850906,0.08635515348763755,-0.3380801260843119,-0.8961109514870452,-0.6528585502246412
0.13464613329781322,1.979061566660058,0.7326672568286521,0.6806026721010209,0.7361098252847085,-0.39953464026753455,0.42538859144305086,-0.3134248807808691,0.8135651497275432,-0.7071067811865477,0.574129394332688,0.7435274561850906,1.0026467265828642,0.8673662535735652,0.11253920756038405,0.3959102051563083
0.9733762183564932,-0.5512056187534401,-1.2129282406377753,1.8117982490002247,1.5958524279653097,-1.010634217507213,-0.7508010623165369,1.6358624301312423,0.8583034037681013,2.3233508524700843,0.574129394332688,-0.4304632641071578,1.322283321848641,-1.2263037742532732,0.3927198072957811,1.4446789605372579
0.014827549718001801,-0.4639550261529746,1.6359794520809219,0.599802988036792,-0.1773666900634305,0.007865077892251018,2.0216459786882055,1.943644637117365,1.4697262089890561,1.3131983079178737,-0.8233458048543819,-0.4304632641071578,-0.02019037826762137,0.5818657952335418,2.4100201253906395,-0.1284741725341665
-0.8239025353406783,0.1467991220502835,1.5664938985999781,0.35740393584410546,-0.768439729406344,1.2979641853982387,1.4335511518084116,2.251426844103488,0.9477799118492163,-0.7071067811865477,0.574129394332688,-0.4304632641071578,-0.4676816116397088,1.3749226239558288,2.185875645602322,-0.1284741725341665
-0.22480961744162106,0.05954852944981806,0.8716383637905397,-0.7737916410550983,-0.5535040787361936,0.4152647960520366,-0.4987604222251967,-0.005642673794746285,-0.7373609903451254,-0.7071067811865477,0.574129394332688,0.7435274561850906,-0.4889907179907606,0.6135880683824328,-0.3357497520162512,0.3959102051563083
-1.303176869659924,0.9320544554544725,-0.031673831461730056,-0.450592904798183,-0.2848345153985057,-0.3316346872409036,-1.170868795802104,-1.6471477777207348,-1.4084348009534917,-1.7172593257387583,-0.8233458048543819,1.917518176477339,-0.4676816116397088,0.16947624429795283,-1.680616630746157,-0.6528585502246412
-0.46444678460124394,-1.0747091743562327,1.2190661311952589,-0.3697932207339541,-0.5535040787361936,1.026364373291715,0.7614427782315044,-0.41601894977624343,0.17231684181288265,0.303045763365663,0.574129394332688,0.7435274561850906,-0.744699994203382,0.6453103415313253,0.2806475674016223,0.9202945828467831
-0.16490032565171533,0.8448038628540071,0.802152810309596,-0.28899353666972527,-1.2520449434141823,1.909063762637917,0.08933440465459719,0.19954546419600228,0.7539141443401328,0.303045763365663,0.574129394332688,0.7435274561850906,-0.42506339893760525,1.5652562628491775,0.16857532750746346,0.9202945828467831
0.6738297594069647,1.2810568258563344,0.037811722019213775,1.4077998286790805,0.6823759126171709,-1.0785341705338438,-0.07869268873962962,0.096951395200628,0.5451356254841971,1.3131983079178737,-0.8233458048543819,-1.6044539843994063,1.1944286837423301,-0.02085739459539612,0.000466967666225237,-0.6528585502246412
-0.3446282010214325,-1.51096213735856,0.8716383637905397,-0.7737916410550983,-1.3595127687492574,0.7547645611851913,0.9294698716257312,0.7125158091728737,0.1872295931597349,0.303045763365663,0.574129394332688,-0.4304632641071578,-1.234809440277573,0.2011985174468439,1.0091171267136545,0.3959102051563083
-0.16490032565171533,0.9320544554544725,0.7326672568286521,0.19580456771564778,-0.6609719040712687,0.5510647021052985,0.7614427782315044,0.19954546419600228,0.5749611281779017,0.303045763365663,0.574129394332688,0.7435274561850906,-0.04149948461867315,0.9308107998713486,0.6168642870840987,0.9202945828467831
-1.1833582860801126,0.40855089985167986,0.3157539359429891,-0.1273941685412676,-0.6072379914037311,-0.12793482816101084,0.1733479513517106,-0.5186130187716177,-0.4092804607143689,-0.7071067811865477,-0.8233458048543819,0.7435274561850906,-0.5955362497460195,0.23292079059573492,-0.16764139217501298,-0.6528585502246412
-0.9437211189204896,0.5830520850526107,0.17678282898110143,-1.6625881657616155,-0.5535040787361936,1.2300642323716078,1.4335511518084116,-1.5445537087253605,-2.0944213629087103,-2.727411870290969,-0.8233458048543819,0.7435274561850906,-0.8512455259586409,0.8673662535735652,0.11253920756038405,-1.7016273056055908
-0.3446282010214325,0.40855089985167986,1.2190661311952589,0.9230017242937074,-0.6609719040712687,0.4831647490786675,0.1733479513517106,-0.5186130187716177,0.0828403337317664,-0.7071067811865477,0.574129394332688,-0.4304632641071578,-0.04149948461867315,0.9308107998713486,-0.16764139217501298,-0.1284741725341665
1.872015595205079,-0.5512056187534401,-0.17064493842361772,2.0541973011929113,1.434650689962697,-0.8748343114539511,-0.7508010623165369,0.6099217401774994,1.0521691712771848,1.3131983079178737,-0.8233458048543819,-1.6044539843994063,1.6419199171144176,-0.6870251307221181,-0.16764139217501298,-0.6528585502246412
1.452650552675739,1.7173097888586615,-0.10115938494267389,1.0038014083579363,0.6286419999496332,0.4152647960520366,1.265524058414185,-0.621207087766992,1.7083302305386976,0.303045763365663,-0.8233458048543819,0.7435274561850906,1.4501379599549515,0.7721994341268907,0.5047920471899399,-0.1284741725341665
1.872015595205079,0.40855089985167986,-0.7265293662711684,0.7614023561652496,1.7570541659679226,-0.8748343114539511,-0.58277396892231,-0.10823674279012056,1.1863839333988577,0.303045763365663,-0.8233458048543819,-0.4304632641071578,1.6632290234654694,-0.591858311275443,-0.44782199191041,-0.6528585502246412
-0.045081742071903914,0.8448038628540071,0.17678282898110143,1.1654007764863938,-0.7147058167388063,1.162164279344977,0.5934156848372777,-0.621207087766992,-0.26015294724584226,0.303045763365663,-0.8233458048543819,-0.4304632641071578,0.21420979159394823,0.9308107998713486,0.056503087613304644,-0.6528585502246412
1.6922877198353619,-0.027702063150647382,-1.0739571336758875,0.7614023561652496,1.0047793886223964,-0.8069343584273202,-0.58277396892231,-0.21083081178549484,0.9626926631960685,1.3131983079178737,0.574129394332688,-0.4304632641071578,1.1944286837423301,-0.8773587696154671,-0.5038581118574894,0.9202945828467831
0.5540111758271532,0.6703026776530762,1.4970083451190341,-1.0161906932477849,-1.2520449434141823,0.07576503091888195,0.42538859144305086,0.815109878168248,0.1872295931597349,0.303045763365663,-0.8233458048543819,-0.4304632641071578,-0.40375429258655343,0.9625330730202397,0.7289365269782575,-0.6528585502246412
-0.8239025353406783,0.6703026776530762,0.17678282898110143,-0.935391009183556,-0.23110060273096808,-0.7390344054006892,0.1733479513517106,-1.2367715017392378,-0.7522737416919776,-0.7071067811865477,-0.8233458048543819,0.7435274561850906,-0.4676816116397088,-0.02085739459539612,-0.5598942318045688,-0.6528585502246412
1.3927412608858332,-0.5512056187534401,-1.4908704545615505,0.43820361990833434,1.434650689962697,-1.146434123560475,-1.0868552491049905,-0.10823674279012056,0.36618260932196606,1.3131983079178737,1.971604593519758,-0.4304632641071578,1.0452649392849678,-1.4166374131466222,-0.7840387115928864,1.9690633382277327
-0.045081742071903914,1.2810568258563344,1.0106094707524274,0.0342051995871901,-1.0371092927440317,1.5016640444781315,0.8454563249286179,-0.7238011567623662,0.9776054145429208,-1.7172593257387583,-0.8233458048543819,3.0915088967695876,-0.1054268036718285,1.628700809146961,0.16857532750746346,-0.1284741725341665
-0.5243560763911497,-0.20220324835157827,-0.37910159886644923,-1.9049872179543021,-1.7356501574220204,0.8905644672384532,-0.07869268873962962,-1.031583363748489,-0.7522737416919776,0.303045763365663,-0.8233458048543819,0.7435274561850906,-1.426591397437039,0.16947624429795283,-0.6159303517516482,-0.1284741725341665
-0.9437211189204896,0.4958014924521453,1.149580577714315,-1.500988797633158,-0.6609719040712687,0.6189646551319294,2.3577001654766594,1.225486154149745,1.2758604414799726,0.303045763365663,-0.8233458048543819,-1.6044539843994063,-0.8725546323096927,0.9942553461691307,2.2419117655494016,-1.1772429279151162
-0.5243560763911497,1.7173097888586615,-0.031673831461730056,-1.8241875338900733,-1.0371092927440317,0.4831647490786675,0.08933440465459719,-2.365306260688355,-0.6180589795703045,-1.7172593257387583,-0.8233458048543819,0.7435274561850906,-0.6594635687991749,0.8356439804246741,-1.2323276711695217,-1.1772429279151162
-1.063539702500301,0.9320544554544725,1.3580372381571466,-0.20819385260549642,-0.8221736420738815,1.7053639035580244,0.257361498048824,-0.621207087766992,0.7837396470338374,0.303045763365663,-0.8233458048543819,-1.6044539843994063,-0.5316089306928642,1.7555899017425265,-0.16764139217501298,-1.1772429279151162
-0.4045374928113382,0.40855089985167986,0.6631817033477082,-0.3697932207339541,-0.6072379914037311,0.21156493697214382,0.1733479513517106,-0.9289892947531149,-0.7970119957325357,0.303045763365663,1.971604593519758,0.7435274561850906,-0.38244518623550167,0.5501435220846508,-0.3917858719633306,1.9690633382277327
0.07473684150790752,0.9320544554544725,0.037811722019213775,0.35740393584410546,-0.2848345153985057,1.7732638565846552,1.0134834183228447,1.8410505681219909,0.6196993822184598,-0.7071067811865477,0.574129394332688,0.7435274561850906,0.23551889794500003,1.1845889850624798,1.6815505660786074,0.3959102051563083
1.5724691362555505,-0.8129573965548363,-0.24013049190456154,1.3270001446148516,1.971989816638073,-1.2822340296137367,-0.33073332883096984,0.5073276711821251,0.5153101227904914,2.3233508524700843,-0.8233458048543819,-0.4304632641071578,1.4927561726570553,-1.0042478622110327,0.056503087613304644,0.3959102051563083
-0.5243560763911497,-0.11495265575111283,-0.10115938494267389,-0.6121922729266407,-1.413246681416795,0.1436649839455129,-0.07869268873962962,-2.775682536669852,-1.8409045900122167,-1.7172593257387583,-0.8233458048543819,0.7435274561850906,-0.9364819513628481,-0.02085739459539612,-1.568544390851998,-1.1772429279151162
-0.5243560763911497,1.804560381459127,0.3157539359429891,-0.04659448447703874,-0.6072379914037311,1.2300642323716078,2.3577001654766594,0.5073276711821251,0.3363571066282602,0.303045763365663,0.574129394332688,0.7435274561850906,0.0011187280834304124,1.3749226239558288,1.8496589259198457,0.9202945828467831
1.2729226773060218,-0.9874585817557673,-1.0044715801949438,1.2462004605506227,1.1122472139574715,0.6868646081585603,-0.24671978213385645,-0.621207087766992,-0.5285824714891897,0.303045763365663,0.574129394332688,-0.4304632641071578,0.9813376202318124,-0.49669149182876854,-0.5038581118574894,0.3959102051563083
1.452650552675739,-0.027702063150647382,-0.44858715234739305,0.27660425177987663,1.165981126625009,-0.39953464026753455,0.7614427782315044,-0.3134248807808691,-1.020703265935325,0.303045763365663,0.574129394332688,-0.4304632641071578,1.0452649392849678,-0.40152467238209405,0.3366836873487017,0.3959102051563083
0.014827549718001801,-1.0747091743562327,-0.30961604538550536,0.0342051995871901,0.09130287327425743,-1.0785341705338438,-1.5069229825905577,0.30213953319137654,-1.3487837955660813,-0.7071067811865477,-0.8233458048543819,-0.4304632641071578,-0.2119723354270874,-1.0359701353599244,-0.8400748315399659,-1.1772429279151162
1.452650552675739,1.019305048054938,-1.0044715801949438,0.9230017242937074,0.789843737952246,-0.8069343584273202,-1.8429771693790111,1.122892085154371,0.5451356254841971,1.3131983079178737,-0.8233458048543819,-0.4304632641071578,1.322283321848641,-0.46496921867987745,-0.6159303517516482,-0.1284741725341665
-0.5842653681810553,0.6703026776530762,0.10729727550015761,-1.985786902018531,-1.1445771180791071,0.958464420265084,0.1733479513517106,-1.2367715017392378,-0.6478844822640104,-0.7071067811865477,0.574129394332688,-0.4304632641071578,-1.0217183767670552,0.7404771609779998,-0.5598942318045688,-0.1284741725341665
-0.46444678460124394,0.3213003072512144,1.4970083451190341,-1.420189113568929,-0.499770166068656,-0.6032344993474273,-0.41474687552808326,-0.41601894977624343,1.0819946739708892,0.303045763365663,0.574129394332688,0.7435274561850906,-0.6594635687991749,0.5184212489357584,-0.5038581118574894,0.9202945828467831
-1.2432675778700182,-2.121716285561818,-0.37910159886644923,-1.6625881657616155,-0.7147058167388063,0.34736484302540566,-0.16270623543674304,-1.1341774327438634,-1.4829985576877545,-0.7071067811865477,0.574129394332688,0.7435274561850906,-1.6823006736496604,-0.7821919501687926,-0.728002591645807,0.3959102051563083
-0.6441746599709611,-0.20220324835157827,0.45472504290487675,-1.500988797633158,-0.4460362534011184,1.6374639505313933,0.42538859144305086,-0.3134248807808691,-0.08119993108361247,-0.7071067811865477,0.574129394332688,0.7435274561850906,-0.8512455259586409,0.8990885267224563,0.11253920756038405,0.3959102051563083
0.9134669265665876,-0.20220324835157827,-1.0739571336758875,0.35740393584410546,1.1122472139574715,-1.4180339356669984,-0.16270623543674304,0.30213953319137654,-0.03646167704305436,1.3131983079178737,-0.8233458048543819,-1.6044539843994063,0.8108647694233981,-1.2263037742532732,0.056503087613304644,-0.6528585502246412
0.8535576347766818,1.4555580110572652,-0.17064493842361772,-0.450592904798183,-0.12363277739589291,1.4337640914515006,-0.8348146090136503,0.30213953319137654,0.3363571066282602,-0.7071067811865477,0.574129394332688,-0.4304632641071578,0.49122817415762143,1.1211444387646976,-0.3917858719633306,-0.1284741725341665
-2.561271997247944,-1.5982127299590254,-0.031673831461730056,-1.1777900613762426,-2.0043197207597085,-0.3316346872409036,1.265524058414185,-0.41601894977624343,-2.2733743790709418,-1.7172593257387583,-0.8233458048543819,-0.4304632641071578,-2.406810289585421,-0.7504696770199009,0.6168642870840987,-1.7016273056055908
-1.063539702500301,-0.20220324835157827,1.4275227916380904,0.11500488365141895,-1.1983110307466447,-0.6032344993474273,2.105659525385319,0.40473360218675086,-0.06628717973675888,0.303045763365663,-0.8233458048543819,-0.4304632641071578,-0.8725546323096927,0.29636533689351835,1.625514446131528,-0.6528585502246412
-1.8423604957690753,-0.28945384095204374,0.38523948942393293,-1.0969903773120138,-1.1445771180791071,-0.3316346872409036,1.4335511518084116,0.30213953319137654,-1.5277368117283125,-2.727411870290969,0.574129394332688,-0.4304632641071578,-1.4692096101391425,-0.08430194089317955,1.1211893666078134,-1.1772429279151162
-0.5243560763911497,-1.5982127299590254,1.149580577714315,-0.5313925888624118,-1.3595127687492574,0.5510647021052985,0.8454563249286179,-1.1341774327438634,0.4109208633625228,-0.7071067811865477,0.574129394332688,-0.4304632641071578,-1.2561185466286247,0.2011985174468439,-0.05556915228085417,-0.1284741725341665
-1.303176869659924,0.5830520850526107,0.037811722019213775,-1.500988797633158,-1.2520449434141823,-0.8748343114539511,-1.002841702407877,0.40473360218675086,-1.0803542713227354,-1.7172593257387583,0.574129394332688,0.7435274561850906,-1.2135003339265211,-0.17946876033985404,-0.44782199191041,-0.1284741725341665
0.7936483429867761,0.3213003072512144,-1.4908704545615505,0.6806026721010209,0.8435776506197836,-1.010634217507213,-1.002841702407877,0.815109878168248,-0.09611268243046474,2.3233508524700843,-0.8233458048543819,-1.6044539843994063,0.8747920884765535,-1.0359701353599244,-0.2236775121220924,-0.1284741725341665
-1.4229954532397353,0.3213003072512144,0.6631817033477082,-1.0969903773120138,-0.8759075547414191,1.026364373291715,0.5934156848372777,-2.6730884676744777,-1.6172133198094274,-1.7172593257387583,-0.8233458048543819,0.7435274561850906,-1.0643365894691588,0.8990885267224563,-1.0642193113282834,-1.1772429279151162
0.8535576347766818,0.05954852944981806,-0.5180727058283369,1.650198880871767,0.5749080872820956,0.1436649839455129,0.5094021381401642,0.096951395200628,1.932021500741487,1.3131983079178737,0.574129394332688,0.7435274561850906,0.9813376202318124,-0.147746487190963,0.3927198072957811,1.4446789605372579
1.3927412608858332,-0.11495265575111283,-0.7265293662711684,1.569399196807538,1.2197150392925467,-0.2637347342142727,0.42538859144305086,-0.21083081178549484,0.20214234450658716,2.3233508524700843,-0.8233458048543819,-1.6044539843994063,1.3649015345507445,-0.49669149182876854,0.16857532750746346,-0.1284741725341665
-1.482904745029641,-1.6854633225594908,0.45472504290487675,-1.8241875338900733,-1.3595127687492574,1.162164279344977,1.4335511518084116,1.122892085154371,-0.3496294553269585,-0.7071067811865477,-0.8233458048543819,-0.4304632641071578,-1.9593190562133336,0.13775397114906043,1.5694783261844485,-1.1772429279151162
1.033285510146399,-0.6384562113539055,-1.0739571336758875,2.2157966693213687,1.8107880786354602,-0.9427342644805821,0.257361498048824,-0.41601894977624343,0.09775308507861867,0.303045763365663,-0.8233458048543819,-0.4304632641071578,1.514065279008107,-1.1628592279554906,-0.05556915228085417,-0.6528585502246412
0.014827549718001801,0.4958014924521453,-0.37910159886644923,0.9230017242937074,-0.6072379914037311,0.21156493697214382,-0.07869268873962962,0.40473360218675086,0.589873879524754,-0.7071067811865477,0.574129394332688,0.7435274561850906,0.12897336618974112,0.1060316980001694,0.16857532750746346,0.3959102051563083
-1.303176869659924,0.9320544554544725,1.6359794520809219,-0.3697932207339541,-0.6072379914037311,0.8905644672384532,-0.58277396892231,-0.621207087766992,0.6793503876058702,0.303045763365663,-0.8233458048543819,-0.4304632641071578,-0.5742271433949677,1.5018117165513956,-0.728002591645807,-0.6528585502246412
-0.10499103386180964,-1.51096213735856,-1.2129282406377753,-0.6121922729266407,0.03756896060671984,-1.7575337008001533,-1.170868795802104,-1.031583363748489,-1.9602066007870373,-0.7071067811865477,-0.8233458048543819,-0.4304632641071578,-0.552918037043916,-1.9241937835288863,-1.3443999110636804,-1.1772429279151162
1.213013385516116,-1.2492103595571635,-1.0044715801949438,1.4885995127433094,1.1122472139574715,-1.893333606853415,-0.9188281557107637,-1.8523359157114834,-1.2443945361381128,1.3131983079178737,-0.8233458048543819,-0.4304632641071578,0.9600285138807606,-1.7973046909333201,-1.6245805107990776,-0.1284741725341665
-0.7639932435507725,-0.027702063150647382,0.17678282898110143,-0.04659448447703874,-1.2520449434141823,1.026364373291715,0.8454563249286179,-0.621207087766992,-0.37945495802066304,-0.7071067811865477,-0.8233458048543819,-0.4304632641071578,-0.7873182069054855,0.5501435220846508,0.22461144745454287,-1.1772429279151162
-0.6441746599709611,-0.7257068039543709,0.9411239172714836,-0.450592904798183,-0.2848345153985057,1.026364373291715,1.3495376051112984,0.7125158091728737,0.3214443552814079,1.3131983079178737,1.971604593519758,-0.4304632641071578,-0.638154462448123,0.6453103415313253,1.2892977264490515,1.9690633382277327
-1.9022697875589811,-1.5982127299590254,0.5242105963858206,-1.3393894295047002,-1.3057788560817198,-0.4674345932941655,2.3577001654766594,1.7384564991266165,-0.12593818512416927,0.303045763365663,-0.8233458048543819,-0.4304632641071578,-1.9380099498622818,-0.560136038126552,2.5220923652847986,-0.6528585502246412
1.872015595205079,0.9320544554544725,0.24626838246204527,1.9733976171286824,1.971989816638073,0.4152647960520366,0.5094021381401642,1.7384564991266165,2.3943167924939175,3.333503397022295,-0.8233458048543819,0.7435274561850906,2.195956682241764,0.6453103415313253,1.2892977264490515,1.4446789605372579
-1.482904745029641,-0.6384562113539055,0.037811722019213775,-0.5313925888624118,-0.2848345153985057,0.4831647490786675,1.5175646985055251,1.122892085154371,0.14249133911917677,0.303045763365663,-0.8233458048543819,-0.4304632641071578,-0.9364819513628481,0.010864878553494921,1.625514446131528,-0.6528585502246412
0.613920467617059,-1.6854633225594908,-1.2129282406377753,0.43820361990833434,0.5749080872820956,-0.4674345932941655,-1.0868552491049905,-0.621207087766992,-0.1557636878178751,0.303045763365663,0.574129394332688,-0.4304632641071578,0.15028247254079288,-1.3849151399977306,-1.0642193113282834,0.3959102051563083
1.213013385516116,-0.027702063150647382,-0.865500473233056,0.599802988036792,1.058513301289934,-0.3316346872409036,-1.5069229825905577,0.30213953319137654,0.05301483103806188,0.303045763365663,-0.8233458048543819,0.7435274561850906,1.0026467265828642,-0.560136038126552,-0.8400748315399659,-0.1284741725341665
1.213013385516116,0.5830520850526107,1.6359794520809219,1.4885995127433094,-0.23110060273096808,1.7053639035580244,-0.16270623543674304,-0.005642673794746285,1.5293772143764677,1.3131983079178737,1.971604593519758,-0.4304632641071578,0.8747920884765535,1.7555899017425265,-0.11160527222793358,1.9690633382277327
1.2729226773060218,0.4958014924521453,-0.6570438127902245,0.11500488365141895,0.7361098252847085,0.21156493697214382,0.005320857957483786,0.096951395200628,1.812719489966666,-0.7071067811865477,0.574129394332688,-0.4304632641071578,0.8961011948276053,-0.02085739459539612,0.056503087613304644,-0.1284741725341665
1.7521970116252676,-0.6384562113539055,-1.5603560080424943,1.3270001446148516,1.5958524279653097,-1.4180339356669984,-0.07869268873962962,0.7125158091728737,0.7091758902995747,0.303045763365663,1.971604593519758,-1.6044539843994063,1.4501379599549515,-1.6069710520399711,0.3366836873487017,0.9202945828467831
0.7337390511968704,-0.11495265575111283,-1.0739571336758875,1.2462004605506227,1.2197150392925467,-2.23283337198657,0.1733479513517106,1.225486154149745,0.09775308507861867,0.303045763365663,-0.8233458048543819,-1.6044539843994063,1.0452649392849678,-1.5752487788910794,0.7849726469253369,-1.1772429279151162
-0.10499103386180964,0.4958014924521453,0.9411239172714836,-0.6121922729266407,-0.499770166068656,0.8226645142118222,0.5094021381401642,-2.467900329683729,-0.6627972336108626,0.303045763365663,0.574129394332688,0.7435274561850906,-0.2758996544802428,0.9942553461691307,-1.008183191381204,0.9202945828467831
1.6922877198353619,-0.6384562113539055,-1.282413794118719,1.084601092422165,1.6495863406328473,-1.7575337008001533,0.005320857957483786,1.122892085154371,1.4846389603359083,0.303045763365663,0.574129394332688,-0.4304632641071578,1.3862106409017962,-1.638693325188863,0.6168642870840987,0.3959102051563083
0.014827549718001801,-1.3364609521576292,-0.6570438127902245,1.0038014083579363,1.0047793886223964,-0.06003487513437991,0.005320857957483786,0.096951395200628,0.9030416578086581,0.303045763365663,1.971604593519758,1.917518176477339,0.3420644297002589,-0.8139142233176837,0.056503087613304644,2.4934477159182076
-0.045081742071903914,0.23404971465074895,-0.10115938494267389,-0.935391009183556,-0.8221736420738815,0.4152647960520366,-0.8348146090136503,-1.5445537087253605,0.7091758902995747,-1.7172593257387583,0.574129394332688,1.917518176477339,-0.5316089306928642,0.23292079059573492,-1.40043603101076,0.3959102051563083
0.613920467617059,2.240813344461454,0.8716383637905397,0.599802988036792,-0.33856842806604326,0.21156493697214382,-0.24671978213385645,-0.005642673794746285,0.11266583642547226,-0.7071067811865477,0.574129394332688,0.7435274561850906,0.7895556630723464,1.3114780776580466,-0.16764139217501298,0.3959102051563083
1.872015595205079,-0.28945384095204374,0.17678282898110143,2.0541973011929113,1.971989816638073,0.21156493697214382,0.1733479513517106,-0.21083081178549484,2.1706255222911284,2.3233508524700843,0.574129394332688,-0.4304632641071578,1.9189382996780908,0.07430942485127835,0.000466967666225237,1.4446789605372579
-1.722541912189264,-0.9874585817557673,1.2885516846762026,0.6806026721010209,-0.2848345153985057,0.958464420265084,1.5175646985055251,0.9177039471636222,0.5153101227904914,0.303045763365663,-0.8233458048543819,-1.6044539843994063,-0.7873182069054855,0.6770326146802162,1.5134422062373691,-1.1772429279151162
1.1531040937262105,0.3213003072512144,0.037811722019213775,1.0038014083579363,0.30623852394440776,0.4831647490786675,-0.41474687552808326,1.122892085154371,0.7390013929932806,0.303045763365663,-0.8233458048543819,0.7435274561850906,0.8747920884765535,0.3598098831913018,0.3366836873487017,-0.1284741725341665
0.19455542508771895,1.3683074184567998,1.5664938985999781,-0.450592904798183,-1.0371092927440317,0.4831647490786675,0.005320857957483786,-0.3134248807808691,0.05301483103806188,0.303045763365663,-0.8233458048543819,0.7435274561850906,-0.1267359100228803,1.438367170253612,-0.16764139217501298,-0.1284741725341665
-1.1234489942902068,0.6703026776530762,-0.6570438127902245,-0.6121922729266407,-0.33856842806604326,1.8411638096112861,0.5934156848372777,0.6099217401774994,-0.23032744455213774,0.303045763365663,0.574129394332688,-0.4304632641071578,-0.5316089306928642,0.8039217072757818,0.7289365269782575,0.3959102051563083
-0.22480961744162106,-0.28945384095204374,0.3157539359429891,-1.0161906932477849,-0.8759075547414191,0.21156493697214382,-0.8348146090136503,-1.749741846716109,-1.0505287686290294,-1.7172593257387583,0.574129394332688,-0.4304632641071578,-0.7660091005544337,0.13775397114906043,-1.5125082709049187,-0.6528585502246412
-0.5842653681810553,-0.027702063150647382,0.6631817033477082,0.0342051995871901,-1.0371092927440317,2.0448636686911787,0.257361498048824,-1.031583363748489,0.12757858777232453,0.303045763365663,0.574129394332688,0.7435274561850906,-0.6168453560970713,1.248033531360263,-0.3917858719633306,0.9202945828467831
0.49410188403724753,0.3213003072512144,-1.2129282406377753,0.35740393584410546,0.9510454759548588,-2.0970334659333076,-0.33073332883096984,-0.8263952257577405,-1.2742200388318188,0.303045763365663,0.574129394332688,-0.4304632641071578,0.725628344019191,-1.4166374131466222,-0.6719664716987276,0.3959102051563083
-0.7639932435507725,0.9320544554544725,1.0106094707524274,-1.1777900613762426,-0.5535040787361936,2.0448636686911787,0.8454563249286179,-0.10823674279012056,1.20129668474571,-0.7071067811865477,-0.8233458048543819,-0.4304632641071578,-0.5742271433949677,1.7555899017425265,0.5047920471899399,-1.1772429279151162
0.4341925922473418,0.4958014924521453,-0.5180727058283369,0.0342051995871901,0.30623852394440776,-0.8748343114539511,-0.41474687552808326,-0.5186130187716177,-1.2443945361381128,0.303045763365663,-0.8233458048543819,-0.4304632641071578,0.40599174875341426,-0.46496921867987745,-0.5598942318045688,-0.6528585502246412
0.8535576347766818,-0.9002079891553019,-0.6570438127902245,1.0038014083579363,0.5211741746145581,-0.39953464026753455,-0.07869268873962962,-0.10823674279012056,-0.27506569859269586,-0.7071067811865477,-0.8233458048543819,1.917518176477339,0.5551554932107767,-0.8139142233176837,-0.11160527222793358,-0.1284741725341665
-1.482904745029641,0.05954852944981806,0.5242105963858206,-0.935391009183556,-0.7147058167388063,-0.06003487513437991,0.005320857957483786,0.19954546419600228,-0.6329717309171569,0.303045763365663,0.574129394332688,-0.4304632641071578,-1.043027483118107,0.23292079059573492,0.11253920756038405,0.3959102051563083
1.033285510146399,-0.28945384095204374,-1.0044715801949438,-0.7737916410550983,1.165981126625009,0.1436649839455129,0.257361498048824,1.6358624301312423,1.738155733232402,0.303045763365663,-0.8233458048543819,-1.6044539843994063,0.5551554932107767,-0.49669149182876854,1.0651532466607339,-1.1772429279151162
0.014827549718001801,-0.6384562113539055,-0.7960149197521121,-0.04659448447703874,-0.12363277739589291,-1.010634217507213,-0.8348146090136503,0.19954546419600228,0.17231684181288265,-0.7071067811865477,-0.8233458048543819,0.7435274561850906,-0.2119723354270874,-1.067692408508816,-0.44782199191041,-0.6528585502246412
0.9733762183564932,1.1065556406554033,-0.031673831461730056,0.6806026721010209,-0.8221736420738815,-0.4674345932941655,-1.2548823424992173,-1.031583363748489,-1.3636965469129336,-0.7071067811865477,-0.8233458048543819,0.7435274561850906,0.4699190678065696,0.16947624429795283,-1.40043603101076,-0.6528585502246412
0.3143740086675304,0.05954852944981806,1.0106094707524274,-0.450592904798183,-0.5535040787361936,1.3658641384248695,0.08933440465459719,-1.749741846716109,0.1872295931597349,0.303045763365663,1.971604593519758,-0.4304632641071578,-0.2119723354270874,1.1211444387646976,-0.8961109514870452,1.4446789605372579
-1.962179079348887,-1.1619597669566981,0.10729727550015761,-1.985786902018531,-0.9296414674089567,-0.4674345932941655,0.42538859144305086,-1.749741846716109,-0.6031462282234523,-0.7071067811865477,-0.8233458048543819,-0.4304632641071578,-1.8740826308091265,-0.591858311275443,-0.6719664716987276,-1.1772429279151162
-0.6441746599709611,-0.9874585817557673,-0.30961604538550536,-0.3697932207339541,-0.5535040787361936,-0.06003487513437991,1.6015782452026386,-0.3134248807808691,-0.677709984957715,-0.7071067811865477,-0.8233458048543819,0.7435274561850906,-0.7873182069054855,-0.5284137649776609,0.8970448868194957,-0.6528585502246412
-0.46444678460124394,-0.28945384095204374,0.9411239172714836,0.35740393584410546,-1.0371092927440317,1.2300642323716078,0.08933440465459719,0.7125158091728737,0.1872295931597349,1.3131983079178737,-0.8233458048543819,-0.4304632641071578,-0.552918037043916,0.8990885267224563,0.44875592724286045,-0.1284741725341665
-1.4229954532397353,-1.5982127299590254,0.24626838246204527,-0.8545913251193272,-0.6072379914037311,0.6189646551319294,0.08933440465459719,1.225486154149745,-0.7970119957325357,0.303045763365663,0.574129394332688,0.7435274561850906,-1.3626640783838837,-0.17946876033985404,0.7289365269782575,0.9202945828467831
-0.16490032565171533,-0.9002079891553019,-1.699327115004382,1.0038014083579363,-0.016164952060817746,0.007865077892251018,0.257361498048824,-1.4419596397299863,-1.587387817115723,-0.7071067811865477,0.574129394332688,-0.4304632641071578,-0.02019037826762137,-1.099414681657707,-0.6159303517516482,-0.1284741725341665
1.3328319690959276,1.804560381459127,-0.865500473233056,0.43820361990833434,1.5958524279653097,-0.12793482816101084,-0.58277396892231,-0.41601894977624343,0.9925181658897744,2.3233508524700843,1.971604593519758,-0.4304632641071578,1.6632290234654694,0.2011985174468439,-0.6159303517516482,2.4934477159182076
-0.8838118271305839,-1.3364609521576292,-0.6570438127902245,-0.20819385260549642,0.4674402619470205,-0.7390344054006892,-1.5069229825905577,-1.6471477777207348,-1.6172133198094274,-0.7071067811865477,-0.8233458048543819,0.7435274561850906,-0.5102998243418123,-1.1311369548065988,-1.9047611105344746,-0.6528585502246412
0.7337390511968704,-0.027702063150647382,-1.0044715801949438,0.5190033039725631,1.3271828646276218,-1.6217337947468913,-1.3388958891963307,0.40473360218675086,-0.5434952228360419,0.303045763365663,0.574129394332688,-1.6044539843994063,0.9174103011786571,-1.2263037742532732,-0.6719664716987276,-0.1284741725341665
-1.3630861614498297,0.8448038628540071,0.9411239172714836,-0.5313925888624118,-0.8221736420738815,0.5510647021052985,-0.4987604222251967,0.30213953319137654,-1.766340833277954,-0.7071067811865477,0.574129394332688,-0.4304632641071578,-0.744699994203382,0.9942553461691307,-0.16764139217501298,-0.1284741725341665
-1.303176869659924,-0.11495265575111283,1.2885516846762026,0.43820361990833434,-0.12363277739589291,0.2794648899987747,2.3577001654766594,0.9177039471636222,-0.006636174349348502,0.303045763365663,-0.8233458048543819,-0.4304632641071578,-0.42506339893760525,0.6770326146802162,2.0738034057081633,-0.6528585502246412
0.4341925922473418,0.6703026776530762,-0.30961604538550536,-0.7737916410550983,-0.8759075547414191,0.007865077892251018,0.08933440465459719,-0.005642673794746285,-0.46893146610177927,0.303045763365663,0.574129394332688,-1.6044539843994063,-0.2332814417781392,0.1060316980001694,0.056503087613304644,-0.1284741725341665
-0.10499103386180964,1.4555580110572652,0.5242105963858206,-0.20819385260549642,0.7361098252847085,0.8226645142118222,0.257361498048824,0.096951395200628,1.0670819226240371,1.3131983079178737,-0.8233458048543819,0.7435274561850906,0.5551554932107767,1.1528667119135887,0.22461144745454287,0.3959102051563083
-0.10499103386180964,0.05954852944981806,0.5242105963858206,0.35740393584410546,-0.1773666900634305,1.5695639975047624,0.005320857957483786,-1.1341774327438634,1.1863839333988577,-0.7071067811865477,0.574129394332688,1.917518176477339,0.0011187280834304124,0.9942553461691307,-0.6159303517516482,0.9202945828467831
1.872015595205079,-0.4639550261529746,-1.0044715801949438,1.084601092422165,0.9510454759548588,-0.12793482816101084,-0.41474687552808326,0.7125158091728737,0.5600483768310495,1.3131983079178737,-0.8233458048543819,-0.4304632641071578,1.2157377900933821,-0.6870251307221181,0.11253920756038405,-0.1284741725341665
-1.3630861614498297,1.3683074184567998,-0.37910159886644923,-0.04659448447703874,-0.39230234073358083,1.5695639975047624,-0.33073332883096984,-0.3134248807808691,0.11266583642547226,0.303045763365663,1.971604593519758,-0.4304632641071578,-0.3185178671823463,1.057699892466914,-0.3917858719633306,1.4446789605372579
1.033285510146399,-0.7257068039543709,-2.255211542851933,1.1654007764863938,0.8973115632873212,-1.146434123560475,-1.9269907160761246,-1.2367715017392378,-0.6031462282234523,1.3131983079178737,0.574129394332688,-1.6044539843994063,0.8534829821255017,-1.8290269640822119,-1.960797230481554,0.3959102051563083
-0.7639932435507725,-0.20220324835157827,-0.5180727058283369,-1.7433878498258444,-1.3595127687492574,-0.06003487513437991,-1.590936529287671,-1.5445537087253605,-2.258461627724089,-1.7172593257387583,0.574129394332688,0.7435274561850906,-1.3200458656817802,-0.3380801260843119,-1.9047611105344746,-0.1284741725341665
-1.1234489942902068,-1.2492103595571635,1.0800950242333711,-1.3393894295047002,-1.413246681416795,0.34736484302540566,1.4335511518084116,-0.3134248807808691,-1.0654415199758818,0.303045763365663,-0.8233458048543819,-1.6044539843994063,-1.618373354596505,0.2011985174468439,0.7849726469253369,-1.1772429279151162
0.49410188403724753,1.1938062332558688,-0.37910159886644923,2.13499698525714,1.9182559039705354,0.007865077892251018,1.4335511518084116,1.0202980161589965,1.7530684845792543,1.3131983079178737,1.971604593519758,-0.4304632641071578,1.7910836615717802,0.2646430637446273,1.5134422062373691,1.9690633382277327
-1.7824512039791698,-1.8599645077604217,0.3157539359429891,-1.5817884816973868,-1.1983110307466447,-0.2637347342142727,0.42538859144305086,1.225486154149745,-0.1557636878178751,-0.7071067811865477,-0.8233458048543819,-0.4304632641071578,-1.9806281625643853,-0.6553028575732264,0.9530810067665751,-1.1772429279151162
0.07473684150790752,-0.6384562113539055,-0.24013049190456154,-0.3697932207339541,0.35997243661194533,-0.19583478118764178,0.5934156848372777,0.40473360218675086,0.5451356254841971,-0.7071067811865477,-0.8233458048543819,1.917518176477339,-0.08411769732077672,-0.4332469455309864,0.6168642870840987,-0.1284741725341665
1.452650552675739,0.4958014924521453,-1.4213849010806066,0.8422020402294785,0.6823759126171709,-0.06003487513437991,-1.2548823424992173,0.815109878168248,1.0670819226240371,0.303045763365663,-0.8233458048543819,-0.4304632641071578,1.1305013646891748,-0.49669149182876854,-0.3917858719633306,-0.6528585502246412
-1.4229954532397353,-0.9874585817557673,1.2885516846762026,-1.0161906932477849,-0.7147058167388063,-0.5353345463207965,0.5094021381401642,-0.41601894977624343,-0.6926227363045672,0.303045763365663,-0.8233458048543819,-0.4304632641071578,-1.2987367593307284,-0.02085739459539612,0.11253920756038405,-0.6528585502246412
0.3742833004574361,1.7173097888586615,1.149580577714315,-0.1273941685412676,-0.9296414674089567,0.8905644672384532,-0.07869268873962962,0.815109878168248,0.6196993822184598,0.303045763365663,0.574129394332688,0.7435274561850906,0.15028247254079288,1.5652562628491775,0.3927198072957811,0.9202945828467831
-0.22480961744162106,-0.9874585817557673,-0.6570438127902245,1.0038014083579363,0.09130287327425743,-1.010634217507213,-1.002841702407877,-0.8263952257577405,-1.2593072874849665,-1.7172593257387583,-0.8233458048543819,1.917518176477339,-0.02019037826762137,-1.1311369548065988,-1.120255431275363,-0.6528585502246412
0.7337390511968704,1.2810568258563344,-0.9349860267139999,1.0038014083579363,0.145036785941795,-0.8069343584273202,0.08933440465459719,-0.7238011567623662,-0.9908777632416191,0.303045763365663,-0.8233458048543819,-1.6044539843994063,0.8961011948276053,-0.3380801260843119,-0.3357497520162512,-1.1772429279151162
-0.3446282010214325,1.8918109740595923,0.6631817033477082,-0.3697932207339541,-0.9833753800764943,1.976963715664548,0.7614427782315044,-0.3134248807808691,0.5749611281779017,-0.7071067811865477,0.574129394332688,0.7435274561850906,-0.14804501637393205,1.9142012674869844,0.3366836873487017,0.3959102051563083
-0.7639932435507725,0.8448038628540071,-0.24013049190456154,0.19580456771564778,-0.768439729406344,1.5016640444781315,-0.24671978213385645,0.40473360218675086,-0.4987569687954838,-0.7071067811865477,-0.8233458048543819,1.917518176477339,-0.3185178671823463,0.8990885267224563,0.056503087613304644,-0.1284741725341665
-1.063539702500301,-0.5512056187534401,0.17678282898110143,-1.1777900613762426,-1.6819162447544829,-1.0785341705338438,-1.9269907160761246,0.30213953319137654,-2.4075891411926147,-1.7172593257387583,-0.8233458048543819,0.7435274561850906,-1.4905187164901943,-0.6235805844243354,-1.120255431275363,-1.1772429279151162
0.5540111758271532,-0.20220324835157827,-1.9772693289281573,2.0541973011929113,1.7033202533003848,-1.2143340765871058,-0.58277396892231,0.19954546419600228,-0.03646167704305436,0.303045763365663,1.971604593519758,-0.4304632641071578,1.3649015345507445,-1.5435265057421885,-0.27971363206917177,1.4446789605372579
1.5125598444656447,-0.6384562113539055,-0.7960149197521121,0.43820361990833434,1.2197150392925467,-0.9427342644805821,-0.58277396892231,-1.5445537087253605,-0.3347167039801063,0.303045763365663,0.574129394332688,-0.4304632641071578,0.9813376202318124,-1.0359701353599244,-1.2323276711695217,0.3959102051563083
-1.1234489942902068,0.05954852944981806,0.24626838246204527,0.35740393584410546,-1.0371092927440317,0.07576503091888195,-0.24671978213385645,-1.2367715017392378,-1.557562314422017,-1.7172593257387583,-0.8233458048543819,1.917518176477339,-0.7020817815012784,0.16947624429795283,-0.8400748315399659,-0.6528585502246412
-0.8838118271305839,-1.3364609521576292,0.9411239172714836,-0.5313925888624118,-0.5535040787361936,0.6868646081585603,1.0974969650199582,0.5073276711821251,-0.09611268243046474,0.303045763365663,-0.8233458048543819,-0.4304632641071578,-1.0004092704160035,0.2646430637446273,1.0091171267136545,-0.6528585502246412
1.2729226773060218,0.05954852944981806,-1.1434426871568313,1.084601092422165,0.6823759126171709,-0.5353345463207965,-0.24671978213385645,0.40473360218675086,0.7539141443401328,1.3131983079178737,0.574129394332688,-0.4304632641071578,1.023955832933916,-0.7504696770199009,0.056503087613304644,0.9202945828467831
-0.8239025353406783,-0.7257068039543709,-0.30961604538550536,-1.0161906932477849,-1.6819162447544829,-0.19583478118764178,0.42538859144305086,1.0202980161589965,-0.18558919051157965,0.303045763365663,-0.8233458048543819,0.7435274561850906,-1.4052822910859872,-0.49669149182876854,0.8410087668724163,-0.1284741725341665
0.13464613329781322,-0.11495265575111283,-1.1434426871568313,0.599802988036792,1.4883846026302345,-1.6896337477735222,-1.3388958891963307,1.3280802231451194,-0.8417502497730939,0.303045763365663,0.574129394332688,0.7435274561850906,0.7682465567212946,-1.3531928668488395,-0.16764139217501298,0.9202945828467831
1.5125598444656447,0.5830520850526107,-2.185725989370989,-0.1273941685412676,1.7570541659679226,-2.3686332780398316,-2.011004262773238,-0.621207087766992,-0.18558919051157965,1.3131983079178737,-0.8233458048543819,0.7435274561850906,1.3435924281996927,-1.8924715103799947,-1.680616630746157,0.3959102051563083
-0.8838118271305839,0.23404971465074895,0.17678282898110143,-1.5817884816973868,-0.12363277739589291,-0.06003487513437991,-0.4987604222251967,-0.621207087766992,-1.6172133198094274,-2.727411870290969,-0.8233458048543819,0.7435274561850906,-0.7233908878523302,0.13775397114906043,-0.6719664716987276,-1.7016273056055908
1.033285510146399,0.8448038628540071,-1.2129282406377753,0.27660425177987663,0.9510454759548588,-0.4674345932941655,-1.3388958891963307,0.40473360218675086,1.156558430705152,1.3131983079178737,0.574129394332688,0.7435274561850906,1.023955832933916,-0.46496921867987745,-0.6719664716987276,1.4446789605372579
-0.16490032565171533,1.1938062332558688,1.6359794520809219,0.19580456771564778,-0.7147058167388063,1.4337640914515006,1.3495376051112984,1.122892085154371,1.0074309172366267,0.303045763365663,-0.8233458048543819,0.7435274561850906,0.0011187280834304124,1.850756721189201,1.5134422062373691,-0.1284741725341665
-0.5842653681810553,1.3683074184567998,0.6631817033477082,-0.3697932207339541,-0.6609719040712687,0.21156493697214382,-0.7508010623165369,-0.3134248807808691,0.11266583642547226,0.303045763365663,1.971604593519758,1.917518176477339,-0.2332814417781392,0.8990885267224563,-0.6719664716987276,2.4934477159182076
-0.6441746599709611,-0.37670443355250915,-0.7265293662711684,-1.500988797633158,-0.33856842806604326,0.21156493697214382,-1.002841702407877,-1.5445537087253605,-2.2733743790709418,-1.7172593257387583,-0.8233458048543819,-0.4304632641071578,-0.8512455259586409,-0.369802399233203,-1.5125082709049187,-1.7016273056055908
-1.063539702500301,0.40855089985167986,1.5664938985999781,0.19580456771564778,-0.499770166068656,1.4337640914515006,-0.6667875156194235,-0.3134248807808691,0.9030416578086581,1.3131983079178737,0.574129394332688,0.7435274561850906,-0.42506339893760525,1.5335339897002866,-0.6159303517516482,1.4446789605372579
0.4341925922473418,-0.5512056187534401,-1.9077837754472136,0.6806026721010209,1.542118515297772,-0.8069343584273202,-1.3388958891963307,-0.3134248807808691,-0.5882334768766,-0.7071067811865477,-0.8233458048543819,-1.6044539843994063,0.8108647694233981,-1.448359686295514,-1.0642193113282834,-1.7016273056055908
1.3927412608858332,-0.8129573965548363,-1.699327115004382,0.19580456771564778,1.3271828646276218,-0.6711344523740583,-1.4229094358934442,-0.21083081178549484,-0.454018714754927,1.3131983079178737,0.574129394332688,0.7435274561850906,0.8747920884765535,-1.3849151399977306,-1.0642193113282834,1.4446789605372579
-0.3446282010214325,1.019305048054938,1.2885516846762026,-0.7737916410550983,-0.2848345153985057,0.4152647960520366,-0.24671978213385645,-0.3134248807808691,0.5451356254841971,-0.7071067811865477,0.574129394332688,0.7435274561850906,-0.19066322907603564,1.1528667119135887,-0.3357497520162512,0.3959102051563083
-1.3630861614498297,-0.9874585817557673,0.9411239172714836,-1.0969903773120138,-0.8759075547414191,-0.39953464026753455,1.8536188852939788,1.0202980161589965,-1.0356160172821771,-0.7071067811865477,1.971604593519758,-0.4304632641071578,-1.3626640783838837,-0.1160242140420706,1.7936228059727661,0.9202945828467831
0.2544647168776247,2.240813344461454,0.10729727550015761,0.9230017242937074,-0.12363277739589291,1.5695639975047624,0.08933440465459719,0.40473360218675086,1.4995517116827606,1.3131983079178737,-0.8233458048543819,0.7435274561850906,0.8321738757744499,1.59697853599807,0.2806475674016223,0.3959102051563083
0.5540111758271532,1.804560381459127,-0.30961604538550536,1.2462004605506227,1.5958524279653097,0.6189646551319294,-1.170868795802104,0.19954546419600228,-0.28997844993954813,0.303045763365663,0.574129394332688,0.7435274561850906,1.5993017044123141,0.8039217072757818,-0.6719664716987276,0.9202945828467831
1.872015595205079,1.1065556406554033,-0.7960149197521121,1.569399196807538,1.434650689962697,-0.8069343584273202,-0.16270623543674304,0.6099217401774994,1.4548134576422038,1.3131983079178737,0.574129394332688,-0.4304632641071578,1.9189382996780908,-0.3380801260843119,0.22461144745454287,0.9202945828467831
1.1531040937262105,0.8448038628540071,-1.7688126684853258,1.2462004605506227,1.2734489519600842,-0.06003487513437991,0.257361498048824,0.9177039471636222,0.008276576997503761,1.3131983079178737,-0.8233458048543819,-1.6044539843994063,1.4501379599549515,-0.5284137649776609,0.6729004070311781,-0.6528585502246412
-1.5428140368195469,1.1065556406554033,0.5936961498667644,-1.985786902018531,0.19877069860933258,1.026364373291715,-0.4987604222251967,-1.749741846716109,-0.3048912012864004,0.303045763365663,0.574129394332688,-0.4304632641071578,-0.7233908878523302,1.1528667119135887,-1.288363791116601,0.3959102051563083
0.6738297594069647,-0.4639550261529746,-1.699327115004382,-0.1273941685412676,0.2525046112768702,-0.8748343114539511,-1.2548823424992173,-2.467900329683729,-1.378609298259786,-1.7172593257387583,1.971604593519758,-0.4304632641071578,0.19290068524289644,-1.3531928668488395,-2.1849417102698716,0.3959102051563083
1.1531040937262105,-1.51096213735856,-1.2129282406377753,-0.28899353666972527,1.434650689962697,-1.7575337008001533,-1.0868552491049905,0.19954546419600228,0.3363571066282602,0.303045763365663,-0.8233458048543819,-0.4304632641071578,0.533846386859725,-1.9241937835288863,-0.6159303517516482,-0.6528585502246412
-0.7040839517608668,0.5830520850526107,-0.24013049190456154,-0.5313925888624118,-0.39230234073358083,-0.06003487513437991,-1.3388958891963307,-1.031583363748489,-0.722448238998273,0.303045763365663,-0.8233458048543819,-0.4304632641071578,-0.40375429258655343,0.07430942485127835,-1.4564721509578393,-0.6528585502246412
-0.5243560763911497,-1.0747091743562327,1.0800950242333711,-0.3697932207339541,-0.4460362534011184,-0.39953464026753455,1.9376324319910923,0.7125158091728737,-0.12593818512416927,1.3131983079178737,0.574129394332688,-1.6044539843994063,-0.7233908878523302,-0.08430194089317955,1.6815505660786074,0.3959102051563083
-0.8239025353406783,-0.8129573965548363,-0.30961604538550536,-0.28899353666972527,-1.4669805940843326,-0.19583478118764178,-0.41474687552808326,-1.031583363748489,0.2767061012408498,-0.7071067811865477,1.971604593519758,-0.4304632641071578,-1.1495730148733658,-0.5284137649776609,-0.8400748315399659,0.9202945828467831
-0.28471890923152676,0.1467991220502835,-0.17064493842361772,1.4077998286790805,-0.016164952060817746,0.2794648899987747,1.4335511518084116,-0.3134248807808691,0.12757858777232453,0.303045763365663,0.574129394332688,0.7435274561850906,0.2994462169981554,0.1060316980001694,0.7849726469253369,0.9202945828467831
0.5540111758271532,0.5830520850526107,0.5936961498667644,-0.28899353666972527,-0.12363277739589291,1.7732638565846552,-0.07869268873962962,-0.21083081178549484,1.603940971110729,0.303045763365663,0.574129394332688,0.7435274561850906,0.21420979159394823,1.3114780776580466,-0.16764139217501298,0.9202945828467831
-1.4229954532397353,-1.51096213735856,1.4970083451190341,-0.8545913251193272,-1.2520449434141823,0.007865077892251018,2.105659525385319,0.19954546419600228,-0.05137442838990662,-0.7071067811865477,1.971604593519758,-0.4304632641071578,-1.5970642482454533,0.13775397114906043,1.5134422062373691,0.9202945828467831
-1.6626326203993582,-0.20220324835157827,0.5936961498667644,-0.8545913251193272,-0.9296414674089567,0.4152647960520366,-0.4987604222251967,0.096951395200628,-0.6329717309171569,-0.7071067811865477,0.574129394332688,1.917518176477339,-1.234809440277573,0.39153215634019284,-0.27971363206917177,0.9202945828467831
0.6738297594069647,0.23404971465074895,0.5242105963858206,0.0342051995871901,-0.12363277739589291,0.4831647490786675,-1.9269907160761246,0.815109878168248,0.5600483768310495,-1.7172593257387583,0.574129394332688,-0.4304632641071578,0.2568280042960518,0.5501435220846508,-0.8400748315399659,-0.6528585502246412
0.5540111758271532,0.9320544554544725,-1.2129282406377753,-0.04659448447703874,0.19877069860933258,0.21156493697214382,-0.41474687552808326,-1.031583363748489,0.38109536066881833,0.303045763365663,-0.8233458048543819,1.917518176477339,0.49122817415762143,-0.1160242140420706,-0.8400748315399659,0.3959102051563083
1.3328319690959276,0.1467991220502835,-1.4213849010806066,1.7309985649359958,1.1122472139574715,-0.12793482816101084,1.0134834183228447,-1.1341774327438634,0.6644376362590166,1.3131983079178737,0.574129394332688,-0.4304632641071578,1.407519747252848,-0.6553028575732264,0.056503087613304644,0.9202945828467831
1.1531040937262105,0.6703026776530762,-0.7265293662711684,0.599802988036792,1.165981126625009,-0.6711344523740583,0.08933440465459719,0.7125158091728737,-0.39436770936751664,1.3131983079178737,-0.8233458048543819,-0.4304632641071578,1.1944286837423301,-0.40152467238209405,0.44875592724286045,-0.1284741725341665
-1.1234489942902068,-1.6854633225594908,-0.10115938494267389,-0.6121922729266407,-1.6281823320869453,0.6868646081585603,0.5094021381401642,1.225486154149745,-1.0654415199758818,-0.7071067811865477,-0.8233458048543819,0.7435274561850906,-1.618373354596505,-0.3380801260843119,1.0091171267136545,-0.6528585502246412
1.7521970116252676,0.23404971465074895,-0.24013049190456154,1.569399196807538,1.4883846026302345,-0.8748343114539511,0.257361498048824,0.5073276711821251,0.8583034037681013,1.3131983079178737,-0.8233458048543819,1.917518176477339,1.6845381298165212,-0.4332469455309864,0.44875592724286045,0.9202945828467831
1.213013385516116,1.3683074184567998,0.10729727550015761,1.0038014083579363,0.30623852394440776,0.7547645611851913,0.08933440465459719,0.6099217401774994,0.7688268956869851,0.303045763365663,-0.8233458048543819,0.7435274561850906,1.1518104710402266,0.8990885267224563,0.3927198072957811,-0.1284741725341665
0.13464613329781322,0.9320544554544725,1.0106094707524274,0.27660425177987663,-0.39230234073358083,0.8905644672384532,1.6015782452026386,0.7125158091728737,0.6495248849121643,1.3131983079178737,-0.8233458048543819,-0.4304632641071578,0.19290068524289644,1.2163112582113722,1.4574060862902898,-0.1284741725341665
-0.8239025353406783,1.630059196258196,-0.17064493842361772,1.1654007764863938,-0.6609719040712687,0.8226645142118222,-1.3388958891963307,-0.41601894977624343,-0.1557636878178751,0.303045763365663,-0.8233458048543819,-0.4304632641071578,0.15028247254079288,0.8990885267224563,-1.120255431275363,-0.6528585502246412
1.3927412608858332,0.3213003072512144,0.17678282898110143,1.650198880871767,0.7361098252847085,-0.7390344054006892,-0.4987604222251967,-1.1341774327438634,-0.006636174349348502,0.303045763365663,0.574129394332688,-1.6044539843994063,1.3009742154975892,-0.147746487190963,-0.9521470714341247,-0.1284741725341665
-0.045081742071903914,1.019305048054938,1.9139216660046972,1.3270001446148516,-0.39230234073358083,2.11276362171781,2.3577001654766594,1.225486154149745,3.289081873305072,2.3233508524700843,-0.8233458048543819,0.7435274561850906,0.4273008551044661,2.231423998975899,2.2419117655494016,0.9202945828467831
1.213013385516116,-0.28945384095204374,-0.7265293662711684,1.4077998286790805,1.8107880786354602,-0.5353345463207965,-0.9188281557107637,-0.005642673794746285,0.8135651497275432,1.3131983079178737,-0.8233458048543819,-0.4304632641071578,1.4501379599549515,-0.6870251307221181,-0.6159303517516482,-0.1284741725341665
-0.045081742071903914,0.8448038628540071,-1.699327115004382,0.43820361990833434,1.0047793886223964,-1.5538338417202604,-1.6749500759847844,-1.8523359157114834,-1.8259918386653644,0.303045763365663,-0.8233458048543819,0.7435274561850906,0.7043192376681392,-1.1945815011043817,-2.128905590322792,-0.1284741725341665
0.8535576347766818,-1.51096213735856,-1.5603560080424943,0.9230017242937074,1.2197150392925467,-0.8748343114539511,-0.8348146090136503,-1.339365570734612,-0.17067643916472738,0.303045763365663,0.574129394332688,-0.4304632641071578,0.6617010249660357,-1.670415598337754,-1.288363791116601,0.3959102051563083
0.2544647168776247,-1.8599645077604217,-0.6570438127902245,0.9230017242937074,-0.016164952060817746,-0.6711344523740583,-0.4987604222251967,-2.5704943986791036,0.06792758238491414,0.303045763365663,1.971604593519758,0.7435274561850906,-0.1267359100228803,-1.289748320551056,-1.7366527506932363,1.9690633382277327
-1.8423604957690753,-1.5982127299590254,1.9139216660046972,-0.3697932207339541,-0.12363277739589291,0.7547645611851913,0.7614427782315044,0.40473360218675086,0.6196993822184598,-0.7071067811865477,-0.8233458048543819,-0.4304632641071578,-1.1921912275754694,0.6453103415313253,0.7289365269782575,-1.1772429279151162
-0.46444678460124394,-0.4639550261529746,1.0106094707524274,-0.20819385260549642,0.2525046112768702,0.2794648899987747,2.3577001654766594,1.4306742921404936,1.6635919764981408,1.3131983079178737,1.971604593519758,-0.4304632641071578,-0.2332814417781392,0.42325442948908387,2.3539840054435603,1.9690633382277327
-2.2018162465085096,-4.128479915372523,0.037811722019213775,-2.551384690468133,-2.0043197207597085,-0.3316346872409036,-0.7508010623165369,-1.2367715017392378,-2.4075891411926147,-2.727411870290969,-0.8233458048543819,0.7435274561850906,-3.259174543627492,-1.638693325188863,-1.1762915512224423,-1.7016273056055908
1.3328319690959276,0.1467991220502835,-1.3518993475996628,0.5190033039725631,0.789843737952246,-1.6896337477735222,-1.170868795802104,-1.031583363748489,0.1872295931597349,1.3131983079178737,0.574129394332688,-0.4304632641071578,0.9600285138807606,-1.3531928668488395,-1.3443999110636804,0.9202945828467831
0.9134669265665876,-2.0344656929613527,-2.185725989370989,0.43820361990833434,0.4674402619470205,-2.029133512906677,-0.58277396892231,-1.031583363748489,-2.079508611561858,-2.727411870290969,0.574129394332688,-0.4304632641071578,0.12897336618974112,-2.6855283391022824,-0.9521470714341247,-1.1772429279151162
-0.4045374928113382,-0.7257068039543709,1.7749505590428096,-0.6929919569908695,-0.8759075547414191,0.8905644672384532,-0.24671978213385645,-1.031583363748489,-2.109334114255563,-0.7071067811865477,0.574129394332688,-1.6044539843994063,-0.8512455259586409,0.9625330730202397,-0.728002591645807,-0.6528585502246412
-0.9437211189204896,-1.1619597669566981,0.5936961498667644,-1.2585897454404713,-0.6072379914037311,-0.19583478118764178,1.265524058414185,-0.005642673794746285,-0.5434952228360419,-0.7071067811865477,0.574129394332688,-0.4304632641071578,-1.1921912275754694,-0.24291330663763747,0.8410087668724163,-0.1284741725341665
0.9134669265665876,-0.28945384095204374,-1.3518993475996628,1.1654007764863938,0.30623852394440776,-1.4859338886936295,-1.590936529287671,-0.41601894977624343,-1.5724750657688706,0.303045763365663,-0.8233458048543819,-0.4304632641071578,0.6830101313170874,-1.4166374131466222,-1.288363791116601,-0.6528585502246412
-0.4045374928113382,0.40855089985167986,0.10729727550015761,0.19580456771564778,-0.33856842806604326,1.2979641853982387,-1.3388958891963307,0.40473360218675086,0.36618260932196606,0.303045763365663,-0.8233458048543819,0.7435274561850906,-0.1267359100228803,0.8039217072757818,-0.6719664716987276,-0.1284741725341665
-1.303176869659924,1.7173097888586615,1.9139216660046972,-0.450592904798183,-0.8759075547414191,2.11276362171781,-0.33073332883096984,-0.10823674279012056,0.45565911740308096,0.303045763365663,-0.8233458048543819,0.7435274561850906,-0.5102998243418123,2.4852021841670315,-0.27971363206917177,-0.1284741725341665
-0.6441746599709611,-0.9874585817557673,1.2190661311952589,0.0342051995871901,-1.1983110307466447,0.21156493697214382,1.6015782452026386,2.559209051089611,1.410075203601647,-0.7071067811865477,-0.8233458048543819,-0.4304632641071578,-0.9364819513628481,0.29636533689351835,2.466056245337719,-1.1772429279151162
0.07473684150790752,0.5830520850526107,-0.37910159886644923,-0.3697932207339541,-0.6072379914037311,0.6868646081585603,-0.33073332883096984,-0.41601894977624343,0.589873879524754,0.303045763365663,0.574129394332688,1.917518176477339,-0.16935412272498385,0.3598098831913018,-0.44782199191041,1.4446789605372579
0.7337390511968704,-0.7257068039543709,-0.24013049190456154,0.8422020402294785,0.7361098252847085,-0.6032344993474273,-1.9269907160761246,-0.41601894977624343,-1.4979113090346066,-0.7071067811865477,-0.8233458048543819,-0.4304632641071578,0.5977737059128804,-0.6553028575732264,-1.5125082709049187,-1.1772429279151162
1.8121063034151732,0.1467991220502835,-0.6570438127902245,0.7614023561652496,1.971989816638073,0.6868646081585603,-0.33073332883096984,1.0202980161589965,1.7679812359261093,1.3131983079178737,0.574129394332688,1.917518176477339,1.6632290234654694,0.07430942485127835,0.3366836873487017,1.9690633382277327
-0.5842653681810553,0.3213003072512144,1.0800950242333711,-1.500988797633158,-0.2848345153985057,1.3658641384248695,2.1896730720824324,1.0202980161589965,0.932867160502364,0.303045763365663,-0.8233458048543819,-0.4304632641071578,-0.638154462448123,1.248033531360263,2.0177672857610838,-0.6528585502246412
0.014827549718001801,0.6703026776530762,0.45472504290487675,0.43820361990833434,-0.4460362534011184,1.026364373291715,-0.7508010623165369,-1.339365570734612,0.35126985797511245,0.303045763365663,0.574129394332688,0.7435274561850906,0.10766425983868932,0.9308107998713486,-1.2323276711695217,0.9202945828467831
-0.3446282010214325,-0.4639550261529746,1.7749505590428096,-0.3697932207339541,-1.1983110307466447,-0.12793482816101084,0.5094021381401642,1.533268361135868,0.9626926631960685,0.303045763365663,-0.8233458048543819,-0.4304632641071578,-0.8086273132565374,0.5818657952335418,1.1772254865548928,-0.6528585502246412
-0.045081742071903914,0.5830520850526107,1.0106094707524274,-1.0161906932477849,-0.23110060273096808,1.4337640914515006,0.7614427782315044,0.7125158091728737,1.2758604414799726,1.3131983079178737,0.574129394332688,-0.4304632641071578,-0.2332814417781392,1.3432003508069377,0.8970448868194957,0.9202945828467831
-0.22480961744162106,-2.121716285561818,0.5242105963858206,-0.935391009183556,-0.5535040787361936,0.4152647960520366,1.265524058414185,-0.41601894977624343,0.0828403337317664,0.303045763365663,-0.8233458048543819,-0.4304632641071578,-1.0643365894691588,-0.3380801260843119,0.6168642870840987,-0.6528585502246412
0.5540111758271532,-0.37670443355250915,-0.9349860267139999,-1.0161906932477849,0.8435776506197836,-1.6217337947468913,-0.6667875156194235,-1.1341774327438634,-0.36454220667381076,-0.7071067811865477,0.574129394332688,0.7435274561850906,0.17159157889184468,-1.3214705936999478,-1.0642193113282834,0.3959102051563083
-1.1234489942902068,-1.5982127299590254,-0.5180727058283369,-1.9049872179543021,-0.8759075547414191,-1.5538338417202604,1.4335511518084116,0.40473360218675086,-1.4680858063409021,-1.7172593257387583,-0.8233458048543819,-0.4304632641071578,-1.6396824609475569,-1.5435265057421885,1.1772254865548928,-1.7016273056055908
-0.7639932435507725,-0.5512056187534401,-0.30961604538550536,-1.0969903773120138,-1.3595127687492574,0.1436649839455129,-1.0868552491049905,0.30213953319137654,-0.9461395092010609,-0.7071067811865477,-0.8233458048543819,1.917518176477339,-1.234809440277573,-0.2746355797865285,-0.5598942318045688,-0.1284741725341665
1.213013385516116,0.23404971465074895,-0.24013049190456154,2.2965963533855978,1.3809167772951594,-0.2637347342142727,-0.41474687552808326,-0.005642673794746285,0.4109208633625228,0.303045763365663,-0.8233458048543819,0.7435274561850906,1.6419199171144176,-0.147746487190963,-0.27971363206917177,-0.1284741725341665
-1.722541912189264,0.1467991220502835,-0.17064493842361772,-1.985786902018531,-0.6072379914037311,0.34736484302540566,0.1733479513517106,0.7125158091728737,-0.677709984957715,-0.7071067811865477,0.574129394332688,0.7435274561850906,-1.341354972032832,0.13775397114906043,0.5047920471899399,0.3959102051563083
1.033285510146399,-0.28945384095204374,-0.30961604538550536,0.599802988036792,1.4883846026302345,-1.7575337008001533,-0.33073332883096984,-0.5186130187716177,-0.4987569687954838,1.3131983079178737,0.574129394332688,-1.6044539843994063,1.0452649392849678,-1.067692408508816,-0.5038581118574894,0.3959102051563083
1.3927412608858332,-0.9002079891553019,-1.1434426871568313,1.0038014083579363,1.2734489519600842,0.2794648899987747,-1.002841702407877,1.225486154149745,0.6495248849121643,2.3233508524700843,0.574129394332688,-1.6044539843994063,1.0452649392849678,-0.7187474038710092,0.000466967666225237,0.9202945828467831
-1.722541912189264,-0.5512056187534401,0.3157539359429891,-1.420189113568929,-1.5744484194194077,-0.06003487513437991,1.685591791899752,0.9177039471636222,-0.36454220667381076,-0.7071067811865477,0.574129394332688,0.7435274561850906,-1.7462279927028157,-0.08430194089317955,1.625514446131528,0.3959102051563083
1.0931948019363047,-0.11495265575111283,-0.5875582593092807,0.43820361990833434,1.9182559039705354,-2.3007333250132005,-0.24671978213385645,-0.621207087766992,-0.6031462282234523,-0.7071067811865477,0.574129394332688,-1.6044539843994063,1.2370468964444339,-1.3849151399977306,-0.5038581118574894,-0.6528585502246412
-1.2432675778700182,-1.51096213735856,1.2885516846762026,-0.7737916410550983,-0.2848345153985057,1.026364373291715,1.5175646985055251,0.19954546419600228,1.7828939872729617,1.3131983079178737,-0.8233458048543819,-0.4304632641071578,-1.128263908522314,0.5184212489357584,1.1211893666078134,-0.1284741725341665
-1.063539702500301,-1.0747091743562327,0.037811722019213775,-0.1273941685412676,-1.0371092927440317,0.6868646081585603,-0.6667875156194235,-0.3134248807808691,-1.2294817847912607,-0.7071067811865477,-0.8233458048543819,0.7435274561850906,-1.0856456958202105,-0.052579667744288516,-0.6159303517516482,-0.6528585502246412
-0.10499103386180964,1.019305048054938,-0.5180727058283369,0.11500488365141895,-0.2848345153985057,-0.19583478118764178,-0.07869268873962962,-1.339365570734612,-0.5434952228360419,0.303045763365663,-0.8233458048543819,0.7435274561850906,0.12897336618974112,0.042587151702385966,-0.7840387115928864,-0.1284741725341665
0.3143740086675304,0.40855089985167986,-1.4908704545615505,0.19580456771564778,1.4883846026302345,-1.9612335598800459,-1.5069229825905577,-0.21083081178549484,-0.48384421744863154,-0.7071067811865477,0.574129394332688,-0.4304632641071578,0.8534829821255017,-1.448359686295514,-1.120255431275363,-0.1284741725341665
1.1531040937262105,0.5830520850526107,-1.1434426871568313,1.9733976171286824,0.6286419999496332,-0.12793482816101084,0.1733479513517106,-0.41601894977624343,0.008276576997503761,1.3131983079178737,-0.8233458048543819,-1.6044539843994063,1.322283321848641,-0.369802399233203,-0.11160527222793358,-0.6528585502246412
1.872015595205079,1.630059196258196,0.10729727550015761,1.569399196807538,1.4883846026302345,0.007865077892251018,0.42538859144305086,1.8410505681219909,1.0969074253177415,1.3131983079178737,-0.8233458048543819,-1.6044539843994063,2.068102044135453,0.6453103415313253,1.2892977264490515,-0.6528585502246412
-0.4045374928113382,-0.20220324835157827,-1.0044715801949438,0.27660425177987663,-1.0371092927440317,-0.8069343584273202,-1.0868552491049905,-1.6471477777207348,-0.28997844993954813,-1.7172593257387583,-0.8233458048543819,0.7435274561850906,-0.5316089306928642,-0.9090810427643582,-1.6245805107990776,-1.1772429279151162
0.49410188403724753,1.5428086036577306,0.24626838246204527,0.19580456771564778,-0.06989886472835533,1.2300642323716078,-0.8348146090136503,-0.41601894977624343,0.8433906524212478,0.303045763365663,0.574129394332688,-0.4304632641071578,0.5764645995618285,1.248033531360263,-0.7840387115928864,0.3959102051563083
1.2729226773060218,0.6703026776530762,-1.4908704545615505,0.599802988036792,1.058513301289934,-1.893333606853415,-2.263044902864578,-1.031583363748489,-0.7970119957325357,-0.7071067811865477,-0.8233458048543819,1.917518176477339,1.1944286837423301,-1.3214705936999478,-2.072869470375713,-0.1284741725341665
0.8535576347766818,-1.0747091743562327,-0.5180727058283369,1.2462004605506227,1.0047793886223964,0.007865077892251018,-1.2548823424992173,-0.3134248807808691,-0.08119993108361247,0.303045763365663,1.971604593519758,-0.4304632641071578,0.7682465567212946,-0.6235805844243354,-1.008183191381204,1.4446789605372579
0.9134669265665876,0.3213003072512144,-0.7960149197521121,0.9230017242937074,1.971989816638073,-1.3501339826403675,0.8454563249286179,0.6099217401774994,0.9776054145429208,1.3131983079178737,0.574129394332688,0.7435274561850906,1.4288288536038998,-0.8773587696154671,0.8970448868194957,1.4446789605372579
0.014827549718001801,2.240813344461454,1.5664938985999781,-0.1273941685412676,0.03756896060671984,1.162164279344977,1.685591791899752,1.122892085154371,2.9610013436743143,2.3233508524700843,0.574129394332688,0.7435274561850906,0.533846386859725,2.0728126332314423,1.7375866860256868,1.9690633382277327
0.613920467617059,1.1065556406554033,-0.5875582593092807,0.0342051995871901,1.3271828646276218,-0.7390344054006892,-0.6667875156194235,0.40473360218675086,0.35126985797511245,-0.7071067811865477,0.574129394332688,-0.4304632641071578,1.023955832933916,-0.21119103348874507,-0.2236775121220924,-0.1284741725341665
-0.045081742071903914,0.40855089985167986,0.7326672568286521,-1.6625881657616155,-0.5535040787361936,0.2794648899987747,-0.16270623543674304,-0.3134248807808691,-0.5733207255297464,-1.7172593257387583,-0.8233458048543819,0.7435274561850906,-0.5742271433949677,0.6135880683824328,-0.27971363206917177,-1.1772429279151162
-1.6626326203993582,-0.7257068039543709,0.037811722019213775,-1.1777900613762426,-1.413246681416795,0.21156493697214382,0.8454563249286179,0.6099217401774994,-0.09611268243046474,1.3131983079178737,-0.8233458048543819,-0.4304632641071578,-1.6396824609475569,-0.147746487190963,0.8970448868194957,-0.1284741725341665
1.3927412608858332,-0.4639550261529746,-1.0739571336758875,1.084601092422165,1.8645219913029978,-1.9612335598800459,-0.7508010623165369,0.5073276711821251,0.38109536066881833,1.3131983079178737,0.574129394332688,-0.4304632641071578,1.407519747252848,-1.5752487788910794,-0.2236775121220924,0.9202945828467831
-0.16490032565171533,0.9320544554544725,0.24626838246204527,-0.6121922729266407,-1.0908432054115693,1.2300642323716078,0.1733479513517106,0.19954546419600228,0.6644376362590166,0.303045763365663,-0.8233458048543819,0.7435274561850906,-0.42506339893760525,1.0259776193180232,0.22461144745454287,-0.1284741725341665
-0.7040839517608668,0.1467991220502835,-1.1434426871568313,-0.6121922729266407,-1.0371092927440317,1.5016640444781315,-0.8348146090136503,-3.3912469506420977,-0.9759650118947668,-1.7172593257387583,1.971604593519758,1.917518176477339,-0.7873182069054855,0.23292079059573492,-2.409086190058189,1.4446789605372579
-0.9437211189204896,-1.4237115447580946,0.6631817033477082,-1.420189113568929,-0.9833753800764943,0.1436649839455129,-0.16270623543674304,1.3280802231451194,0.7091758902995747,-0.7071067811865477,1.971604593519758,-0.4304632641071578,-1.4479005037880908,-0.147746487190963,0.6168642870840987,0.9202945828467831
-1.1234489942902068,-0.4639550261529746,0.45472504290487675,-1.0161906932477849,-0.2848345153985057,0.8905644672384532,-0.4987604222251967,-0.005642673794746285,0.0828403337317664,1.3131983079178737,0.574129394332688,0.7435274561850906,-0.8938637386607444,0.4549767026379763,-0.3357497520162512,1.4446789605372579
1.872015595205079,0.05954852944981806,-0.7265293662711684,0.35740393584410546,0.789843737952246,0.4152647960520366,-0.6667875156194235,1.8410505681219909,0.1872295931597349,1.3131983079178737,-0.8233458048543819,-0.4304632641071578,1.0878831519870713,-0.1160242140420706,0.5608281671370193,-0.1284741725341665
-0.4045374928113382,-0.28945384095204374,1.4970083451190341,-0.5313925888624118,-0.33856842806604326,0.21156493697214382,-0.41474687552808326,-0.3134248807808691,-1.1847435307507026,-1.7172593257387583,3.369079792706828,0.7435274561850906,-0.4889907179907606,0.6770326146802162,-0.44782199191041,1.9690633382277327
0.014827549718001801,1.4555580110572652,1.5664938985999781,0.7614023561652496,-0.6072379914037311,0.8905644672384532,0.42538859144305086,0.7125158091728737,1.1267329280114473,0.303045763365663,0.574129394332688,-1.6044539843994063,0.32075532334920714,1.6604230822958521,0.6729004070311781,-0.1284741725341665
1.452650552675739,1.5428086036577306,0.10729727550015761,1.8117982490002247,1.058513301289934,0.2794648899987747,1.0974969650199582,0.815109878168248,1.6188537224575814,0.303045763365663,-0.8233458048543819,-0.4304632641071578,1.7910836615717802,0.7404771609779998,1.1772254865548928,-0.6528585502246412
0.8535576347766818,0.3213003072512144,-0.5180727058283369,1.4077998286790805,0.5749080872820956,-0.9427342644805821,0.1733479513517106,0.7125158091728737,-0.5584079741828942,0.303045763365663,-0.8233458048543819,0.7435274561850906,0.9813376202318124,-0.560136038126552,0.5047920471899399,-0.1284741725341665
-1.6626326203993582,0.40855089985167986,0.45472504290487675,-0.8545913251193272,-1.2520449434141823,-0.06003487513437991,-0.16270623543674304,0.6099217401774994,0.023189328344356025,-0.7071067811865477,0.574129394332688,-0.4304632641071578,-1.2135003339265211,0.3280876100424094,0.22461144745454287,-0.1284741725341665
0.7936483429867761,-0.8129573965548363,-0.7960149197521121,0.5190033039725631,-0.06989886472835533,-1.2822340296137367,-0.41474687552808326,-0.9289892947531149,-1.3636965469129336,-1.7172593257387583,-0.8233458048543819,0.7435274561850906,0.19290068524289644,-1.258026047402165,-0.7840387115928864,-1.1772429279151162
0.13464613329781322,-0.11495265575111283,0.5936961498667644,-0.6121922729266407,-0.9296414674089567,0.4152647960520366,0.677429231534391,0.6099217401774994,1.7530684845792543,-0.7071067811865477,-0.8233458048543819,-1.6044539843994063,-0.5102998243418123,0.42325442948908387,0.7849726469253369,-1.7016273056055908
-0.46444678460124394,1.630059196258196,0.38523948942393293,-0.5313925888624118,-1.2520449434141823,0.958464420265084,1.8536188852939788,1.4306742921404936,0.500397371443639,-0.7071067811865477,1.971604593519758,0.7435274561850906,-0.40375429258655343,1.2163112582113722,2.0177672857610838,1.4446789605372579
-0.4045374928113382,0.40855089985167986,1.0800950242333711,0.27660425177987663,0.03756896060671984,0.8226645142118222,0.42538859144305086,0.5073276711821251,1.0969074253177415,0.303045763365663,0.574129394332688,-0.4304632641071578,0.04373694078553398,1.0259776193180232,0.5608281671370193,0.3959102051563083
-1.482904745029641,0.05954852944981806,-0.37910159886644923,-0.8545913251193272,-1.1445771180791071,0.007865077892251018,-1.7589636226818979,-0.7238011567623662,-1.423347552300344,-1.7172593257387583,0.574129394332688,0.7435274561850906,-1.1921912275754694,-0.147746487190963,-1.568544390851998,-0.1284741725341665
-0.7040839517608668,-0.37670443355250915,0.17678282898110143,0.0342051995871901,-0.12363277739589291,0.6189646551319294,0.42538859144305086,-1.6471477777207348,-0.7522737416919776,-0.7071067811865477,-0.8233458048543819,0.7435274561850906,-0.38244518623550167,0.23292079059573492,-0.6159303517516482,-0.6528585502246412
0.49410188403724753,-0.8129573965548363,-1.0739571336758875,0.7614023561652496,1.165981126625009,-1.7575337008001533,-0.4987604222251967,-0.005642673794746285,-0.7522737416919776,-0.7071067811865477,-0.8233458048543819,-1.6044539843994063,0.6403919186149839,-1.6069710520399711,-0.3357497520162512,-1.7016273056055908
-1.063539702500301,0.4958014924521453,0.802152810309596,-1.0969903773120138,-1.1983110307466447,-0.19583478118764178,-0.24671978213385645,-1.031583363748489,-2.2435488763772358,-0.7071067811865477,-0.8233458048543819,-0.4304632641071578,-1.0217183767670552,0.4549767026379763,-0.728002591645807,-1.1772429279151162
-0.3446282010214325,-1.8599645077604217,1.7054650055618656,-1.6625881657616155,-0.9833753800764943,-0.5353345463207965,1.0134834183228447,0.6099217401774994,-0.14085093647102284,0.303045763365663,-0.8233458048543819,-1.6044539843994063,-1.4052822910859872,-0.147746487190963,1.0091171267136545,-1.1772429279151162
1.8121063034151732,-0.8129573965548363,-0.5875582593092807,0.5190033039725631,1.2197150392925467,-1.010634217507213,-1.3388958891963307,0.096951395200628,0.35126985797511245,0.303045763365663,-0.8233458048543819,0.7435274561850906,1.0665740456360195,-1.0359701353599244,-0.8400748315399659,-0.1284741725341665
-1.0036304107103953,-0.11495265575111283,-0.24013049190456154,-0.28899353666972527,-0.7147058167388063,1.5695639975047624,0.8454563249286179,-0.005642673794746285,0.023189328344356025,0.303045763365663,3.369079792706828,0.7435274561850906,-0.744699994203382,0.5818657952335418,0.5608281671370193,3.0178320936086824
-0.8838118271305839,0.9320544554544725,0.38523948942393293,-0.8545913251193272,-0.4460362534011184,0.6189646551319294,-0.41474687552808326,-0.10823674279012056,0.008276576997503761,0.303045763365663,-0.8233458048543819,0.7435274561850906,-0.4889907179907606,0.8039217072757818,-0.3357497520162512,-0.1284741725341665
-1.4229954532397353,-2.0344656929613527,0.9411239172714836,-0.6121922729266407,-1.5744484194194077,-0.12793482816101084,0.1733479513517106,-0.3134248807808691,0.1872295931597349,-1.7172593257387583,0.574129394332688,-1.6044539843994063,-1.7888462054049192,-0.369802399233203,-0.05556915228085417,-1.1772429279151162
-0.5243560763911497,0.8448038628540071,0.38523948942393293,-0.04659448447703874,0.09130287327425743,1.2300642323716078,0.1733479513517106,-0.7238011567623662,-0.111025433777317,-0.7071067811865477,0.574129394332688,-0.4304632641071578,0.04373694078553398,1.057699892466914,-0.27971363206917177,-0.1284741725341665
-0.46444678460124394,-0.20220324835157827,1.0800950242333711,0.11500488365141895,-1.1983110307466447,1.2979641853982387,1.265524058414185,0.6099217401774994,0.7091758902995747,0.303045763365663,1.971604593519758,0.7435274561850906,-0.6594635687991749,1.0259776193180232,1.1772254865548928,1.9690633382277327
-0.22480961744162106,0.9320544554544725,0.7326672568286521,-0.04659448447703874,-0.06989886472835533,1.162164279344977,0.257361498048824,-2.467900329683729,0.3363571066282602,0.303045763365663,1.971604593519758,0.7435274561850906,0.10766425983868932,1.2163112582113722,-1.1762915512224423,1.9690633382277327
0.4341925922473418,-0.20220324835157827,-1.282413794118719,0.0342051995871901,0.4137063492794829,-0.39953464026753455,-1.0868552491049905,0.815109878168248,0.45565911740308096,-0.7071067811865477,-0.8233458048543819,-0.4304632641071578,0.27813711064710356,-0.8456364964665753,-0.27971363206917177,-1.1772429279151162
-1.3630861614498297,-0.8129573965548363,0.9411239172714836,-0.28899353666972527,-0.4460362534011184,0.07576503091888195,1.5175646985055251,-0.621207087766992,0.500397371443639,0.303045763365663,-0.8233458048543819,-0.4304632641071578,-0.9364819513628481,0.16947624429795283,0.6729004070311781,-0.6528585502246412
1.872015595205079,-0.6384562113539055,-1.1434426871568313,0.5190033039725631,0.8973115632873212,-0.4674345932941655,-1.170868795802104,-0.9289892947531149,-0.37945495802066304,0.303045763365663,-0.8233458048543819,-0.4304632641071578,1.0026467265828642,-0.9725255890621416,-1.288363791116601,-0.6528585502246412
-2.321634830088321,-2.645219841164611,0.3157539359429891,-2.470585006403904,-1.413246681416795,-1.2822340296137367,0.677429231534391,-1.6471477777207348,-1.9303810980933316,-1.7172593257387583,-0.8233458048543819,-0.4304632641071578,-2.6838286721490943,-1.4166374131466222,-0.44782199191041,-1.7016273056055908
-1.962179079348887,-0.7257068039543709,0.037811722019213775,-1.1777900613762426,-2.0043197207597085,0.2794648899987747,1.0974969650199582,-0.21083081178549484,-1.5128240603814602,-1.7172593257387583,-0.8233458048543819,-1.6044539843994063,-1.9806281625643853,-0.1160242140420706,0.6168642870840987,-2.2260116832960657
-0.7040839517608668,1.630059196258196,0.7326672568286521,-0.28899353666972527,-0.9296414674089567,0.34736484302540566,-1.2548823424992173,-0.21083081178549484,0.30653160393455564,-0.7071067811865477,-0.8233458048543819,0.7435274561850906,-0.29720876083129455,1.0894221656158052,-0.9521470714341247,-0.6528585502246412
1.5724691362555505,-0.6384562113539055,0.10729727550015761,0.599802988036792,1.3809167772951594,-0.7390344054006892,0.5934156848372777,1.122892085154371,0.2767061012408498,0.303045763365663,0.574129394332688,-0.4304632641071578,1.109192258338123,-0.5284137649776609,1.0091171267136545,0.3959102051563083
-0.46444678460124394,-2.121716285561818,1.6359794520809219,0.19580456771564778,-0.9296414674089567,-0.8748343114539511,1.1815105117170714,0.815109878168248,-0.6627972336108626,0.303045763365663,-0.8233458048543819,0.7435274561850906,-1.0004092704160035,-0.4332469455309864,1.2332616065019721,-0.1284741725341665
-0.10499103386180964,0.8448038628540071,0.24626838246204527,-0.6121922729266407,-0.499770166068656,1.0942643263183458,-0.41474687552808326,-1.1341774327438634,-0.05137442838990662,-1.7172593257387583,0.574129394332688,0.7435274561850906,-0.19066322907603564,0.9308107998713486,-0.8961109514870452,-0.1284741725341665
-0.3446282010214325,-1.51096213735856,-1.4213849010806066,0.5190033039725631,0.03756896060671984,-1.010634217507213,-1.0868552491049905,-0.621207087766992,-1.2593072874849665,-1.7172593257387583,-0.8233458048543819,0.7435274561850906,-0.3398269735333981,-1.670415598337754,-1.0642193113282834,-1.1772429279151162
-1.8423604957690753,-0.11495265575111283,1.0800950242333711,0.7614023561652496,-0.23110060273096808,1.6374639505313933,0.5094021381401642,1.225486154149745,0.2767061012408498,0.303045763365663,-0.8233458048543819,1.917518176477339,-0.5742271433949677,1.2163112582113722,1.0091171267136545,0.3959102051563083
0.8535576347766818,-0.28945384095204374,-0.10115938494267389,1.8117982490002247,1.542118515297772,-0.39953464026753455,0.8454563249286179,0.30213953319137654,0.15740409046602905,1.3131983079178737,-0.8233458048543819,-0.4304632641071578,1.322283321848641,-0.3380801260843119,0.7289365269782575,-0.1284741725341665
-1.1833582860801126,-1.0747091743562327,0.8716383637905397,-1.0969903773120138,-0.7147058167388063,0.07576503091888195,-0.07869268873962962,0.40473360218675086,0.7688268956869851,-0.7071067811865477,-0.8233458048543819,-0.4304632641071578,-1.2561185466286247,0.042587151702385966,0.16857532750746346,-1.1772429279151162
0.8535576347766818,-0.37670443355250915,-1.2129282406377753,0.6806026721010209,1.3271828646276218,-0.8748343114539511,-1.5069229825905577,1.122892085154371,0.7091758902995747,1.3131983079178737,-0.8233458048543819,-1.6044539843994063,0.9174103011786571,-1.099414681657707,-0.3917858719633306,-0.6528585502246412
0.4341925922473418,0.6703026776530762,0.38523948942393293,0.6806026721010209,0.8435776506197836,-0.8748343114539511,-0.16270623543674304,-0.41601894977624343,0.4258336147093764,0.303045763365663,-0.8233458048543819,-0.4304632641071578,0.8321738757744499,0.010864878553494921,-0.3357497520162512,-0.6528585502246412
1.033285510146399,0.40855089985167986,0.17678282898110143,1.2462004605506227,0.7361098252847085,0.07576503091888195,0.257361498048824,1.3280802231451194,1.7530684845792543,0.303045763365663,0.574129394332688,-1.6044539843994063,1.0878831519870713,0.2646430637446273,0.8970448868194957,-0.1284741725341665
0.3143740086675304,-0.11495265575111283,-1.4908704545615505,0.0342051995871901,1.0047793886223964,-1.5538338417202604,-0.41474687552808326,-1.339365570734612,-0.05137442838990662,-0.7071067811865477,-0.8233458048543819,0.7435274561850906,0.49122817415762143,-1.448359686295514,-1.008183191381204,-0.6528585502246412
-0.9437211189204896,0.40855089985167986,-0.37910159886644923,-0.450592904798183,-1.1983110307466447,0.8905644672384532,0.7614427782315044,-1.6471477777207348,-1.4084348009534917,-0.7071067811865477,0.574129394332688,-0.4304632641071578,-0.8299364196075891,0.39153215634019284,-0.3917858719633306,-0.1284741725341665
-1.962179079348887,0.40855089985167986,0.037811722019213775,-0.6929919569908695,-1.3595127687492574,-0.12793482816101084,-1.2548823424992173,-0.621207087766992,-1.0952670226695875,-1.7172593257387583,-0.8233458048543819,1.917518176477339,-1.3200458656817802,0.1060316980001694,-1.1762915512224423,-0.6528585502246412
-0.5243560763911497,-1.1619597669566981,1.6359794520809219,0.0342051995871901,-0.23110060273096808,0.4831647490786675,1.6015782452026386,1.8410505681219909,-0.24524019589899002,0.303045763365663,-0.8233458048543819,0.7435274561850906,-0.552918037043916,0.5501435220846508,2.0738034057081633,-0.1284741725341665
-0.3446282010214325,-0.4639550261529746,0.802152810309596,-0.6929919569908695,0.03756896060671984,0.5510647021052985,1.5175646985055251,0.40473360218675086,0.6047866308716062,0.303045763365663,-0.8233458048543819,-1.6044539843994063,-0.40375429258655343,0.4549767026379763,1.2332616065019721,-1.1772429279151162
-0.16490032565171533,0.8448038628540071,1.2190661311952589,-0.7737916410550983,-0.1773666900634305,2.11276362171781,0.34137504474593744,-0.5186130187716177,2.215363776331685,0.303045763365663,1.971604593519758,-0.4304632641071578,-0.1267359100228803,1.850756721189201,-0.05556915228085417,1.4446789605372579
-1.482904745029641,0.5830520850526107,1.0106094707524274,-0.8545913251193272,-1.3057788560817198,1.2300642323716078,-0.16270623543674304,0.096951395200628,-0.14085093647102284,0.303045763365663,-0.8233458048543819,-1.6044539843994063,-1.128263908522314,1.248033531360263,-0.05556915228085417,-1.1772429279151162
-0.045081742071903914,0.05954852944981806,-0.37910159886644923,-0.450592904798183,-0.5535040787361936,1.0942643263183458,-0.24671978213385645,0.19954546419600228,-0.3048912012864004,0.303045763365663,0.574129394332688,-0.4304632641071578,-0.3398269735333981,0.3598098831913018,-0.05556915228085417,0.3959102051563083
-1.0036304107103953,1.019305048054938,1.0106094707524274,-0.1273941685412676,-1.1983110307466447,0.5510647021052985,0.42538859144305086,-0.10823674279012056,-0.28997844993954813,0.303045763365663,-0.8233458048543819,0.7435274561850906,-0.6168453560970713,1.0894221656158052,0.22461144745454287,-0.1284741725341665
0.13464613329781322,1.2810568258563344,-0.6570438127902245,0.599802988036792,0.6286419999496332,-0.2637347342142727,-0.16270623543674304,-1.031583363748489,0.24688059854714528,0.303045763365663,-0.8233458048543819,0.7435274561850906,0.7682465567212946,0.042587151702385966,-0.6719664716987276,-0.1284741725341665
-1.6027233286094524,-0.37670443355250915,-0.9349860267139999,-0.6121922729266407,-0.6072379914037311,0.6189646551319294,-0.41474687552808326,-0.7238011567623662,-0.3048912012864004,-1.7172593257387583,-0.8233458048543819,-0.4304632641071578,-1.0643365894691588,-0.2746355797865285,-0.6719664716987276,-1.7016273056055908
0.2544647168776247,1.1065556406554033,-1.9077837754472136,1.4885995127433094,0.789843737952246,-1.146434123560475,-0.6667875156194235,0.30213953319137654,-0.5733207255297464,-0.7071067811865477,0.574129394332688,-0.4304632641071578,1.0665740456360195,-1.0042478622110327,-0.27971363206917177,-0.1284741725341665
-0.8239025353406783,-1.3364609521576292,0.6631817033477082,-1.1777900613762426,-0.5535040787361936,0.1436649839455129,0.08933440465459719,0.6099217401774994,-0.24524019589899002,-0.7071067811865477,-0.8233458048543819,-0.4304632641071578,-1.1495730148733658,-0.1160242140420706,0.3927198072957811,-1.1772429279151162
-0.5243560763911497,-0.28945384095204374,-0.5180727058283369,-0.6929919569908695,-0.7147058167388063,0.1436649839455129,-1.5069229825905577,-1.031583363748489,-1.7812535846248063,-1.7172593257387583,-0.8233458048543819,-0.4304632641071578,-0.7233908878523302,-0.2746355797865285,-1.568544390851998,-1.7016273056055908
0.3742833004574361,-1.4237115447580946,-1.0739571336758875,0.11500488365141895,1.4883846026302345,-0.8069343584273202,-1.4229094358934442,0.30213953319137654,-0.722448238998273,0.303045763365663,0.574129394332688,-0.4304632641071578,0.40599174875341426,-1.3849151399977306,-0.7840387115928864,0.3959102051563083
-0.045081742071903914,1.1065556406554033,1.149580577714315,1.084601092422165,0.145036785941795,0.34736484302540566,0.5934156848372777,1.122892085154371,1.3205986955205309,0.303045763365663,-0.8233458048543819,-0.4304632641071578,0.5977737059128804,1.0894221656158052,1.0091171267136545,-0.6528585502246412
1.3927412608858332,-0.20220324835157827,-1.1434426871568313,-0.28899353666972527,1.058513301289934,-0.8069343584273202,-1.4229094358934442,-2.057524053702232,0.36618260932196606,0.303045763365663,-0.8233458048543819,-0.4304632641071578,0.7895556630723464,-0.9725255890621416,-2.072869470375713,-0.6528585502246412
0.9733762183564932,0.6703026776530762,1.7749505590428096,-0.1273941685412676,-0.9833753800764943,0.6868646081585603,0.677429231534391,-0.8263952257577405,0.14249133911917677,-0.7071067811865477,-0.8233458048543819,-0.4304632641071578,0.08635515348763755,1.3749226239558288,0.000466967666225237,-1.1772429279151162
1.7521970116252676,1.7173097888586615,0.037811722019213775,2.2965963533855978,1.7033202533003848,-0.12793482816101084,1.685591791899752,1.7384564991266165,1.7679812359261093,1.3131983079178737,3.369079792706828,0.7435274561850906,2.323811320348075,0.5818657952335418,2.0738034057081633,3.5422164712991573
0.6738297594069647,0.23404971465074895,-1.629841561523438,1.8117982490002247,0.9510454759548588,-0.12793482816101084,-0.7508010623165369,-0.21083081178549484,0.47057186874993323,0.303045763365663,1.971604593519758,-0.4304632641071578,1.1518104710402266,-0.7187474038710092,-0.6159303517516482,1.4446789605372579
-0.4045374928113382,-0.4639550261529746,0.6631817033477082,0.0342051995871901,-0.33856842806604326,0.5510647021052985,0.7614427782315044,0.5073276711821251,-0.5434952228360419,0.303045763365663,0.574129394332688,-0.4304632641071578,-0.38244518623550167,0.39153215634019284,0.7849726469253369,0.3959102051563083
-1.3630861614498297,-2.557969248564145,0.802152810309596,-1.0161906932477849,-1.0908432054115693,0.6189646551319294,1.4335511518084116,0.6099217401774994,-0.2154146932052855,-0.7071067811865477,-0.8233458048543819,-0.4304632641071578,-1.810155311755971,-0.2746355797865285,1.2892977264490515,-1.1772429279151162
1.0931948019363047,0.5830520850526107,-0.7960149197521121,1.1654007764863938,0.9510454759548588,-0.6032344993474273,0.42538859144305086,0.7125158091728737,0.5600483768310495,1.3131983079178737,-0.8233458048543819,0.7435274561850906,1.2157377900933821,-0.4332469455309864,0.6729004070311781,0.3959102051563083
-0.10499103386180964,-0.5512056187534401,1.9139216660046972,-1.500988797633158,-0.33856842806604326,1.2300642323716078,2.1896730720824324,1.0202980161589965,-0.26015294724584226,0.303045763365663,-0.8233458048543819,0.7435274561850906,-0.7020817815012784,1.248033531360263,2.0177672857610838,-0.1284741725341665
-0.8239025353406783,0.8448038628540071,0.037811722019213775,-0.5313925888624118,-0.5535040787361936,0.007865077892251018,-1.0868552491049905,0.30213953319137654,-0.6180589795703045,-0.7071067811865477,0.574129394332688,-1.6044539843994063,-0.446372505288657,0.3280876100424094,-0.5598942318045688,-0.6528585502246412
-1.1833582860801126,-1.51096213735856,0.9411239172714836,-1.2585897454404713,-0.768439729406344,0.958464420265084,1.1815105117170714,0.9177039471636222,-0.8268374984262415,-0.7071067811865477,1.971604593519758,-0.4304632641071578,-1.426591397437039,0.3280876100424094,1.2892977264490515,0.9202945828467831
-0.46444678460124394,0.7575532702535416,0.5242105963858206,0.6806026721010209,0.09130287327425743,1.2300642323716078,0.9294698716257312,-0.8263952257577405,1.0223436685834788,-1.7172593257387583,-0.8233458048543819,-0.4304632641071578,0.23551889794500003,1.0894221656158052,0.16857532750746346,-1.7016273056055908
-0.9437211189204896,0.7575532702535416,0.3157539359429891,-0.450592904798183,-0.23110060273096808,-0.12793482816101084,-0.24671978213385645,-0.7238011567623662,-0.111025433777317,-0.7071067811865477,-0.8233458048543819,-0.4304632641071578,-0.3611360798844499,0.3598098831913018,-0.5598942318045688,-1.1772429279151162
0.13464613329781322,-0.6384562113539055,-0.44858715234739305,0.19580456771564778,0.2525046112768702,-0.8069343584273202,-0.07869268873962962,1.0202980161589965,-0.4092804607143689,0.303045763365663,-0.8233458048543819,-1.6044539843994063,0.04373694078553398,-0.8139142233176837,0.5047920471899399,-1.1772429279151162
-0.22480961744162106,0.3213003072512144,0.38523948942393293,-0.935391009183556,-2.0043197207597085,1.909063762637917,0.34137504474593744,-0.41601894977624343,-0.7671864930388311,-0.7071067811865477,-0.8233458048543819,1.917518176477339,-1.043027483118107,1.1845889850624798,0.000466967666225237,-0.1284741725341665
0.613920467617059,-0.5512056187534401,-2.116240435890045,0.7614023561652496,0.789843737952246,-1.4180339356669984,-1.0868552491049905,0.096951395200628,-0.5882334768766,0.303045763365663,-0.8233458048543819,-1.6044539843994063,0.5977737059128804,-1.8290269640822119,-0.6719664716987276,-1.1772429279151162
1.0931948019363047,0.05954852944981806,-1.0044715801949438,1.084601092422165,1.2734489519600842,-0.5353345463207965,-0.24671978213385645,0.5073276711821251,1.0074309172366267,-0.7071067811865477,-0.8233458048543819,0.7435274561850906,1.1944286837423301,-0.6870251307221181,0.11253920756038405,-0.6528585502246412
1.8121063034151732,1.804560381459127,0.7326672568286521,2.2965963533855978,0.35997243661194533,0.07576503091888195,0.257361498048824,1.4306742921404936,2.1706255222911284,-0.7071067811865477,-0.8233458048543819,1.917518176477339,1.8337018742738838,1.0259776193180232,0.9530810067665751,-0.1284741725341665
0.7936483429867761,-1.3364609521576292,-1.9077837754472136,0.11500488365141895,1.3271828646276218,-1.6217337947468913,-0.33073332883096984,-1.1341774327438634,-0.05137442838990662,0.303045763365663,-0.8233458048543819,0.7435274561850906,0.5125372805086732,-2.1145274224222352,-0.8400748315399659,-0.1284741725341665
-1.2432675778700182,0.23404971465074895,-0.37910159886644923,-0.3697932207339541,-0.9833753800764943,0.21156493697214382,-1.5069229825905577,-0.8263952257577405,-2.4075891411926147,-2.727411870290969,0.574129394332688,-0.4304632641071578,-0.8725546323096927,0.010864878553494921,-1.4564721509578393,-1.1772429279151162
0.014827549718001801,0.5830520850526107,0.45472504290487675,-0.1273941685412676,-1.0371092927440317,0.4831647490786675,-1.8429771693790111,-0.005642673794746285,-0.9312267578542087,-0.7071067811865477,0.574129394332688,-0.4304632641071578,-0.29720876083129455,0.6453103415313253,-1.2323276711695217,-0.1284741725341665
-1.1234489942902068,-0.027702063150647382,1.149580577714315,-0.8545913251193272,-0.4460362534011184,0.21156493697214382,1.9376324319910923,1.225486154149745,0.5749611281779017,0.303045763365663,-0.8233458048543819,-1.6044539843994063,-0.8086273132565374,0.6135880683824328,1.9617311658140044,-1.1772429279151162
0.9733762183564932,0.8448038628540071,-0.7265293662711684,1.8925979330644536,0.6286419999496332,-0.6711344523740583,-0.41474687552808326,-0.7238011567623662,-0.05137442838990662,0.303045763365663,1.971604593519758,-0.4304632641071578,1.3009742154975892,-0.3380801260843119,-0.6719664716987276,1.4446789605372579
-0.28471890923152676,-0.7257068039543709,0.9411239172714836,-1.6625881657616155,-0.8221736420738815,-0.2637347342142727,1.7696053385968653,-0.41601894977624343,-0.39436770936751664,0.303045763365663,0.574129394332688,-0.4304632641071578,-1.043027483118107,0.042587151702385966,0.9530810067665751,0.3959102051563083
-1.6027233286094524,-0.20220324835157827,-0.10115938494267389,-1.1777900613762426,-0.9833753800764943,0.34736484302540566,-0.41474687552808326,-1.4419596397299863,-1.6470388225031334,-1.7172593257387583,-0.8233458048543819,0.7435274561850906,-1.3200458656817802,0.042587151702385966,-1.0642193113282834,-1.1772429279151162
-0.10499103386180964,-0.4639550261529746,0.5242105963858206,-0.5313925888624118,-0.499770166068656,0.1436649839455129,2.105659525385319,1.122892085154371,-0.111025433777317,0.303045763365663,0.574129394332688,0.7435274561850906,-0.4889907179907606,0.13775397114906043,2.0177672857610838,0.9202945828467831
0.014827549718001801,-0.5512056187534401,1.0106094707524274,-0.6121922729266407,-0.2848345153985057,0.6189646551319294,1.3495376051112984,2.559209051089611,0.9776054145429208,1.3131983079178737,-0.8233458048543819,0.7435274561850906,-0.40375429258655343,0.5501435220846508,2.2979478854964808,0.3959102051563083
-1.2432675778700182,-1.3364609521576292,0.45472504290487675,-1.7433878498258444,-1.3057788560817198,-0.39953464026753455,0.42538859144305086,0.6099217401774994,-1.199656282097556,-0.7071067811865477,-0.8233458048543819,-0.4304632641071578,-1.7462279927028157,-0.46496921867987745,0.6168642870840987,-1.1772429279151162
1.213013385516116,-0.4639550261529746,-0.37910159886644923,1.3270001446148516,1.058513301289934,-0.8748343114539511,-0.58277396892231,0.7125158091728737,-1.2443945361381128,0.303045763365663,-0.8233458048543819,0.7435274561850906,1.0878831519870713,-0.7504696770199009,0.000466967666225237,-0.1284741725341665
0.8535576347766818,-0.28945384095204374,-1.7688126684853258,0.19580456771564778,0.9510454759548588,-1.6896337477735222,-2.011004262773238,0.19954546419600228,-0.7522737416919776,-1.7172593257387583,-0.8233458048543819,0.7435274561850906,0.6617010249660357,-1.7021378714866457,-1.2323276711695217,-1.1772429279151162
1.2729226773060218,1.019305048054938,-0.865500473233056,1.1654007764863938,1.2734489519600842,-1.146434123560475,-0.4987604222251967,0.096951395200628,-0.6329717309171569,0.303045763365663,0.574129394332688,-0.4304632641071578,1.514065279008107,-0.560136038126552,-0.27971363206917177,0.3959102051563083
-0.28471890923152676,0.40855089985167986,1.149580577714315,-0.6121922729266407,0.5749080872820956,1.5695639975047624,0.005320857957483786,0.6099217401774994,1.4846389603359083,0.303045763365663,-0.8233458048543819,1.917518176477339,0.06504604713658577,1.406644897104721,0.3366836873487017,0.3959102051563083
1.872015595205079,1.3683074184567998,-1.0044715801949438,0.43820361990833434,0.7361098252847085,0.21156493697214382,-0.6667875156194235,1.3280802231451194,0.3363571066282602,3.333503397022295,0.574129394332688,-0.4304632641071578,1.407519747252848,0.13775397114906043,0.2806475674016223,1.9690633382277327
0.014827549718001801,0.3213003072512144,0.5936961498667644,0.0342051995871901,-0.5535040787361936,1.2979641853982387,0.08933440465459719,0.5073276711821251,0.7837396470338374,-0.7071067811865477,1.971604593519758,1.917518176477339,-0.1267359100228803,0.9942553461691307,0.3366836873487017,1.9690633382277327
0.49410188403724753,-0.9874585817557673,-1.4908704545615505,-0.6121922729266407,1.4883846026302345,-1.893333606853415,-1.8429771693790111,-1.031583363748489,-1.4531730549940498,0.303045763365663,-0.8233458048543819,0.7435274561850906,0.36337353605131073,-1.9241937835288863,-1.7926888706403157,-0.1284741725341665
-0.6441746599709611,1.630059196258196,0.8716383637905397,-0.20819385260549642,-0.768439729406344,0.4831647490786675,1.1815105117170714,-0.21083081178549484,-0.2154146932052855,0.303045763365663,3.369079792706828,-0.4304632641071578,-0.19066322907603564,1.2163112582113722,0.6729004070311781,2.4934477159182076
1.6922877198353619,0.23404971465074895,-1.4908704545615505,2.2965963533855978,0.8435776506197836,-0.9427342644805821,0.5934156848372777,0.30213953319137654,1.0372564199303311,1.3131983079178737,-0.8233458048543819,-0.4304632641071578,1.5993017044123141,-1.0359701353599244,0.5608281671370193,-0.1284741725341665
-0.10499103386180964,-0.9002079891553019,0.17678282898110143,-0.3697932207339541,-1.0371092927440317,0.1436649839455129,1.685591791899752,0.815109878168248,-0.4241932120612212,-0.7071067811865477,-0.8233458048543819,-0.4304632641071578,-0.7660091005544337,-0.17946876033985404,1.5694783261844485,-1.1772429279151162
-0.5842653681810553,0.4958014924521453,0.6631817033477082,0.0342051995871901,-0.9296414674089567,1.0942643263183458,-0.16270623543674304,-1.6471477777207348,-0.111025433777317,-0.7071067811865477,0.574129394332688,0.7435274561850906,-0.446372505288657,0.9942553461691307,-1.008183191381204,0.3959102051563083
0.19455542508771895,1.1065556406554033,0.5936961498667644,0.6806026721010209,-0.7147058167388063,1.162164279344977,-0.4987604222251967,-0.10823674279012056,-0.09611268243046474,-1.7172593257387583,0.574129394332688,-0.4304632641071578,0.23551889794500003,1.2163112582113722,-0.3917858719633306,-0.6528585502246412
-0.5842653681810553,-0.027702063150647382,0.7326672568286521,-0.3697932207339541,0.8973115632873212,1.162164279344977,-0.41474687552808326,-1.031583363748489,-0.17067643916472738,-0.7071067811865477,-0.8233458048543819,1.917518176477339,0.04373694078553398,0.8673662535735652,-0.8400748315399659,-0.1284741725341665
1.872015595205079,-0.6384562113539055,-1.1434426871568313,-0.20819385260549642,1.3809167772951594,-2.23283337198657,-0.33073332883096984,0.6099217401774994,0.9030416578086581,0.303045763365663,-0.8233458048543819,-0.4304632641071578,1.0026467265828642,-1.7973046909333201,0.11253920756038405,-0.6528585502246412
1.0931948019363047,-0.5512056187534401,0.3157539359429891,0.6806026721010209,0.6286419999496332,-0.6711344523740583,-0.9188281557107637,0.30213953319137654,0.2767061012408498,0.303045763365663,1.971604593519758,1.917518176477339,0.6830101313170874,-0.369802399233203,-0.44782199191041,2.4934477159182076
0.014827549718001801,1.5428086036577306,1.0800950242333711,0.7614023561652496,-0.6072379914037311,1.8411638096112861,0.257361498048824,1.8410505681219909,1.1416456793582996,0.303045763365663,-0.8233458048543819,-0.4304632641071578,0.3420644297002589,1.9142012674869844,1.1772254865548928,-0.6528585502246412
-0.6441746599709611,-0.11495265575111283,-0.031673831461730056,-0.3697932207339541,-0.06989886472835533,-0.6711344523740583,-1.0868552491049905,-2.2627121916929807,-2.049683108868152,-1.7172593257387583,0.574129394332688,0.7435274561850906,-0.38244518623550167,-0.369802399233203,-1.960797230481554,-0.1284741725341665
-1.6027233286094524,-1.8599645077604217,0.5936961498667644,-0.20819385260549642,-1.5207145067518701,-1.146434123560475,0.9294698716257312,1.0202980161589965,-0.7671864930388311,-0.7071067811865477,0.574129394332688,-0.4304632641071578,-1.6823006736496604,-0.9408033159132498,1.1772254865548928,-0.1284741725341665
-0.6441746599709611,-0.11495265575111283,1.4275227916380904,-1.5817884816973868,-0.33856842806604326,1.026364373291715,2.0216459786882055,1.3280802231451194,0.12757858777232453,-0.7071067811865477,0.574129394332688,0.7435274561850906,-0.8086273132565374,1.0894221656158052,2.0738034057081633,0.3959102051563083
0.613920467617059,-0.11495265575111283,0.5936961498667644,1.4077998286790805,0.30623852394440776,-0.39953464026753455,-0.16270623543674304,-0.41601894977624343,-0.12593818512416927,-0.7071067811865477,-0.8233458048543819,0.7435274561850906,0.6830101313170874,0.042587151702385966,-0.3357497520162512,-0.6528585502246412
1.5724691362555505,-0.8129573965548363,-0.7960149197521121,0.599802988036792,1.3271828646276218,-1.010634217507213,-1.0868552491049905,0.40473360218675086,0.9925181658897744,0.303045763365663,-0.8233458048543819,-0.4304632641071578,1.0452649392849678,-1.1311369548065988,-0.5038581118574894,-0.6528585502246412
1.3328319690959276,2.240813344461454,0.17678282898110143,0.35740393584410546,1.1122472139574715,0.958464420265084,0.677429231534391,0.19954546419600228,1.9767597547820437,1.3131983079178737,-0.8233458048543819,-0.4304632641071578,1.5566834917102106,1.3432003508069377,0.5608281671370193,-0.1284741725341665
-0.8838118271305839,-1.4237115447580946,1.4970083451190341,-1.420189113568929,-0.2848345153985057,-0.6711344523740583,1.4335511518084116,0.9177039471636222,-0.03646167704305436,-0.7071067811865477,-0.8233458048543819,-0.4304632641071578,-1.1495730148733658,-0.147746487190963,1.4574060862902898,-1.1772429279151162
-0.22480961744162106,2.240813344461454,0.38523948942393293,0.35740393584410546,-0.39230234073358083,2.0448636686911787,0.5934156848372777,1.122892085154371,2.06623626286316,1.3131983079178737,0.574129394332688,0.7435274561850906,0.40599174875341426,1.9459235406358755,1.0091171267136545,1.4446789605372579
-0.7639932435507725,-0.11495265575111283,1.4970083451190341,-0.3697932207339541,-0.7147058167388063,1.2300642323716078,-0.4987604222251967,-1.1341774327438634,0.12757858777232453,1.3131983079178737,-0.8233458048543819,-0.4304632641071578,-0.6807726751502267,1.2163112582113722,-0.9521470714341247,-0.1284741725341665
-0.3446282010214325,1.1065556406554033,0.037811722019213775,0.11500488365141895,0.19877069860933258,0.1436649839455129,-0.16270623543674304,-1.4419596397299863,0.2916188525877021,0.303045763365663,-0.8233458048543819,-0.4304632641071578,0.2568280042960518,0.4866989757868673,-0.8961109514870452,-0.6528585502246412
1.1531040937262105,-0.20220324835157827,-1.629841561523438,0.8422020402294785,1.165981126625009,-1.4859338886936295,-0.16270623543674304,-1.031583363748489,0.36618260932196606,0.303045763365663,-0.8233458048543819,0.7435274561850906,1.0452649392849678,-1.5118042325932968,-0.6719664716987276,-0.1284741725341665
-1.9022697875589811,-1.51096213735856,0.7326672568286521,-2.2281859542112175,-1.4669805940843326,-0.3316346872409036,0.34137504474593744,0.40473360218675086,-0.37945495802066304,-1.7172593257387583,-0.8233458048543819,-0.4304632641071578,-2.215028332425955,-0.369802399233203,0.44875592724286045,-1.7016273056055908
1.632378428045456,0.23404971465074895,-1.2129282406377753,1.0038014083579363,1.3809167772951594,-1.4859338886936295,0.257361498048824,0.19954546419600228,0.5451356254841971,0.303045763365663,-0.8233458048543819,0.7435274561850906,1.4501379599549515,-1.1628592279554906,0.2806475674016223,-0.1284741725341665
0.014827549718001801,-0.6384562113539055,1.0800950242333711,-0.8545913251193272,-0.8221736420738815,0.1436649839455129,2.0216459786882055,0.19954546419600228,0.6495248849121643,0.303045763365663,0.574129394332688,-0.4304632641071578,-0.7020817815012784,0.3280876100424094,1.4574060862902898,0.3959102051563083
-1.1833582860801126,2.240813344461454,1.7054650055618656,0.11500488365141895,-0.8221736420738815,1.5016640444781315,0.34137504474593744,1.0202980161589965,0.023189328344356025,0.303045763365663,1.971604593519758,0.7435274561850906,-0.16935412272498385,2.2948685452736823,0.7849726469253369,1.9690633382277327
-0.22480961744162106,-0.027702063150647382,1.2190661311952589,1.4077998286790805,-0.12363277739589291,1.3658641384248695,0.5094021381401642,0.40473360218675086,0.500397371443639,1.3131983079178737,-0.8233458048543819,0.7435274561850906,0.23551889794500003,1.1845889850624798,0.5608281671370193,0.3959102051563083
-1.1833582860801126,-0.9874585817557673,-1.5603560080424943,-1.985786902018531,-1.413246681416795,0.21156493697214382,-1.5069229825905577,-3.083464743655975,-2.0645958602150047,-0.7071067811865477,-0.8233458048543819,-0.4304632641071578,-1.7462279927028157,-0.9725255890621416,-2.689266789793586,-1.1772429279151162
-0.045081742071903914,1.1065556406554033,-0.865500473233056,-0.3697932207339541,0.5211741746145581,-0.4674345932941655,-0.41474687552808326,0.815109878168248,0.500397371443639,-0.7071067811865477,-0.8233458048543819,-1.6044539843994063,0.36337353605131073,-0.21119103348874507,0.16857532750746346,-1.7016273056055908
0.49410188403724753,-0.20220324835157827,-1.4908704545615505,0.8422020402294785,0.5749080872820956,-0.8069343584273202,-0.07869268873962962,-0.9289892947531149,-0.3198039526332527,-0.7071067811865477,0.574129394332688,-1.6044539843994063,0.5764645995618285,-1.1311369548065988,-0.5598942318045688,-0.6528585502246412
-0.7040839517608668,0.7575532702535416,0.5242105963858206,-0.28899353666972527,-0.499770166068656,0.7547645611851913,-0.4987604222251967,0.6099217401774994,-0.454018714754927,0.303045763365663,1.971604593519758,0.7435274561850906,-0.3398269735333981,0.8673662535735652,0.000466967666225237,1.9690633382277327
-0.8838118271305839,0.40855089985167986,-0.031673831461730056,-1.500988797633158,-1.6281823320869453,0.6868646081585603,0.34137504474593744,-1.2367715017392378,0.5302228741373436,-1.7172593257387583,0.574129394332688,0.7435274561850906,-1.2561185466286247,0.4549767026379763,-0.44782199191041,-0.1284741725341665
-0.3446282010214325,0.3213003072512144,1.5664938985999781,1.0038014083579363,-0.016164952060817746,1.5016640444781315,1.6015782452026386,2.559209051089611,2.3644912898002106,1.3131983079178737,-0.8233458048543819,-0.4304632641071578,0.21420979159394823,1.5335339897002866,2.466056245337719,-0.1284741725341665
-0.8239025353406783,-0.11495265575111283,0.8716383637905397,-0.6121922729266407,-1.0908432054115693,0.4152647960520366,1.5175646985055251,0.6099217401774994,-0.09611268243046474,-0.7071067811865477,-0.8233458048543819,0.7435274561850906,-0.9151728450117962,0.5501435220846508,1.345333846396131,-0.6528585502246412
-1.5428140368195469,-0.11495265575111283,-0.031673831461730056,-0.935391009183556,-1.1445771180791071,0.6189646551319294,-1.3388958891963307,-1.2367715017392378,-1.4531730549940498,-0.7071067811865477,1.971604593519758,0.7435274561850906,-1.2774276529796766,0.23292079059573492,-1.568544390851998,1.4446789605372579
-0.6441746599709611,-0.5512056187534401,0.10729727550015761,-0.6929919569908695,-0.8759075547414191,0.2794648899987747,-0.58277396892231,-0.41601894977624343,-0.9014012551605042,-1.7172593257387583,-0.8233458048543819,3.0915088967695876,-0.8938637386607444,-0.02085739459539612,-0.6159303517516482,-0.1284741725341665
0.3742833004574361,1.019305048054938,-0.5875582593092807,0.599802988036792,0.19877069860933258,0.8226645142118222,1.1815105117170714,-0.41601894977624343,1.1118201766645952,0.303045763365663,-0.8233458048543819,0.7435274561850906,0.6190828122639321,0.4866989757868673,0.5608281671370193,-0.1284741725341665
-1.1234489942902068,-0.20220324835157827,-0.30961604538550536,-1.2585897454404713,0.145036785941795,0.6189646551319294,-0.16270623543674304,-0.7238011567623662,-1.1250925253632922,-1.7172593257387583,-0.8233458048543819,0.7435274561850906,-0.7233908878523302,0.07430942485127835,-0.5038581118574894,-1.1772429279151162
0.9733762183564932,0.4958014924521453,0.6631817033477082,0.599802988036792,0.8435776506197836,0.2794648899987747,1.6015782452026386,0.40473360218675086,0.47057186874993323,0.303045763365663,-0.8233458048543819,-0.4304632641071578,0.9600285138807606,0.6135880683824328,1.2892977264490515,-0.6528585502246412
-0.16490032565171533,-1.1619597669566981,0.17678282898110143,-0.20819385260549642,-1.3595127687492574,0.21156493697214382,1.1815105117170714,0.7125158091728737,1.738155733232402,0.303045763365663,-0.8233458048543819,-1.6044539843994063,-0.9364819513628481,-0.24291330663763747,1.1772254865548928,-1.1772429279151162
-1.962179079348887,-0.8129573965548363,0.10729727550015761,-0.6121922729266407,-0.8221736420738815,-0.2637347342142727,1.8536188852939788,1.122892085154371,0.1872295931597349,0.303045763365663,-0.8233458048543819,0.7435274561850906,-1.3839731847349355,-0.369802399233203,1.8496589259198457,-0.1284741725341665
-0.28471890923152676,0.05954852944981806,-0.5875582593092807,1.3270001446148516,1.058513301289934,0.07576503091888195,-0.33073332883096984,1.4306742921404936,-0.23032744455213774,-0.7071067811865477,-0.8233458048543819,-0.4304632641071578,0.6830101313170874,-0.21119103348874507,0.5608281671370193,-1.1772429279151162
-1.2432675778700182,-0.5512056187534401,1.2885516846762026,-0.3697932207339541,-1.5207145067518701,0.8905644672384532,0.9294698716257312,0.5073276711821251,0.589873879524754,-0.7071067811865477,-0.8233458048543819,-0.4304632641071578,-1.2774276529796766,0.8039217072757818,0.8970448868194957,-1.1772429279151162
-1.0036304107103953,-1.2492103595571635,-0.24013049190456154,-0.935391009183556,-1.0371092927440317,0.34736484302540566,-1.8429771693790111,-2.160118122697606,-0.9908777632416191,-1.7172593257387583,-0.8233458048543819,0.7435274561850906,-1.3200458656817802,-0.40152467238209405,-2.409086190058189,-1.1772429279151162
-0.16490032565171533,-0.8129573965548363,-0.7265293662711684,-0.20819385260549642,0.4674402619470205,-1.4180339356669984,-1.002841702407877,0.9177039471636222,0.35126985797511245,-0.7071067811865477,3.369079792706828,0.7435274561850906,-0.1267359100228803,-1.289748320551056,-0.16764139217501298,2.4934477159182076
1.2729226773060218,0.7575532702535416,0.10729727550015761,-0.1273941685412676,1.2197150392925467,-0.4674345932941655,0.08933440465459719,-0.41601894977624343,-0.677709984957715,0.303045763365663,0.574129394332688,-0.4304632641071578,1.0878831519870713,0.1060316980001694,-0.16764139217501298,0.3959102051563083
1.033285510146399,0.7575532702535416,-1.1434426871568313,0.43820361990833434,1.3271828646276218,-1.3501339826403675,-1.4229094358934442,0.5073276711821251,-0.27506569859269586,0.303045763365663,0.574129394332688,-0.4304632641071578,1.1944286837423301,-0.8773587696154671,-0.6719664716987276,0.3959102051563083
0.6738297594069647,-0.37670443355250915,-0.10115938494267389,1.569399196807538,0.789843737952246,-0.39953464026753455,-0.33073332883096984,-0.41601894977624343,1.0670819226240371,-0.7071067811865477,-0.8233458048543819,-1.6044539843994063,0.8747920884765535,-0.369802399233203,-0.44782199191041,-1.7016273056055908
1.0931948019363047,2.240813344461454,0.5242105963858206,-0.28899353666972527,-0.1773666900634305,1.5695639975047624,-1.2548823424992173,-1.749741846716109,-0.02154892569620209,-0.7071067811865477,1.971604593519758,0.7435274561850906,0.7895556630723464,1.787312174891419,-1.7926888706403157,1.4446789605372579
-0.46444678460124394,1.1065556406554033,-0.30961604538550536,-1.3393894295047002,-1.1983110307466447,0.7547645611851913,-0.16270623543674304,-0.41601894977624343,-0.111025433777317,0.303045763365663,-0.8233458048543819,-0.4304632641071578,-0.7233908878523302,0.6135880683824328,-0.3357497520162512,-0.6528585502246412
1.3328319690959276,-0.7257068039543709,-1.9772693289281573,1.2462004605506227,0.8435776506197836,-0.6711344523740583,-0.24671978213385645,0.096951395200628,0.023189328344356025,0.303045763365663,0.574129394332688,-0.4304632641071578,0.9600285138807606,-1.480081959444405,-0.11160527222793358,0.3959102051563083
-0.5243560763911497,-0.5512056187534401,0.45472504290487675,0.19580456771564778,0.03756896060671984,0.5510647021052985,1.685591791899752,1.0202980161589965,0.5302228741373436,-0.7071067811865477,0.574129394332688,-1.6044539843994063,-0.25459054812919096,0.2646430637446273,1.6815505660786074,-0.6528585502246412
0.9134669265665876,0.05954852944981806,-1.1434426871568313,-0.6929919569908695,1.8107880786354602,-1.010634217507213,-0.4987604222251967,-0.7238011567623662,1.1863839333988577,0.303045763365663,0.574129394332688,0.7435274561850906,0.8747920884765535,-0.9725255890621416,-0.728002591645807,0.9202945828467831
0.014827549718001801,1.3683074184567998,1.2190661311952589,0.8422020402294785,0.09130287327425743,1.3658641384248695,1.1815105117170714,-0.8263952257577405,0.9776054145429208,1.3131983079178737,3.369079792706828,0.7435274561850906,0.5977737059128804,1.6921453554447445,0.3366836873487017,3.5422164712991573
1.872015595205079,-0.7257068039543709,-0.9349860267139999,1.2462004605506227,1.2197150392925467,-0.8069343584273202,-0.41474687552808326,-0.8263952257577405,-0.12593818512416927,1.3131983079178737,0.574129394332688,0.7435274561850906,1.3009742154975892,-1.067692408508816,-0.728002591645807,1.4446789605372579
-1.7824512039791698,-0.37670443355250915,-0.10115938494267389,-1.500988797633158,-1.1983110307466447,0.6868646081585603,-1.8429771693790111,-1.1341774327438634,-2.4075891411926147,-2.727411870290969,-0.8233458048543819,0.7435274561850906,-1.5970642482454533,0.13775397114906043,-1.848724990587395,-1.7016273056055908
-0.7040839517608668,-0.027702063150647382,0.037811722019213775,-0.1273941685412676,-1.3057788560817198,0.6189646551319294,0.08933440465459719,-1.1341774327438634,-0.7970119957325357,0.303045763365663,0.574129394332688,-0.4304632641071578,-0.8086273132565374,0.29636533689351835,-0.5598942318045688,0.3959102051563083
-0.46444678460124394,-0.11495265575111283,-0.031673831461730056,-0.6929919569908695,-0.768439729406344,0.5510647021052985,0.34137504474593744,0.40473360218675086,0.2767061012408498,-0.7071067811865477,-0.8233458048543819,0.7435274561850906,-0.6807726751502267,0.2011985174468439,0.44875592724286045,-0.6528585502246412
0.7936483429867761,0.23404971465074895,-0.5180727058283369,1.2462004605506227,1.7570541659679226,-0.3316346872409036,0.42538859144305086,0.6099217401774994,0.8433906524212478,1.3131983079178737,-0.8233458048543819,-0.4304632641071578,1.3649015345507445,-0.30635785293541956,0.6168642870840987,-0.1284741725341665
0.49410188403724753,-0.6384562113539055,-2.185725989370989,-0.28899353666972527,1.9182559039705354,-1.2143340765871058,-1.5069229825905577,-0.005642673794746285,-0.811924747079388,0.303045763365663,-0.8233458048543819,-0.4304632641071578,0.7043192376681392,-1.7973046909333201,-1.008183191381204,-0.6528585502246412
0.2544647168776247,-0.9874585817557673,-0.7960149197521121,-0.20819385260549642,0.30623852394440776,-0.6711344523740583,-1.170868795802104,1.4306742921404936,-0.677709984957715,0.303045763365663,-0.8233458048543819,-0.4304632641071578,-0.08411769732077672,-1.0359701353599244,0.000466967666225237,-0.6528585502246412
-0.3446282010214325,1.804560381459127,1.0106094707524274,0.0342051995871901,-0.499770166068656,0.6189646551319294,-0.16270623543674304,0.19954546419600228,0.47057186874993323,0.303045763365663,-0.8233458048543819,-0.4304632641071578,0.12897336618974112,1.406644897104721,0.000466967666225237,-0.6528585502246412
0.07473684150790752,1.3683074184567998,0.8716383637905397,0.43820361990833434,-1.3595127687492574,0.8226645142118222,0.257361498048824,-0.9289892947531149,0.8732161551149537,-0.7071067811865477,0.574129394332688,-0.4304632641071578,-0.06280859096972494,1.2797558045091542,-0.3357497520162512,-0.1284741725341665
-0.9437211189204896,-1.0747091743562327,1.3580372381571466,-1.0969903773120138,-0.1773666900634305,-0.2637347342142727,1.0134834183228447,2.354020913098862,0.500397371443639,0.303045763365663,0.574129394332688,-0.4304632641071578,-0.9577910577138998,0.1060316980001694,1.9617311658140044,0.3959102051563083
1.872015595205079,-0.5512056187534401,-1.1434426871568313,1.650198880871767,1.434650689962697,-0.5353345463207965,-1.170868795802104,-0.005642673794746285,0.17231684181288265,1.3131983079178737,0.574129394332688,-0.4304632641071578,1.5353743853591588,-0.9725255890621416,-0.7840387115928864,0.9202945828467831
0.014827549718001801,-1.2492103595571635,1.8444361125237534,-0.450592904798183,-0.6072379914037311,-0.4674345932941655,1.265524058414185,0.19954546419600228,0.05301483103806188,-0.7071067811865477,-0.8233458048543819,-0.4304632641071578,-0.6594635687991749,0.16947624429795283,0.9530810067665751,-1.1772429279151162
-0.8239025353406783,-1.51096213735856,0.5936961498667644,-1.8241875338900733,-1.8968518954246332,-0.3316346872409036,0.08933440465459719,0.7125158091728737,0.39600811201567054,-0.7071067811865477,1.971604593519758,-0.4304632641071578,-1.8953917371601783,-0.4332469455309864,0.44875592724286045,0.9202945828467831
0.7337390511968704,-0.28945384095204374,-1.0044715801949438,1.1654007764863938,1.5958524279653097,-1.0785341705338438,-1.590936529287671,1.7384564991266165,-0.3048912012864004,0.303045763365663,-0.8233458048543819,-0.4304632641071578,1.1305013646891748,-1.067692408508816,-0.11160527222793358,-0.6528585502246412
1.632378428045456,0.9320544554544725,-0.5180727058283369,1.1654007764863938,0.8973115632873212,-1.146434123560475,-0.16270623543674304,-0.621207087766992,1.1118201766645952,0.303045763365663,3.369079792706828,-0.4304632641071578,1.4714470663060033,-0.4332469455309864,-0.44782199191041,2.4934477159182076
1.5125598444656447,-1.1619597669566981,-2.3941826498138203,-0.20819385260549642,1.2197150392925467,-1.2822340296137367,-1.4229094358934442,-0.21083081178549484,-1.2742200388318188,0.303045763365663,-0.8233458048543819,0.7435274561850906,0.6830101313170874,-2.1145274224222352,-1.0642193113282834,-0.1284741725341665
1.7521970116252676,-0.11495265575111283,-1.2129282406377753,0.7614023561652496,1.3809167772951594,-1.4859338886936295,-0.16270623543674304,0.6099217401774994,0.5451356254841971,1.3131983079178737,-0.8233458048543819,-0.4304632641071578,1.3435924281996927,-1.289748320551056,0.22461144745454287,-0.1284741725341665
-0.46444678460124394,-1.947215100360887,0.10729727550015761,-2.0665865860827597,-1.3595127687492574,0.007865077892251018,1.1815105117170714,-1.4419596397299863,-1.4084348009534917,-1.7172593257387583,-0.8233458048543819,-1.6044539843994063,-1.724918886351764,-0.6553028575732264,0.000466967666225237,-2.2260116832960657
-1.2432675778700182,-0.11495265575111283,1.9139216660046972,-1.0969903773120138,-0.6609719040712687,0.1436649839455129,1.1815105117170714,-0.005642673794746285,-0.677709984957715,-1.7172593257387583,-0.8233458048543819,0.7435274561850906,-1.0217183767670552,0.8990885267224563,0.7849726469253369,-1.1772429279151162
-0.8239025353406783,0.7575532702535416,-0.44858715234739305,0.0342051995871901,-0.8759075547414191,1.8411638096112861,-0.4987604222251967,0.6099217401774994,-0.9312267578542087,-0.7071067811865477,-0.8233458048543819,-0.4304632641071578,-0.446372505288657,0.9308107998713486,0.000466967666225237,-1.1772429279151162
0.613920467617059,-1.1619597669566981,-1.5603560080424943,0.27660425177987663,1.5958524279653097,-0.6032344993474273,-0.16270623543674304,-1.5445537087253605,-0.08119993108361247,0.303045763365663,0.574129394332688,-1.6044539843994063,0.6403919186149839,-1.4166374131466222,-0.9521470714341247,-0.1284741725341665
0.7936483429867761,-0.11495265575111283,-1.0044715801949438,1.0038014083579363,0.9510454759548588,-1.893333606853415,-0.16270623543674304,1.3280802231451194,0.9179544091555117,1.3131983079178737,-0.8233458048543819,-0.4304632641071578,0.8961011948276053,-1.3849151399977306,0.6168642870840987,-0.1284741725341665
1.2729226773060218,-0.027702063150647382,-0.37910159886644923,0.7614023561652496,0.7361098252847085,-1.4859338886936295,-0.7508010623165369,1.4306742921404936,-0.5285824714891897,1.3131983079178737,-0.8233458048543819,0.7435274561850906,0.9387194075297088,-0.8773587696154671,0.2806475674016223,0.3959102051563083
0.8535576347766818,-0.20220324835157827,-1.0739571336758875,1.1654007764863938,0.8973115632873212,-0.8069343584273202,-1.6749500759847844,0.30213953319137654,-0.46893146610177927,-0.7071067811865477,-0.8233458048543819,-0.4304632641071578,0.9174103011786571,-0.9408033159132498,-0.9521470714341247,-1.1772429279151162
1.0931948019363047,-0.5512056187534401,-1.0044715801949438,0.27660425177987663,1.3809167772951594,-1.2822340296137367,-0.8348146090136503,0.19954546419600228,-0.09611268243046474,1.3131983079178737,-0.8233458048543819,-0.4304632641071578,0.8747920884765535,-1.258026047402165,-0.44782199191041,-0.1284741725341665
1.5724691362555505,0.8448038628540071,-0.865500473233056,1.3270001446148516,1.2734489519600842,-0.12793482816101084,0.8454563249286179,1.4306742921404936,-0.08119993108361247,1.3131983079178737,-0.8233458048543819,-0.4304632641071578,1.6206108107633659,-0.147746487190963,1.345333846396131,-0.1284741725341665
-1.0036304107103953,-0.28945384095204374,1.6359794520809219,-0.7737916410550983,-1.2520449434141823,1.162164279344977,1.4335511518084116,2.354020913098862,1.1863839333988577,0.303045763365663,0.574129394332688,-0.4304632641071578,-1.128263908522314,1.1845889850624798,2.2419117655494016,0.3959102051563083
0.9134669265665876,-0.20220324835157827,-1.7688126684853258,0.599802988036792,1.3271828646276218,-2.029133512906677,-0.41474687552808326,0.9177039471636222,-0.4391059634080734,1.3131983079178737,-0.8233458048543819,0.7435274561850906,0.9600285138807606,-1.8290269640822119,0.22461144745454287,0.3959102051563083
-0.8838118271305839,-1.7727139151599562,0.9411239172714836,-0.8545913251193272,-0.8759075547414191,0.2794648899987747,0.34137504474593744,-0.5186130187716177,-0.7970119957325357,0.303045763365663,0.574129394332688,-0.4304632641071578,-1.3200458656817802,-0.08430194089317955,-0.05556915228085417,0.3959102051563083
0.7337390511968704,-0.20220324835157827,-0.6570438127902245,1.084601092422165,0.4674402619470205,-1.010634217507213,-0.7508010623165369,-1.339365570734612,-0.006636174349348502,0.303045763365663,0.574129394332688,-1.6044539843994063,0.6830101313170874,-0.8456364964665753,-1.2323276711695217,-0.1284741725341665
0.07473684150790752,-1.51096213735856,0.802152810309596,-1.5817884816973868,-1.0371092927440317,-0.12793482816101084,0.5934156848372777,1.533268361135868,-1.3040455415255232,-0.7071067811865477,0.574129394332688,0.7435274561850906,-1.1708821212244176,-0.24291330663763747,1.2332616065019721,0.3959102051563083
-0.7639932435507725,0.40855089985167986,1.7749505590428096,-0.20819385260549642,-0.9296414674089567,0.21156493697214382,1.8536188852939788,1.7384564991266165,2.021498008822603,0.303045763365663,-0.8233458048543819,-0.4304632641071578,-0.5955362497460195,1.057699892466914,2.185875645602322,-0.6528585502246412
-0.6441746599709611,1.1938062332558688,1.0106094707524274,-0.450592904798183,-0.7147058167388063,0.7547645611851913,1.6015782452026386,0.30213953319137654,0.6346121335653121,1.3131983079178737,-0.8233458048543819,-0.4304632641071578,-0.3398269735333981,1.248033531360263,1.2332616065019721,-0.1284741725341665
-0.28471890923152676,1.630059196258196,-0.9349860267139999,-0.3697932207339541,-1.3057788560817198,1.5695639975047624,0.42538859144305086,0.19954546419600228,-0.3048912012864004,1.3131983079178737,-0.8233458048543819,0.7435274561850906,-0.3185178671823463,0.8990885267224563,0.3927198072957811,0.3959102051563083
0.7337390511968704,0.8448038628540071,0.7326672568286521,0.6806026721010209,0.8435776506197836,0.6868646081585603,0.1733479513517106,-0.621207087766992,1.8276322413135184,0.303045763365663,-0.8233458048543819,0.7435274561850906,0.9813376202318124,0.9625330730202397,-0.2236775121220924,-0.1284741725341665
-0.10499103386180964,1.7173097888586615,0.9411239172714836,-0.5313925888624118,0.03756896060671984,2.11276362171781,0.42538859144305086,1.533268361135868,1.7083302305386976,1.3131983079178737,0.574129394332688,0.7435274561850906,0.2568280042960518,2.04109036008255,1.1211893666078134,1.4446789605372579
0.8535576347766818,-0.11495265575111283,-0.6570438127902245,0.0342051995871901,0.09130287327425743,-1.2143340765871058,-1.2548823424992173,-1.2367715017392378,-0.6031462282234523,-0.7071067811865477,0.574129394332688,0.7435274561850906,0.32075532334920714,-0.9090810427643582,-1.5125082709049187,0.3959102051563083
1.5724691362555505,-0.6384562113539055,-2.950067077661371,0.8422020402294785,1.3809167772951594,-1.8254336538267841,-0.8348146090136503,-1.2367715017392378,-1.2443945361381128,-0.7071067811865477,-0.8233458048543819,-0.4304632641071578,1.1731195773912784,-2.4317501539111497,-1.2323276711695217,-1.1772429279151162
-1.303176869659924,-0.7257068039543709,1.4275227916380904,-1.5817884816973868,-0.6072379914037311,-0.06003487513437991,1.9376324319910923,0.19954546419600228,-0.5136697201423374,0.303045763365663,1.971604593519758,0.7435274561850906,-1.2987367593307284,0.3598098831913018,1.4013699663432104,1.9690633382277327
1.2729226773060218,0.23404971465074895,-0.5875582593092807,0.5190033039725631,1.2197150392925467,-0.2637347342142727,0.257361498048824,1.6358624301312423,-0.4987569687954838,-0.7071067811865477,0.574129394332688,-0.4304632641071578,1.1305013646891748,-0.30635785293541956,1.0651532466607339,-0.1284741725341665
-1.0036304107103953,-2.3834680633632144,0.24626838246204527,-1.8241875338900733,-0.768439729406344,0.007865077892251018,0.9294698716257312,-0.5186130187716177,-1.3189582928723755,0.303045763365663,-0.8233458048543819,-1.6044539843994063,-1.724918886351764,-0.7504696770199009,0.3366836873487017,-1.1772429279151162
-0.6441746599709611,0.40855089985167986,0.6631817033477082,0.35740393584410546,-1.413246681416795,0.2794648899987747,-0.9188281557107637,-0.7238011567623662,-0.5434952228360419,-1.7172593257387583,-0.8233458048543819,0.7435274561850906,-0.5955362497460195,0.5818657952335418,-1.008183191381204,-1.1772429279151162
0.613920467617059,-1.4237115447580946,-0.7960149197521121,0.5190033039725631,1.434650689962697,-1.5538338417202604,0.5934156848372777,-0.8263952257577405,-0.9163140065073565,0.303045763365663,-0.8233458048543819,-0.4304632641071578,0.5764645995618285,-1.6069710520399711,-0.05556915228085417,-0.6528585502246412
-0.4045374928113382,-0.7257068039543709,0.17678282898110143,-0.450592904798183,-0.7147058167388063,1.3658641384248695,0.34137504474593744,0.5073276711821251,0.03810207969120829,0.303045763365663,0.574129394332688,0.7435274561850906,-0.7233908878523302,0.4549767026379763,0.5047920471899399,0.9202945828467831
-0.7639932435507725,1.1938062332558688,1.0106094707524274,-0.7737916410550983,-0.1773666900634305,-0.12793482816101084,-0.41474687552808326,-0.9289892947531149,-0.2005019418584319,-0.7071067811865477,1.971604593519758,-0.4304632641071578,-0.25459054812919096,0.8356439804246741,-0.7840387115928864,0.9202945828467831
-0.6441746599709611,0.9320544554544725,0.24626838246204527,-0.5313925888624118,-0.7147058167388063,1.162164279344977,0.677429231534391,-0.21083081178549484,0.20214234450658716,1.3131983079178737,-0.8233458048543819,0.7435274561850906,-0.42506339893760525,0.9942553461691307,0.3366836873487017,0.3959102051563083
0.5540111758271532,-0.9002079891553019,-1.3518993475996628,0.6806026721010209,-0.06989886472835533,-0.9427342644805821,-0.07869268873962962,0.40473360218675086,-0.28997844993954813,1.3131983079178737,-0.8233458048543819,0.7435274561850906,0.12897336618974112,-1.3849151399977306,0.16857532750746346,0.3959102051563083
-1.063539702500301,-0.37670443355250915,-0.865500473233056,-1.0161906932477849,-0.8221736420738815,1.026364373291715,0.005320857957483786,-0.621207087766992,-0.8715757524667983,-0.7071067811865477,0.574129394332688,-0.4304632641071578,-1.0643365894691588,-0.052579667744288516,-0.3357497520162512,-0.1284741725341665
1.033285510146399,1.1938062332558688,-0.5180727058283369,0.9230017242937074,1.7033202533003848,-0.3316346872409036,-0.07869268873962962,0.7125158091728737,-0.39436770936751664,0.303045763365663,0.574129394332688,-1.6044539843994063,1.5779925980612624,0.042587151702385966,0.3366836873487017,-0.1284741725341665
1.3927412608858332,0.1467991220502835,-0.7960149197521121,-0.1273941685412676,1.0047793886223964,-0.9427342644805821,-1.5069229825905577,0.9177039471636222,0.3214443552814079,0.303045763365663,-0.8233458048543819,-1.6044539843994063,0.8961011948276053,-0.7504696770199009,-0.5038581118574894,-1.1772429279151162
-1.7824512039791698,-1.5982127299590254,0.5936961498667644,-1.9049872179543021,-1.5744484194194077,-0.7390344054006892,0.42538859144305086,-0.9289892947531149,-1.7514280819311006,-0.7071067811865477,-0.8233458048543819,-1.6044539843994063,-2.1511010133727995,-0.6553028575732264,-0.2236775121220924,-1.7016273056055908
-1.063539702500301,0.6703026776530762,0.9411239172714836,-1.7433878498258444,-1.0908432054115693,0.8226645142118222,-0.4987604222251967,-1.5445537087253605,-1.7961663359716586,-1.7172593257387583,-0.8233458048543819,-0.4304632641071578,-1.1069548021712623,1.057699892466914,-1.1762915512224423,-1.7016273056055908
0.2544647168776247,-0.8129573965548363,-2.116240435890045,-0.3697932207339541,0.789843737952246,-1.7575337008001533,-1.4229094358934442,0.30213953319137654,-0.3048912012864004,1.3131983079178737,-0.8233458048543819,-0.4304632641071578,0.10766425983868932,-2.0828051492733435,-0.7840387115928864,-0.1284741725341665
-1.0036304107103953,0.8448038628540071,-0.10115938494267389,-0.450592904798183,-1.1445771180791071,0.958464420265084,-1.4229094358934442,-1.749741846716109,-0.6478844822640104,-0.7071067811865477,-0.8233458048543819,1.917518176477339,-0.7233908878523302,0.7087548878291073,-1.9047611105344746,-0.1284741725341665
-0.4045374928113382,1.8918109740595923,0.5936961498667644,-0.04659448447703874,0.19877069860933258,2.0448636686911787,1.1815105117170714,-0.41601894977624343,0.17231684181288265,0.303045763365663,-0.8233458048543819,0.7435274561850906,0.3846826424023625,1.9142012674869844,0.5608281671370193,-0.1284741725341665
0.9733762183564932,1.1065556406554033,0.10729727550015761,1.7309985649359958,1.3271828646276218,-0.8748343114539511,-0.07869268873962962,0.19954546419600228,0.7091758902995747,1.3131983079178737,-0.8233458048543819,-1.6044539843994063,1.5993017044123141,0.042587151702385966,0.056503087613304644,-0.6528585502246412
-0.28471890923152676,-1.2492103595571635,-1.282413794118719,-0.1273941685412676,0.6823759126171709,-1.6896337477735222,-1.5069229825905577,0.19954546419600228,-0.811924747079388,-0.7071067811865477,-0.8233458048543819,-0.4304632641071578,-0.16935412272498385,-1.8290269640822119,-0.8961109514870452,-1.1772429279151162
0.7936483429867761,0.5830520850526107,-1.5603560080424943,1.4077998286790805,0.9510454759548588,-1.010634217507213,-0.8348146090136503,-0.005642673794746285,-0.05137442838990662,0.303045763365663,-0.8233458048543819,0.7435274561850906,1.1731195773912784,-0.9725255890621416,-0.5598942318045688,-0.1284741725341665
-0.045081742071903914,-0.28945384095204374,-0.10115938494267389,0.19580456771564778,-0.23110060273096808,-0.6032344993474273,-0.8348146090136503,0.096951395200628,-0.27506569859269586,-0.7071067811865477,-0.8233458048543819,0.7435274561850906,-0.1267359100228803,-0.4332469455309864,-0.5038581118574894,-0.6528585502246412
0.2544647168776247,-0.027702063150647382,-0.7265293662711684,1.8925979330644536,0.8973115632873212,-0.3316346872409036,-0.16270623543674304,0.30213953319137654,-0.3496294553269585,0.303045763365663,0.574129394332688,-0.4304632641071578,0.9387194075297088,-0.49669149182876854,0.056503087613304644,0.3959102051563083
-1.1833582860801126,0.9320544554544725,1.6359794520809219,0.27660425177987663,0.03756896060671984,0.4831647490786675,2.3577001654766594,1.533268361135868,2.1706255222911284,0.303045763365663,1.971604593519758,-1.6044539843994063,-0.1054268036718285,1.3114780776580466,2.4100201253906395,0.9202945828467831
-1.3630861614498297,1.019305048054938,-0.10115938494267389,0.19580456771564778,-1.0371092927440317,2.11276362171781,1.265524058414185,-0.9289892947531149,0.21705509585343943,0.303045763365663,0.574129394332688,-1.6044539843994063,-0.5955362497460195,1.3114780776580466,0.3366836873487017,-0.1284741725341665
1.3927412608858332,1.1065556406554033,-1.4213849010806066,2.2965963533855978,0.145036785941795,-0.9427342644805821,-0.58277396892231,0.815109878168248,1.2758604414799726,1.3131983079178737,1.971604593519758,-0.4304632641071578,1.4288288536038998,-0.6870251307221181,0.056503087613304644,1.9690633382277327
-1.0036304107103953,-1.5982127299590254,-0.44858715234739305,-0.5313925888624118,-1.3057788560817198,0.2794648899987747,0.257361498048824,0.30213953319137654,-0.3347167039801063,-0.7071067811865477,-0.8233458048543819,-0.4304632641071578,-1.4052822910859872,-0.6553028575732264,0.3366836873487017,-1.1772429279151162
1.5125598444656447,0.40855089985167986,-0.10115938494267389,1.2462004605506227,1.2197150392925467,-1.010634217507213,0.677429231534391,0.5073276711821251,0.9776054145429208,1.3131983079178737,0.574129394332688,-0.4304632641071578,1.4501379599549515,-0.369802399233203,0.7289365269782575,0.9202945828467831
1.033285510146399,1.019305048054938,-0.44858715234739305,2.2965963533855978,1.4883846026302345,-0.8069343584273202,0.1733479513517106,1.4306742921404936,1.4846389603359083,2.3233508524700843,0.574129394332688,0.7435274561850906,1.812392767922832,-0.21119103348874507,0.8970448868194957,1.9690633382277327
0.4341925922473418,0.05954852944981806,0.5242105963858206,0.27660425177987663,0.6286419999496332,-0.6032344993474273,-0.24671978213385645,0.9177039471636222,-0.9610522605479146,-0.7071067811865477,-0.8233458048543819,0.7435274561850906,0.49122817415762143,-0.02085739459539612,0.3366836873487017,-0.6528585502246412
-1.2432675778700182,-0.28945384095204374,-0.7265293662711684,-0.5313925888624118,-1.0371092927440317,-0.7390344054006892,-1.4229094358934442,-0.9289892947531149,-1.0356160172821771,-1.7172593257387583,1.971604593519758,0.7435274561850906,-1.0643365894691588,-0.7821919501687926,-1.4564721509578393,0.9202945828467831
-0.6441746599709611,1.1065556406554033,0.7326672568286521,0.35740393584410546,-0.39230234073358083,1.6374639505313933,0.257361498048824,0.5073276711821251,1.7679812359261093,0.303045763365663,1.971604593519758,-0.4304632641071578,-0.02019037826762137,1.5018117165513956,0.44875592724286045,1.4446789605372579
1.8121063034151732,0.05954852944981806,-0.37910159886644923,0.11500488365141895,1.542118515297772,0.21156493697214382,-0.4987604222251967,0.40473360218675086,0.5749611281779017,1.3131983079178737,-0.8233458048543819,-0.4304632641071578,1.3009742154975892,-0.052579667744288516,-0.11160527222793358,-0.1284741725341665
-0.8239025353406783,-0.5512056187534401,0.5936961498667644,-1.500988797633158,-1.0908432054115693,1.5695639975047624,0.1733479513517106,-1.749741846716109,-0.9610522605479146,-0.7071067811865477,0.574129394332688,0.7435274561850906,-1.2561185466286247,0.8039217072757818,-0.8400748315399659,0.3959102051563083
-0.8239025353406783,-1.51096213735856,0.45472504290487675,-0.6121922729266407,-0.6072379914037311,-0.6032344993474273,1.6015782452026386,0.30213953319137654,-0.2154146932052855,1.3131983079178737,0.574129394332688,1.917518176477339,-1.0643365894691588,-0.6235805844243354,1.2332616065019721,1.9690633382277327
0.5540111758271532,0.40855089985167986,1.0106094707524274,0.6806026721010209,-0.8759075547414191,0.5510647021052985,0.9294698716257312,-1.031583363748489,0.6346121335653121,0.303045763365663,-0.8233458048543819,0.7435274561850906,0.12897336618974112,0.8673662535735652,0.056503087613304644,-0.1284741725341665
0.014827549718001801,0.40855089985167986,0.38523948942393293,0.19580456771564778,-0.8221736420738815,0.5510647021052985,0.1733479513517106,1.225486154149745,0.06792758238491414,0.303045763365663,-0.8233458048543819,0.7435274561850906,-0.16935412272498385,0.5818657952335418,0.7849726469253369,-0.1284741725341665
0.613920467617059,-0.37670443355250915,-0.17064493842361772,0.43820361990833434,1.3271828646276218,-1.2822340296137367,-0.4987604222251967,-0.10823674279012056,-0.722448238998273,1.3131983079178737,0.574129394332688,3.0915088967695876,0.7682465567212946,-0.8139142233176837,-0.3917858719633306,2.4934477159182076
0.4341925922473418,2.240813344461454,0.802152810309596,0.6806026721010209,-0.768439729406344,1.2979641853982387,-0.58277396892231,1.6358624301312423,1.603940971110729,0.303045763365663,1.971604593519758,0.7435274561850906,0.5764645995618285,1.787312174891419,0.5047920471899399,1.9690633382277327
1.3328319690959276,1.2810568258563344,0.45472504290487675,0.8422020402294785,1.7033202533003848,-0.4674345932941655,-0.16270623543674304,-0.621207087766992,0.7837396470338374,0.303045763365663,0.574129394332688,-1.6044539843994063,1.6845381298165212,0.4549767026379763,-0.44782199191041,-0.1284741725341665
-0.10499103386180964,2.240813344461454,0.6631817033477082,1.2462004605506227,0.03756896060671984,0.4152647960520366,0.5934156848372777,-1.339365570734612,1.2758604414799726,1.3131983079178737,1.971604593519758,0.7435274561850906,0.8534829821255017,1.3114780776580466,-0.3357497520162512,2.4934477159182076
0.7337390511968704,-0.5512056187534401,-1.699327115004382,0.9230017242937074,1.971989816638073,-1.0785341705338438,-0.58277396892231,1.225486154149745,1.0521691712771848,1.3131983079178737,0.574129394332688,0.7435274561850906,1.1518104710402266,-1.480081959444405,0.2806475674016223,1.4446789605372579
-0.5842653681810553,0.9320544554544725,0.45472504290487675,0.35740393584410546,-0.9833753800764943,0.8905644672384532,-0.58277396892231,-0.7238011567623662,-1.1250925253632922,-0.7071067811865477,1.971604593519758,-1.6044539843994063,-0.2758996544802428,0.9625330730202397,-0.7840387115928864,0.3959102051563083
-0.6441746599709611,1.2810568258563344,0.17678282898110143,0.11500488365141895,-0.33856842806604326,1.3658641384248695,0.08933440465459719,-0.621207087766992,1.1267329280114473,0.303045763365663,-0.8233458048543819,0.7435274561850906,-0.02019037826762137,1.1845889850624798,-0.27971363206917177,-0.1284741725341665
0.613920467617059,1.2810568258563344,0.17678282898110143,1.650198880871767,0.6286419999496332,0.4831647490786675,1.265524058414185,1.4306742921404936,0.7837396470338374,0.303045763365663,-0.8233458048543819,1.917518176477339,1.2157377900933821,0.7721994341268907,1.625514446131528,0.3959102051563083
-0.8838118271305839,-0.4639550261529746,1.7749505590428096,-0.8545913251193272,-1.0908432054115693,0.4831647490786675,2.105659525385319,0.6099217401774994,0.6793503876058702,-0.7071067811865477,-0.8233458048543819,0.7435274561850906,-1.0856456958202105,0.8673662535735652,1.7375866860256868,-0.6528585502246412
0.13464613329781322,-0.11495265575111283,-0.031673831461730056,0.9230017242937074,0.8973115632873212,0.07576503091888195,0.08933440465459719,-0.3134248807808691,0.9477799118492163,0.303045763365663,0.574129394332688,0.7435274561850906,0.6190828122639321,-0.02085739459539612,-0.11160527222793358,0.9202945828467831
-1.1234489942902068,-1.4237115447580946,0.5242105963858206,-0.04659448447703874,-1.5744484194194077,1.2300642323716078,1.0974969650199582,0.19954546419600228,0.20214234450658716,-0.7071067811865477,0.574129394332688,-0.4304632641071578,-1.3839731847349355,0.29636533689351835,0.8410087668724163,-0.1284741725341665
-0.10499103386180964,1.1938062332558688,1.149580577714315,0.0342051995871901,-0.499770166068656,0.6868646081585603,-0.33073332883096984,0.5073276711821251,1.603940971110729,0.303045763365663,0.574129394332688,-0.4304632641071578,0.06504604713658577,1.2797558045091542,0.056503087613304644,0.3959102051563083
-0.045081742071903914,0.23404971465074895,1.2190661311952589,-1.0969903773120138,-0.33856842806604326,1.8411638096112861,-0.58277396892231,0.096951395200628,0.008276576997503761,0.303045763365663,0.574129394332688,0.7435274561850906,-0.38244518623550167,1.5018117165513956,-0.3357497520162512,0.9202945828467831
0.3742833004574361,-0.4639550261529746,-0.7265293662711684,1.650198880871767,1.0047793886223964,0.7547645611851913,0.42538859144305086,-0.10823674279012056,0.8433906524212478,-0.7071067811865477,1.971604593519758,0.7435274561850906,0.8534829821255017,-0.147746487190963,0.22461144745454287,1.4446789605372579
-0.28471890923152676,0.05954852944981806,-1.4908704545615505,0.19580456771564778,0.5749080872820956,-0.6711344523740583,-0.9188281557107637,0.40473360218675086,-0.24524019589899002,-0.7071067811865477,-0.8233458048543819,0.7435274561850906,0.19290068524289644,-0.9725255890621416,-0.3917858719633306,-0.6528585502246412
-1.0036304107103953,-0.9002079891553019,0.38523948942393293,-1.0161906932477849,-0.6072379914037311,0.6868646081585603,0.7614427782315044,0.30213953319137654,-0.6180589795703045,0.303045763365663,-0.8233458048543819,-1.6044539843994063,-1.0856456958202105,0.16947624429795283,0.6729004070311781,-1.1772429279151162
0.9134669265665876,-2.2089668781622835,-1.2129282406377753,-0.28899353666972527,0.6286419999496332,-2.3686332780398316,-2.179031356167465,-1.4419596397299863,-1.9751193521338897,1.3131983079178737,-0.8233458048543819,-1.6044539843994063,-0.04149948461867315,-2.4634724270600414,-2.240977830216951,-0.6528585502246412
0.613920467617059,1.019305048054938,1.0106094707524274,-1.0161906932477849,0.35997243661194533,0.1436649839455129,0.5094021381401642,-1.031583363748489,0.8433906524212478,0.303045763365663,1.971604593519758,0.7435274561850906,0.3420644297002589,0.8990885267224563,-0.2236775121220924,1.9690633382277327
-1.303176869659924,0.8448038628540071,-0.5180727058283369,-0.6121922729266407,0.03756896060671984,0.8226645142118222,-0.24671978213385645,0.19954546419600228,0.6495248849121643,0.303045763365663,-0.8233458048543819,0.7435274561850906,-0.40375429258655343,0.4549767026379763,-0.05556915228085417,-0.1284741725341665
-0.4045374928113382,-0.11495265575111283,0.10729727550015761,-0.450592904798183,-0.9833753800764943,0.34736484302540566,-0.41474687552808326,-0.21083081178549484,-0.24524019589899002,0.303045763365663,-0.8233458048543819,-0.4304632641071578,-0.6807726751502267,0.16947624429795283,-0.3917858719633306,-0.6528585502246412
-0.6441746599709611,0.6703026776530762,0.6631817033477082,-1.0161906932477849,-0.7147058167388063,0.958464420265084,-1.002841702407877,0.5073276711821251,-0.28997844993954813,0.303045763365663,0.574129394332688,0.7435274561850906,-0.6168453560970713,0.9942553461691307,-0.3917858719633306,0.9202945828467831
-1.1833582860801126,-0.9002079891553019,0.9411239172714836,-0.6121922729266407,-0.9833753800764943,-0.19583478118764178,1.4335511518084116,-0.8263952257577405,-0.1557636878178751,0.303045763365663,-0.8233458048543819,-1.6044539843994063,-1.1921912275754694,0.010864878553494921,0.5047920471899399,-1.1772429279151162
-0.8239025353406783,-0.9002079891553019,1.4970083451190341,-0.450592904798183,-0.8221736420738815,0.34736484302540566,1.4335511518084116,2.354020913098862,2.901350338286905,1.3131983079178737,0.574129394332688,0.7435274561850906,-0.9577910577138998,0.5184212489357584,2.2419117655494016,1.4446789605372579
-1.482904745029641,-1.947215100360887,0.802152810309596,-0.6121922729266407,-0.8759075547414191,0.21156493697214382,0.7614427782315044,1.3280802231451194,-0.5882334768766,-0.7071067811865477,-0.8233458048543819,-0.4304632641071578,-1.511827822841246,-0.24291330663763747,1.2332616065019721,-1.1772429279151162
-0.46444678460124394,0.3213003072512144,1.4275227916380904,-0.04659448447703874,-1.0908432054115693,-0.19583478118764178,1.8536188852939788,1.122892085154371,0.9030416578086581,0.303045763365663,-0.8233458048543819,-0.4304632641071578,-0.5316089306928642,0.6770326146802162,1.8496589259198457,-0.6528585502246412
1.033285510146399,-0.28945384095204374,-0.5180727058283369,0.5190033039725631,-0.23110060273096808,0.1436649839455129,0.005320857957483786,1.0202980161589965,0.9179544091555117,0.303045763365663,-0.8233458048543819,0.7435274561850906,0.3420644297002589,-0.2746355797865285,0.5608281671370193,-0.1284741725341665
-1.0036304107103953,1.5428086036577306,1.4970083451190341,0.35740393584410546,-0.12363277739589291,2.11276362171781,0.7614427782315044,1.3280802231451194,2.468880549228179,0.303045763365663,0.574129394332688,0.7435274561850906,0.06504604713658577,2.231423998975899,1.2332616065019721,0.9202945828467831
0.13464613329781322,0.1467991220502835,0.037811722019213775,1.569399196807538,0.6286419999496332,0.34736484302540566,0.5934156848372777,0.30213953319137654,1.3504241982142353,-0.7071067811865477,0.574129394332688,-0.4304632641071578,0.7469374503702428,0.23292079059573492,0.5608281671370193,-0.1284741725341665
0.13464613329781322,-1.2492103595571635,-0.7960149197521121,0.43820361990833434,0.03756896060671984,-0.12793482816101084,-0.07869268873962962,-0.005642673794746285,-1.2443945361381128,0.303045763365663,-0.8233458048543819,1.917518176477339,-0.1267359100228803,-0.8773587696154671,-0.05556915228085417,0.3959102051563083
-1.2432675778700182,2.240813344461454,0.10729727550015761,-2.147386270146989,-1.1445771180791071,0.5510647021052985,0.677429231534391,-0.21083081178549484,-0.17067643916472738,0.303045763365663,-0.8233458048543819,-0.4304632641071578,-0.9151728450117962,1.1211444387646976,0.3366836873487017,-0.6528585502246412
-1.063539702500301,-1.0747091743562327,0.802152810309596,-1.500988797633158,-1.6819162447544829,-1.010634217507213,0.42538859144305086,0.9177039471636222,-1.6172133198094274,-0.7071067811865477,-0.8233458048543819,-0.4304632641071578,-1.7036097800007122,-0.49669149182876854,0.7849726469253369,-1.1772429279151162
-0.3446282010214325,-0.7257068039543709,-0.24013049190456154,-0.6121922729266407,-0.8759075547414191,-0.12793482816101084,-0.24671978213385645,-0.5186130187716177,-0.7373609903451254,-0.7071067811865477,0.574129394332688,0.7435274561850906,-0.8086273132565374,-0.4332469455309864,-0.44782199191041,0.3959102051563083
-1.1234489942902068,-1.8599645077604217,0.6631817033477082,-0.935391009183556,-1.1445771180791071,-1.0785341705338438,0.9294698716257312,1.943644637117365,-0.4391059634080734,0.303045763365663,-0.8233458048543819,0.7435274561850906,-1.5544460355433498,-0.8773587696154671,1.6815505660786074,-0.1284741725341665
-0.8838118271305839,-0.11495265575111283,0.5936961498667644,-2.3089856382754466,-1.0908432054115693,0.7547645611851913,1.5175646985055251,0.9177039471636222,-0.7522737416919776,-0.7071067811865477,0.574129394332688,-1.6044539843994063,-1.3839731847349355,0.5818657952335418,1.5134422062373691,-0.6528585502246412
-0.5243560763911497,0.23404971465074895,0.8716383637905397,-1.0161906932477849,-0.1773666900634305,1.162164279344977,0.677429231534391,0.19954546419600228,0.03810207969120829,-0.7071067811865477,-0.8233458048543819,0.7435274561850906,-0.4676816116397088,1.0259776193180232,0.5608281671370193,-0.6528585502246412
-0.3446282010214325,0.4958014924521453,0.45472504290487675,-0.28899353666972527,0.09130287327425743,0.4831647490786675,0.1733479513517106,0.815109878168248,1.6337664738044362,-0.7071067811865477,-0.8233458048543819,0.7435274561850906,-0.04149948461867315,0.6135880683824328,0.5608281671370193,-0.6528585502246412
0.3742833004574361,0.5830520850526107,-0.30961604538550536,1.8925979330644536,0.19877069860933258,0.7547645611851913,0.1733479513517106,0.6099217401774994,1.20129668474571,0.303045763365663,0.574129394332688,0.7435274561850906,0.8534829821255017,0.42325442948908387,0.44875592724286045,0.9202945828467831
1.0931948019363047,1.1938062332558688,-0.5875582593092807,1.650198880871767,1.1122472139574715,-1.010634217507213,-0.24671978213385645,0.7125158091728737,0.3363571066282602,0.303045763365663,-0.8233458048543819,-0.4304632641071578,1.5566834917102106,-0.30635785293541956,0.22461144745454287,-0.6528585502246412
1.033285510146399,-0.027702063150647382,-1.0044715801949438,1.1654007764863938,1.1122472139574715,-0.8748343114539511,-0.58277396892231,1.3280802231451194,0.5600483768310495,1.3131983079178737,0.574129394332688,-1.6044539843994063,1.109192258338123,-0.8773587696154671,0.3366836873487017,0.3959102051563083
0.9733762183564932,0.1467991220502835,-1.0044715801949438,2.2965963533855978,1.5958524279653097,-0.39953464026753455,0.7614427782315044,-0.5186130187716177,0.6047866308716062,-0.7071067811865477,-0.8233458048543819,-0.4304632641071578,1.6206108107633659,-0.591858311275443,0.22461144745454287,-1.1772429279151162
-0.4045374928113382,0.23404971465074895,-0.7265293662711684,-0.1273941685412676,-0.23110060273096808,-1.893333606853415,-1.170868795802104,0.30213953319137654,-0.28997844993954813,-0.7071067811865477,-0.8233458048543819,0.7435274561850906,-0.2119723354270874,-1.1311369548065988,-0.6159303517516482,-0.6528585502246412
1.3328319690959276,0.05954852944981806,-1.4213849010806066,0.27660425177987663,1.8107880786354602,-1.0785341705338438,-0.33073332883096984,-0.005642673794746285,0.06792758238491414,1.3131983079178737,-0.8233458048543819,-0.4304632641071578,1.2796651091465374,-1.1311369548065988,-0.2236775121220924,-0.1284741725341665
0.8535576347766818,0.6703026776530762,0.10729727550015761,1.650198880871767,0.8435776506197836,-0.6711344523740583,1.3495376051112984,0.815109878168248,1.410075203601647,0.303045763365663,0.574129394332688,1.917518176477339,1.2370468964444339,-0.02085739459539612,1.345333846396131,1.4446789605372579
1.033285510146399,0.7575532702535416,-0.031673831461730056,1.0038014083579363,1.6495863406328473,-0.3316346872409036,0.677429231534391,0.5073276711821251,1.2460349387862681,0.303045763365663,0.574129394332688,-1.6044539843994063,1.4714470663060033,0.1060316980001694,0.7289365269782575,-0.1284741725341665
-0.8838118271305839,-1.0747091743562327,1.4275227916380904,-0.28899353666972527,-0.768439729406344,0.2794648899987747,1.6015782452026386,0.815109878168248,-0.5434952228360419,-0.7071067811865477,0.574129394332688,-0.4304632641071578,-0.9577910577138998,0.39153215634019284,1.5134422062373691,-0.1284741725341665
1.5724691362555505,-0.027702063150647382,-0.7265293662711684,0.8422020402294785,0.5749080872820956,-2.0970334659333076,-0.6667875156194235,-0.8263952257577405,0.1872295931597349,0.303045763365663,-0.8233458048543819,-0.4304632641071578,1.0026467265828642,-1.3214705936999478,-0.8961109514870452,-0.6528585502246412
-1.2432675778700182,-1.8599645077604217,1.2885516846762026,0.27660425177987663,-0.9833753800764943,-0.39953464026753455,-0.07869268873962962,0.5073276711821251,-0.28997844993954813,-0.7071067811865477,0.574129394332688,-0.4304632641071578,-1.2135003339265211,-0.2746355797865285,0.22461144745454287,-0.1284741725341665
-0.6441746599709611,1.019305048054938,0.5242105963858206,-0.935391009183556,-0.23110060273096808,2.11276362171781,-1.170868795802104,-0.10823674279012056,0.9776054145429208,-0.7071067811865477,1.971604593519758,0.7435274561850906,-0.3185178671823463,1.59697853599807,-0.8400748315399659,1.4446789605372579
-1.063539702500301,-0.20220324835157827,1.0800950242333711,0.0342051995871901,-1.1983110307466447,0.8905644672384532,0.9294698716257312,1.225486154149745,0.2767061012408498,-0.7071067811865477,0.574129394332688,0.7435274561850906,-0.8938637386607444,0.8356439804246741,1.2892977264490515,0.3959102051563083
0.5540111758271532,1.1938062332558688,-1.2129282406377753,0.35740393584410546,0.09130287327425743,-0.06003487513437991,-1.170868795802104,0.096951395200628,-0.111025433777317,0.303045763365663,-0.8233458048543819,1.917518176477339,0.6190828122639321,-0.147746487190963,-0.728002591645807,0.3959102051563083
-0.6441746599709611,0.4958014924521453,1.4275227916380904,-0.7737916410550983,-0.8759075547414191,1.5695639975047624,1.0134834183228447,-0.10823674279012056,0.7091758902995747,0.303045763365663,0.574129394332688,-0.4304632641071578,-0.6594635687991749,1.5652562628491775,0.6168642870840987,0.3959102051563083
-0.045081742071903914,1.2810568258563344,-0.17064493842361772,-0.5313925888624118,-0.5535040787361936,1.0942643263183458,-0.24671978213385645,-0.7238011567623662,-1.0803542713227354,-0.7071067811865477,-0.8233458048543819,0.7435274561850906,-0.06280859096972494,0.8990885267224563,-0.5598942318045688,-0.6528585502246412
-0.6441746599709611,-0.28945384095204374,1.0800950242333711,0.599802988036792,0.03756896060671984,0.7547645611851913,0.08933440465459719,0.6099217401774994,-0.2005019418584319,-0.7071067811865477,0.574129394332688,0.7435274561850906,-0.1267359100228803,0.7404771609779998,0.3927198072957811,0.3959102051563083
1.3328319690959276,1.1938062332558688,-1.4908704545615505,0.7614023561652496,1.2734489519600842,-1.6217337947468913,-0.6667875156194235,0.5073276711821251,0.05301483103806188,0.303045763365663,0.574129394332688,-0.4304632641071578,1.4714470663060033,-1.0042478622110327,-0.16764139217501298,0.3959102051563083
1.872015595205079,-0.027702063150647382,0.10729727550015761,2.13499698525714,1.6495863406328473,-0.3316346872409036,-1.8429771693790111,0.19954546419600228,0.5451356254841971,2.3233508524700843,-0.8233458048543819,-0.4304632641071578,1.8763200869759873,-0.1160242140420706,-1.120255431275363,0.3959102051563083
-0.8838118271305839,-0.9002079891553019,0.45472504290487675,0.0342051995871901,-0.6072379914037311,0.07576503091888195,1.9376324319910923,0.40473360218675086,-0.6926227363045672,-0.7071067811865477,1.971604593519758,-1.6044539843994063,-0.7660091005544337,-0.08430194089317955,1.5134422062373691,0.3959102051563083
1.452650552675739,-1.3364609521576292,-1.0044715801949438,2.2965963533855978,1.0047793886223964,-1.3501339826403675,-0.58277396892231,0.096951395200628,-0.2005019418584319,0.303045763365663,0.574129394332688,0.7435274561850906,1.1944286837423301,-1.5752487788910794,-0.3357497520162512,0.9202945828467831
-1.2432675778700182,-0.027702063150647382,0.5936961498667644,-1.0161906932477849,-0.6609719040712687,0.5510647021052985,-0.6667875156194235,-0.21083081178549484,-1.2145690334444084,-0.7071067811865477,1.971604593519758,1.917518176477339,-0.9791001640649516,0.5184212489357584,-0.5598942318045688,1.9690633382277327
0.07473684150790752,-1.1619597669566981,-0.6570438127902245,0.5190033039725631,-0.1773666900634305,-0.12793482816101084,-0.9188281557107637,-0.8263952257577405,0.5451356254841971,0.303045763365663,-0.8233458048543819,-0.4304632641071578,-0.19066322907603564,-0.7821919501687926,-1.0642193113282834,-0.6528585502246412
0.014827549718001801,0.05954852944981806,-0.5875582593092807,2.0541973011929113,0.19877069860933258,-0.8069343584273202,-1.2548823424992173,0.096951395200628,-0.6926227363045672,1.3131983079178737,0.574129394332688,-0.4304632641071578,0.6403919186149839,-0.6235805844243354,-0.7840387115928864,0.9202945828467831
1.3927412608858332,-0.5512056187534401,-0.031673831461730056,0.43820361990833434,1.058513301289934,-0.7390344054006892,-0.6667875156194235,1.122892085154371,-0.4241932120612212,0.303045763365663,-0.8233458048543819,-0.4304632641071578,0.8961011948276053,-0.560136038126552,0.16857532750746346,-0.6528585502246412
1.5125598444656447,-0.027702063150647382,-0.865500473233056,1.4885995127433094,0.8435776506197836,-1.4180339356669984,0.42538859144305086,-0.21083081178549484,-0.2154146932052855,0.303045763365663,-0.8233458048543819,-0.4304632641071578,1.2583560027954857,-1.067692408508816,0.16857532750746346,-0.6528585502246412
-1.722541912189264,-0.9002079891553019,1.5664938985999781,-0.20819385260549642,-0.499770166068656,0.34736484302540566,1.0974969650199582,1.943644637117365,0.4854846200967868,-0.7071067811865477,-0.8233458048543819,0.7435274561850906,-1.0856456958202105,0.5501435220846508,1.7936228059727661,-0.6528585502246412
-0.7639932435507725,-1.4237115447580946,-0.30961604538550536,-0.6121922729266407,-1.5744484194194077,0.21156493697214382,1.5175646985055251,0.19954546419600228,-0.9461395092010609,-1.7172593257387583,0.574129394332688,-1.6044539843994063,-1.4052822910859872,-0.560136038126552,1.1211893666078134,-1.1772429279151162
0.9134669265665876,0.6703026776530762,-0.44858715234739305,0.11500488365141895,1.971989816638073,0.1436649839455129,-0.4987604222251967,-0.41601894977624343,0.6644376362590166,0.303045763365663,-0.8233458048543819,-0.4304632641071578,1.3009742154975892,0.1060316980001694,-0.5598942318045688,-0.6528585502246412
-0.9437211189204896,1.019305048054938,-0.17064493842361772,-0.5313925888624118,-1.1983110307466447,0.6189646551319294,-0.41474687552808326,0.30213953319137654,-1.1400052767101456,-0.7071067811865477,0.574129394332688,0.7435274561850906,-0.7020817815012784,0.5818657952335418,-0.11160527222793358,0.3959102051563083
0.7337390511968704,1.2810568258563344,0.45472504290487675,0.43820361990833434,-0.06989886472835533,0.5510647021052985,0.9294698716257312,-0.8263952257577405,1.3205986955205309,0.303045763365663,-0.8233458048543819,-0.4304632641071578,0.6617010249660357,0.9308107998713486,0.16857532750746346,-0.6528585502246412
-0.8239025353406783,0.40855089985167986,1.3580372381571466,0.27660425177987663,-0.2848345153985057,2.11276362171781,0.1733479513517106,0.40473360218675086,0.9626926631960685,0.303045763365663,-0.8233458048543819,3.0915088967695876,-0.2332814417781392,1.7555899017425265,0.3366836873487017,0.9202945828467831
0.014827549718001801,1.3683074184567998,0.38523948942393293,-0.1273941685412676,-0.1773666900634305,0.1436649839455129,-0.7508010623165369,-0.7238011567623662,-0.7522737416919776,-0.7071067811865477,0.574129394332688,-0.4304632641071578,0.23551889794500003,0.7404771609779998,-0.8961109514870452,-0.1284741725341665
-0.22480961744162106,0.8448038628540071,0.38523948942393293,0.0342051995871901,-0.33856842806604326,-0.12793482816101084,-0.4987604222251967,-0.5186130187716177,0.26179334989399755,-0.7071067811865477,1.971604593519758,-0.4304632641071578,0.0011187280834304124,0.42325442948908387,-0.6159303517516482,0.9202945828467831
1.2729226773060218,-0.9874585817557673,-0.9349860267139999,0.27660425177987663,1.3809167772951594,-1.4180339356669984,-0.16270623543674304,-0.21083081178549484,-1.020703265935325,0.303045763365663,-0.8233458048543819,-1.6044539843994063,0.8321738757744499,-1.448359686295514,-0.2236775121220924,-1.1772429279151162
-0.10499103386180964,0.7575532702535416,-0.031673831461730056,-0.1273941685412676,-1.0371092927440317,0.2794648899987747,-0.24671978213385645,-0.3134248807808691,-0.37945495802066304,-0.7071067811865477,0.574129394332688,-0.4304632641071578,-0.29720876083129455,0.39153215634019284,-0.3357497520162512,-0.1284741725341665
-0.5243560763911497,-0.6384562113539055,1.0106094707524274,-0.3697932207339541,-0.23110060273096808,1.162164279344977,1.3495376051112984,1.6358624301312423,1.20129668474571,1.3131983079178737,0.574129394332688,-1.6044539843994063,-0.5316089306928642,0.7721994341268907,1.7936228059727661,0.3959102051563083
-0.28471890923152676,1.019305048054938,0.3157539359429891,-0.7737916410550983,-0.33856842806604326,0.8226645142118222,-0.7508010623165369,-1.4419596397299863,0.4109208633625228,-0.7071067811865477,-0.8233458048543819,0.7435274561850906,-0.19066322907603564,0.8990885267224563,-1.288363791116601,-0.6528585502246412
-0.5243560763911497,-0.20220324835157827,-0.5180727058283369,0.599802988036792,-0.23110060273096808,-1.0785341705338438,-1.9269907160761246,-1.339365570734612,-1.154918028056998,-1.7172593257387583,-0.8233458048543819,-1.6044539843994063,-0.16935412272498385,-0.8139142233176837,-2.0168333504286333,-2.2260116832960657
-0.5842653681810553,0.3213003072512144,-0.865500473233056,0.6806026721010209,-0.016164952060817746,-0.6032344993474273,-0.4987604222251967,-0.7238011567623662,-1.5724750657688706,0.303045763365663,1.971604593519758,-0.4304632641071578,0.04373694078553398,-0.560136038126552,-0.728002591645807,1.4446789605372579
0.9733762183564932,-0.11495265575111283,-1.5603560080424943,0.9230017242937074,0.5749080872820956,-1.7575337008001533,-1.3388958891963307,-0.5186130187716177,-1.3189582928723755,-0.7071067811865477,0.574129394332688,-0.4304632641071578,0.7895556630723464,-1.5752487788910794,-1.1762915512224423,-0.1284741725341665
0.7936483429867761,-0.027702063150647382,-1.2129282406377753,1.4885995127433094,0.6286419999496332,-0.2637347342142727,-0.33073332883096984,0.096951395200628,-0.7970119957325357,0.303045763365663,0.574129394332688,0.7435274561850906,0.9174103011786571,-0.6870251307221181,-0.16764139217501298,0.9202945828467831
0.7936483429867761,-0.20220324835157827,-1.629841561523438,-0.6929919569908695,1.542118515297772,-1.893333606853415,-1.0868552491049905,-0.005642673794746285,-1.6172133198094274,1.3131983079178737,1.971604593519758,-0.4304632641071578,0.6617010249660357,-1.7021378714866457,-0.728002591645807,1.9690633382277327
-0.6441746599709611,-0.28945384095204374,1.2190661311952589,0.43820361990833434,-0.1773666900634305,0.8905644672384532,0.7614427782315044,-1.2367715017392378,1.3653369495610876,1.3131983079178737,0.574129394332688,-0.4304632641071578,-0.25459054812919096,0.8673662535735652,-0.16764139217501298,0.9202945828467831
1.452650552675739,0.9320544554544725,-1.2129282406377753,0.43820361990833434,0.9510454759548588,-0.8069343584273202,0.34137504474593744,0.096951395200628,0.4407463660562287,2.3233508524700843,0.574129394332688,0.7435274561850906,1.2370468964444339,-0.591858311275443,0.2806475674016223,1.9690633382277327
-1.0036304107103953,-0.6384562113539055,0.802152810309596,0.35740393584410546,-0.7147058167388063,1.4337640914515006,2.3577001654766594,1.225486154149745,1.4846389603359083,0.303045763365663,0.574129394332688,-0.4304632641071578,-0.7020817815012784,0.8039217072757818,2.2419117655494016,0.3959102051563083
-0.5243560763911497,0.40855089985167986,0.17678282898110143,-2.147386270146989,-1.1445771180791071,0.8905644672384532,1.0974969650199582,-0.41601894977624343,-0.9312267578542087,-0.7071067811865477,-0.8233458048543819,0.7435274561850906,-1.1069548021712623,0.6453103415313253,0.5047920471899399,-0.6528585502246412
1.3927412608858332,-1.6854633225594908,-1.5603560080424943,1.4885995127433094,1.8107880786354602,-0.8069343584273202,-0.9188281557107637,-0.005642673794746285,0.7539141443401328,0.303045763365663,0.574129394332688,0.7435274561850906,1.1944286837423301,-1.7021378714866457,-0.6159303517516482,0.9202945828467831
0.613920467617059,-0.28945384095204374,0.5242105963858206,-0.28899353666972527,0.4674402619470205,-0.5353345463207965,-0.6667875156194235,-0.10823674279012056,1.3802497009079397,-0.7071067811865477,-0.8233458048543819,0.7435274561850906,0.2568280042960518,-0.1160242140420706,-0.5038581118574894,-0.6528585502246412
1.3927412608858332,-1.4237115447580946,-1.3518993475996628,0.599802988036792,0.8435776506197836,-1.0785341705338438,-2.179031356167465,0.30213953319137654,-0.02154892569620209,-0.7071067811865477,0.574129394332688,-1.6044539843994063,0.6403919186149839,-1.638693325188863,-1.288363791116601,-0.6528585502246412
0.7936483429867761,1.2810568258563344,-0.6570438127902245,1.4077998286790805,1.2734489519600842,-0.6032344993474273,0.5094021381401642,1.943644637117365,0.008276576997503761,1.3131983079178737,0.574129394332688,-1.6044539843994063,1.4714470663060033,-0.1160242140420706,1.4013699663432104,0.3959102051563083
1.0931948019363047,0.6703026776530762,-0.7265293662711684,0.35740393584410546,1.8645219913029978,-0.39953464026753455,0.7614427782315044,0.30213953319137654,0.7986523983806909,0.303045763365663,1.971604593519758,-0.4304632641071578,1.3862106409017962,-0.2746355797865285,0.6729004070311781,1.4446789605372579
-0.7040839517608668,-0.11495265575111283,-0.17064493842361772,-1.2585897454404713,-1.0371092927440317,1.026364373291715,0.257361498048824,-3.493841019637472,-0.3198039526332527,-0.7071067811865477,-0.8233458048543819,-0.4304632641071578,-1.0217183767670552,0.3598098831913018,-1.7366527506932363,-1.1772429279151162
0.3742833004574361,-1.1619597669566981,-0.5180727058283369,-0.1273941685412676,0.30623852394440776,-0.3316346872409036,0.5094021381401642,0.19954546419600228,1.0969074253177415,0.303045763365663,0.574129394332688,-0.4304632641071578,-0.06280859096972494,-0.8139142233176837,0.44875592724286045,0.3959102051563083
1.033285510146399,-0.20220324835157827,-0.24013049190456154,0.9230017242937074,0.4674402619470205,-1.6896337477735222,0.42538859144305086,0.7125158091728737,0.6047866308716062,0.303045763365663,0.574129394332688,-0.4304632641071578,0.7469374503702428,-0.9725255890621416,0.6729004070311781,0.3959102051563083
-1.2432675778700182,1.1938062332558688,-0.17064493842361772,-1.8241875338900733,-1.8431179827570956,0.958464420265084,-0.41474687552808326,-1.8523359157114834,-0.46893146610177927,-1.7172593257387583,-0.8233458048543819,-0.4304632641071578,-1.3626640783838837,0.8039217072757818,-1.288363791116601,-1.7016273056055908
0.2544647168776247,-0.11495265575111283,0.6631817033477082,0.11500488365141895,-0.8221736420738815,1.2300642323716078,2.0216459786882055,-1.2367715017392378,0.39600811201567054,-0.7071067811865477,-0.8233458048543819,-1.6044539843994063,-0.2332814417781392,0.8356439804246741,0.6729004070311781,-1.7016273056055908
-0.46444678460124394,0.8448038628540071,-0.6570438127902245,-0.3697932207339541,-1.2520449434141823,0.21156493697214382,-0.24671978213385645,-0.7238011567623662,-0.722448238998273,-0.7071067811865477,0.574129394332688,0.7435274561850906,-0.552918037043916,0.1060316980001694,-0.5598942318045688,0.3959102051563083
0.9134669265665876,-0.11495265575111283,-1.5603560080424943,1.650198880871767,0.7361098252847085,-0.4674345932941655,-0.58277396892231,-0.21083081178549484,0.5302228741373436,1.3131983079178737,-0.8233458048543819,-0.4304632641071578,1.023955832933916,-0.9725255890621416,-0.5038581118574894,-0.1284741725341665
-1.3630861614498297,1.630059196258196,0.6631817033477082,-0.450592904798183,-0.33856842806604326,-0.2637347342142727,-0.9188281557107637,-0.8263952257577405,-1.8110790873185107,-0.7071067811865477,-0.8233458048543819,-0.4304632641071578,-0.3398269735333981,0.7721994341268907,-1.0642193113282834,-1.1772429279151162
0.2544647168776247,-0.4639550261529746,0.802152810309596,-0.5313925888624118,0.03756896060671984,0.6868646081585603,-0.7508010623165369,-0.9289892947531149,-1.2145690334444084,0.303045763365663,-0.8233458048543819,-0.4304632641071578,-0.14804501637393205,0.5184212489357584,-1.008183191381204,-0.6528585502246412
0.5540111758271532,0.7575532702535416,0.037811722019213775,2.2965963533855978,1.971989816638073,-1.0785341705338438,1.4335511518084116,-0.005642673794746285,0.008276576997503761,-0.7071067811865477,0.574129394332688,0.7435274561850906,1.7697745552207285,-0.21119103348874507,0.9530810067665751,0.3959102051563083
-0.045081742071903914,-0.8129573965548363,1.0106094707524274,-1.3393894295047002,-1.3595127687492574,1.7732638565846552,0.677429231534391,0.5073276711821251,-0.37945495802066304,0.303045763365663,1.971604593519758,0.7435274561850906,-1.1069548021712623,0.9942553461691307,0.7289365269782575,1.9690633382277327
1.452650552675739,1.3683074184567998,-0.10115938494267389,1.569399196807538,1.5958524279653097,-1.4180339356669984,-0.58277396892231,-0.3134248807808691,-0.18558919051157965,1.3131983079178737,0.574129394332688,0.7435274561850906,1.897629193327039,-0.21119103348874507,-0.5598942318045688,1.4446789605372579
1.5125598444656447,-0.7257068039543709,-1.9077837754472136,0.19580456771564778,0.4674402619470205,-2.029133512906677,-0.41474687552808326,0.30213953319137654,-0.5285824714891897,-0.7071067811865477,-0.8233458048543819,-1.6044539843994063,0.5977737059128804,-2.0828051492733435,-0.11160527222793358,-1.7016273056055908
0.4341925922473418,-0.7257068039543709,-1.9077837754472136,0.35740393584410546,1.2197150392925467,-1.010634217507213,-0.41474687552808326,0.9177039471636222,-0.5584079741828942,0.303045763365663,0.574129394332688,-2.7784447046916547,0.5551554932107767,-1.6069710520399711,0.22461144745454287,-0.6528585502246412
0.5540111758271532,1.3683074184567998,1.8444361125237534,0.599802988036792,0.789843737952246,1.2979641853982387,2.0216459786882055,1.6358624301312423,2.692571819430968,1.3131983079178737,0.574129394332688,1.917518176477339,1.0026467265828642,1.9459235406358755,2.2419117655494016,1.9690633382277327
1.8121063034151732,-0.28945384095204374,-0.37910159886644923,0.35740393584410546,1.971989816638073,-0.8069343584273202,-0.58277396892231,0.40473360218675086,0.9776054145429208,2.3233508524700843,0.574129394332688,-0.4304632641071578,1.4501379599549515,-0.6553028575732264,-0.16764139217501298,1.4446789605372579
0.5540111758271532,2.240813344461454,1.9139216660046972,1.4077998286790805,0.19877069860933258,2.0448636686911787,0.8454563249286179,0.815109878168248,2.5732698086561476,2.3233508524700843,0.574129394332688,1.917518176477339,1.1944286837423301,2.6438135499114894,1.0091171267136545,2.4934477159182076
-0.10499103386180964,0.1467991220502835,1.0106094707524274,-0.6121922729266407,-0.12363277739589291,0.007865077892251018,2.3577001654766594,1.7384564991266165,2.125887268250569,1.3131983079178737,-0.8233458048543819,-0.4304632641071578,-0.2119723354270874,0.5184212489357584,2.5220923652847986,-0.1284741725341665
1.872015595205079,1.1938062332558688,-0.24013049190456154,2.2965963533855978,1.1122472139574715,-0.19583478118764178,-0.41474687552808326,1.8410505681219909,1.5293772143764677,1.3131983079178737,1.971604593519758,-0.4304632641071578,2.004174725082298,0.23292079059573492,0.7289365269782575,1.9690633382277327
0.7337390511968704,0.40855089985167986,-0.6570438127902245,-0.04659448447703874,1.5958524279653097,-0.4674345932941655,0.42538859144305086,-1.1341774327438634,0.1872295931597349,-0.7071067811865477,0.574129394332688,-0.4304632641071578,0.9813376202318124,-0.369802399233203,-0.3357497520162512,-0.1284741725341665
0.5540111758271532,0.05954852944981806,-0.10115938494267389,0.35740393584410546,0.4137063492794829,-1.0785341705338438,-0.16270623543674304,-0.3134248807808691,0.7986523983806909,-0.7071067811865477,-0.8233458048543819,0.7435274561850906,0.4699190678065696,-0.5284137649776609,-0.27971363206917177,-0.6528585502246412
0.07473684150790752,0.4958014924521453,1.9139216660046972,-0.6121922729266407,-0.5535040787361936,-0.19583478118764178,2.3577001654766594,0.19954546419600228,1.2907731928268262,0.303045763365663,-0.8233458048543819,0.7435274561850906,-0.2332814417781392,0.9625330730202397,1.6815505660786074,-0.1284741725341665
1.033285510146399,1.5428086036577306,-1.1434426871568313,1.7309985649359958,0.8435776506197836,0.2794648899987747,-0.16270623543674304,-0.005642673794746285,1.0819946739708892,1.3131983079178737,0.574129394332688,0.7435274561850906,1.5353743853591588,0.16947624429795283,-0.11160527222793358,1.4446789605372579
0.07473684150790752,-0.5512056187534401,-1.0044715801949438,0.7614023561652496,0.9510454759548588,-0.6032344993474273,-0.41474687552808326,0.9177039471636222,-0.37945495802066304,-0.7071067811865477,-0.8233458048543819,0.7435274561850906,0.4699190678065696,-0.9408033159132498,0.22461144745454287,-0.6528585502246412
-1.1234489942902068,-1.3364609521576292,0.17678282898110143,-1.500988797633158,-1.413246681416795,0.07576503091888195,2.273686618779546,0.5073276711821251,0.03810207969120829,-0.7071067811865477,0.574129394332688,-0.4304632641071578,-1.6823006736496604,-0.369802399233203,1.7936228059727661,-0.1284741725341665
-1.1234489942902068,-0.4639550261529746,0.802152810309596,-0.8545913251193272,-0.33856842806604326,0.4831647490786675,0.8454563249286179,1.4306742921404936,1.946934252088339,-0.7071067811865477,0.574129394332688,-0.4304632641071578,-0.8725546323096927,0.42325442948908387,1.345333846396131,-0.1284741725341665
-0.16490032565171533,0.6703026776530762,1.5664938985999781,-0.935391009183556,-0.499770166068656,0.21156493697214382,-1.0868552491049905,-0.7238011567623662,-0.7075354876514208,0.303045763365663,1.971604593519758,-0.4304632641071578,-0.3398269735333981,1.057699892466914,-1.120255431275363,1.4446789605372579
-0.8838118271305839,0.9320544554544725,0.45472504290487675,-1.5817884816973868,-0.12363277739589291,1.026364373291715,-0.16270623543674304,-0.10823674279012056,-0.9312267578542087,-0.7071067811865477,-0.8233458048543819,1.917518176477339,-0.552918037043916,1.0259776193180232,-0.16764139217501298,-0.1284741725341665
0.6738297594069647,-0.7257068039543709,-0.44858715234739305,0.5190033039725631,-0.016164952060817746,-0.5353345463207965,-0.4987604222251967,-0.8263952257577405,-0.6478844822640104,-0.7071067811865477,0.574129394332688,0.7435274561850906,0.19290068524289644,-0.7187474038710092,-0.7840387115928864,0.3959102051563083
0.613920467617059,-0.5512056187534401,-0.5875582593092807,0.27660425177987663,0.4137063492794829,-0.12793482816101084,-1.2548823424992173,-0.3134248807808691,-1.0505287686290294,-0.7071067811865477,1.971604593519758,-1.6044539843994063,0.32075532334920714,-0.5284137649776609,-1.008183191381204,0.3959102051563083
-0.4045374928113382,-0.9874585817557673,1.0800950242333711,-0.7737916410550983,-0.6072379914037311,-0.06003487513437991,1.685591791899752,1.3280802231451194,-0.9610522605479146,-0.7071067811865477,1.971604593519758,-1.6044539843994063,-0.8299364196075891,0.1060316980001694,1.8496589259198457,0.3959102051563083
0.6738297594069647,0.9320544554544725,-1.0044715801949438,0.27660425177987663,0.9510454759548588,0.007865077892251018,-0.41474687552808326,0.096951395200628,-0.39436770936751664,0.303045763365663,-0.8233458048543819,-0.4304632641071578,0.9174103011786571,-0.1160242140420706,-0.2236775121220924,-0.6528585502246412
-0.16490032565171533,1.2810568258563344,0.5936961498667644,-0.28899353666972527,-0.9296414674089567,0.6189646551319294,-2.179031356167465,-0.7238011567623662,-0.14085093647102284,-0.7071067811865477,1.971604593519758,0.7435274561850906,-0.19066322907603564,1.0259776193180232,-1.848724990587395,1.4446789605372579
0.8535576347766818,-2.121716285561818,-1.629841561523438,-0.1273941685412676,1.165981126625009,-1.8254336538267841,-1.5069229825905577,-0.10823674279012056,-1.423347552300344,-0.7071067811865477,-0.8233458048543819,-1.6044539843994063,0.21420979159394823,-2.368305607613367,-1.0642193113282834,-1.7016273056055908
-0.28471890923152676,-1.51096213735856,1.2885516846762026,-0.450592904798183,-0.6609719040712687,0.4152647960520366,1.6015782452026386,1.943644637117365,1.9618470034351914,0.303045763365663,0.574129394332688,-0.4304632641071578,-0.8512455259586409,0.23292079059573492,2.1298395256552425,0.3959102051563083
0.5540111758271532,0.1467991220502835,-0.37910159886644923,-0.20819385260549642,0.5211741746145581,-0.4674345932941655,-0.41474687552808326,-1.031583363748489,-1.4382603036471964,-1.7172593257387583,-0.8233458048543819,-1.6044539843994063,0.3846826424023625,-0.3380801260843119,-0.8400748315399659,-2.2260116832960657
-0.8838118271305839,0.9320544554544725,-0.17064493842361772,0.35740393584410546,-0.4460362534011184,0.4831647490786675,-0.4987604222251967,-1.1341774327438634,-1.2742200388318188,1.3131983079178737,0.574129394332688,0.7435274561850906,-0.16935412272498385,0.4866989757868673,-0.9521470714341247,1.4446789605372579
1.5125598444656447,-0.8129573965548363,-1.0044715801949438,1.8117982490002247,1.3809167772951594,-0.5353345463207965,-1.4229094358934442,0.096951395200628,0.4109208633625228,1.3131983079178737,1.971604593519758,-0.4304632641071578,1.3649015345507445,-1.0042478622110327,-0.8961109514870452,1.9690633382277327
-1.8423604957690753,-0.28945384095204374,0.037811722019213775,-1.500988797633158,-1.6281823320869453,-0.12793482816101084,-0.58277396892231,-0.621207087766992,-0.9461395092010609,-2.727411870290969,-0.8233458048543819,-0.4304632641071578,-1.7675370990538675,-0.147746487190963,-0.728002591645807,-2.2260116832960657
1.872015595205079,0.4958014924521453,0.45472504290487675,2.13499698525714,1.3271828646276218,-1.146434123560475,0.08933440465459719,0.9177039471636222,1.3205986955205309,1.3131983079178737,0.574129394332688,-1.6044539843994063,1.8763200869759873,-0.147746487190963,0.5608281671370193,0.3959102051563083
1.5125598444656447,-1.3364609521576292,-1.5603560080424943,0.0342051995871901,0.5749080872820956,-1.6217337947468913,-0.41474687552808326,-0.005642673794746285,-1.154918028056998,0.303045763365663,-0.8233458048543819,0.7435274561850906,0.44860996145551785,-1.9559160566777773,-0.27971363206917177,-0.1284741725341665
-1.9022697875589811,-1.947215100360887,1.7749505590428096,-1.2585897454404713,-1.0908432054115693,-0.7390344054006892,-0.41474687552808326,-0.621207087766992,-0.27506569859269586,-0.7071067811865477,0.574129394332688,-1.6044539843994063,-1.91670084351123,-0.24291330663763747,-0.6159303517516482,-0.6528585502246412
-0.7639932435507725,-0.4639550261529746,0.5242105963858206,-0.6929919569908695,-0.8221736420738815,-0.19583478118764178,0.42538859144305086,-0.10823674279012056,-1.3487837955660813,0.303045763365663,-0.8233458048543819,0.7435274561850906,-0.8938637386607444,-0.02085739459539612,0.22461144745454287,-0.1284741725341665
1.5724691362555505,1.5428086036577306,-0.17064493842361772,1.569399196807538,1.434650689962697,-0.2637347342142727,0.08933440465459719,1.4306742921404936,1.0521691712771848,2.3233508524700843,1.971604593519758,0.7435274561850906,1.9189382996780908,0.3598098831913018,0.8410087668724163,3.0178320936086824
0.2544647168776247,0.8448038628540071,1.3580372381571466,-0.6929919569908695,-0.7147058167388063,0.5510647021052985,-0.33073332883096984,-0.9289892947531149,0.06792758238491414,0.303045763365663,0.574129394332688,0.7435274561850906,-0.16935412272498385,1.1845889850624798,-0.728002591645807,0.9202945828467831
-1.4229954532397353,0.4958014924521453,1.8444361125237534,-0.6121922729266407,-0.499770166068656,0.6189646551319294,2.3577001654766594,0.5073276711821251,0.9776054145429208,0.303045763365663,-0.8233458048543819,-0.4304632641071578,-0.744699994203382,1.3114780776580466,1.8496589259198457,-0.6528585502246412
-0.9437211189204896,2.0663121592605234,1.6359794520809219,0.0342051995871901,-0.39230234073358083,1.0942643263183458,0.257361498048824,0.30213953319137654,0.5749611281779017,1.3131983079178737,1.971604593519758,0.7435274561850906,0.022427834434482194,2.0093680869336588,0.3366836873487017,2.4934477159182076
1.2729226773060218,0.1467991220502835,-1.629841561523438,0.0342051995871901,0.9510454759548588,-0.3316346872409036,-0.6667875156194235,0.815109878168248,-1.4531730549940498,-0.7071067811865477,-0.8233458048543819,-1.6044539843994063,0.8747920884765535,-0.8456364964665753,0.000466967666225237,-1.7016273056055908
0.2544647168776247,2.240813344461454,0.7326672568286521,0.11500488365141895,-0.33856842806604326,0.8226645142118222,0.1733479513517106,0.9177039471636222,1.20129668474571,1.3131983079178737,-0.8233458048543819,0.7435274561850906,0.533846386859725,1.5335339897002866,0.6168642870840987,0.3959102051563083
-0.5243560763911497,-0.9002079891553019,1.3580372381571466,-1.9049872179543021,-1.6281823320869453,0.007865077892251018,1.265524058414185,1.6358624301312423,-0.3496294553269585,-0.7071067811865477,-0.8233458048543819,-0.4304632641071578,-1.5544460355433498,0.29636533689351835,1.7375866860256868,-1.1772429279151162
0.13464613329781322,-0.8129573965548363,-1.699327115004382,0.35740393584410546,0.09130287327425743,-1.146434123560475,-0.24671978213385645,-0.41601894977624343,-1.9452938494401852,-0.7071067811865477,0.574129394332688,-0.4304632641071578,-0.02019037826762137,-1.6069710520399711,-0.3917858719633306,-0.1284741725341665
-0.8838118271305839,-0.5512056187534401,-0.17064493842361772,-0.935391009183556,-0.5535040787361936,1.026364373291715,-1.5069229825905577,-0.5186130187716177,-0.5584079741828942,-0.7071067811865477,-0.8233458048543819,-0.4304632641071578,-0.9151728450117962,0.2011985174468439,-1.288363791116601,-1.1772429279151162
0.7936483429867761,-1.0747091743562327,-2.116240435890045,1.084601092422165,1.1122472139574715,-1.9612335598800459,-1.4229094358934442,-0.8263952257577405,-0.4241932120612212,0.303045763365663,-0.8233458048543819,-1.6044539843994063,0.7469374503702428,-2.2731387881666927,-1.40043603101076,-1.1772429279151162
1.872015595205079,-0.37670443355250915,-1.2129282406377753,0.35740393584410546,1.3809167772951594,-0.3316346872409036,0.8454563249286179,0.7125158091728737,0.17231684181288265,1.3131983079178737,1.971604593519758,-1.6044539843994063,1.2157377900933821,-0.8456364964665753,0.9530810067665751,1.4446789605372579
-1.4229954532397353,-2.3834680633632144,0.037811722019213775,-1.985786902018531,-1.5744484194194077,-0.5353345463207965,0.1733479513517106,0.40473360218675086,-0.7970119957325357,-0.7071067811865477,-0.8233458048543819,-0.4304632641071578,-2.2363374387770065,-1.099414681657707,0.3366836873487017,-1.1772429279151162
-0.4045374928113382,0.5830520850526107,1.0106094707524274,-0.28899353666972527,-0.9296414674089567,1.976963715664548,-0.4987604222251967,-0.3134248807808691,0.38109536066881833,0.303045763365663,-0.8233458048543819,-0.4304632641071578,-0.446372505288657,1.59697853599807,-0.5038581118574894,-0.6528585502246412
1.872015595205079,-0.4639550261529746,-1.0044715801949438,1.1654007764863938,1.1122472139574715,-1.0785341705338438,-0.33073332883096984,0.5073276711821251,0.3214443552814079,1.3131983079178737,-0.8233458048543819,-1.6044539843994063,1.3009742154975892,-1.1311369548065988,0.056503087613304644,-0.6528585502246412
-0.8838118271305839,-0.7257068039543709,1.0800950242333711,-0.6929919569908695,-0.499770166068656,0.34736484302540566,0.677429231534391,0.19954546419600228,0.12757858777232453,-0.7071067811865477,-0.8233458048543819,-0.4304632641071578,-0.8725546323096927,0.39153215634019284,0.5608281671370193,-1.1772429279151162
-0.10499103386180964,0.5830520850526107,0.7326672568286521,-0.3697932207339541,-0.39230234073358083,0.8905644672384532,0.34137504474593744,-1.031583363748489,0.9626926631960685,0.303045763365663,-0.8233458048543819,0.7435274561850906,-0.14804501637393205,0.9625330730202397,-0.3357497520162512,-0.1284741725341665
0.5540111758271532,-0.4639550261529746,-1.7688126684853258,0.9230017242937074,1.2197150392925467,-1.893333606853415,-1.170868795802104,-1.2367715017392378,-0.454018714754927,0.303045763365663,-0.8233458048543819,-0.4304632641071578,0.8108647694233981,-1.860749237231103,-1.4564721509578393,-0.6528585502246412
0.13464613329781322,-0.37670443355250915,0.7326672568286521,-0.04659448447703874,-0.499770166068656,2.11276362171781,0.5094021381401642,-0.21083081178549484,0.724088641646427,1.3131983079178737,-0.8233458048543819,-0.4304632641071578,-0.25459054812919096,1.1845889850624798,0.22461144745454287,-0.1284741725341665
0.9733762183564932,0.1467991220502835,-0.7265293662711684,0.0342051995871901,1.2197150392925467,-1.010634217507213,-0.9188281557107637,0.5073276711821251,0.8433906524212478,0.303045763365663,0.574129394332688,-0.4304632641071578,0.8747920884765535,-0.7504696770199009,-0.3357497520162512,0.3959102051563083
0.49410188403724753,1.1065556406554033,0.17678282898110143,-0.20819385260549642,0.4674402619470205,1.026364373291715,0.1733479513517106,0.096951395200628,1.5293772143764677,1.3131983079178737,0.574129394332688,0.7435274561850906,0.5764645995618285,0.9625330730202397,0.16857532750746346,1.4446789605372579
-1.1234489942902068,0.3213003072512144,0.6631817033477082,-0.1273941685412676,-1.4669805940843326,0.4152647960520366,-1.4229094358934442,-0.005642673794746285,-0.9461395092010609,-0.7071067811865477,0.574129394332688,-0.4304632641071578,-0.9364819513628481,0.6135880683824328,-0.9521470714341247,-0.1284741725341665
-0.4045374928113382,1.5428086036577306,0.9411239172714836,0.8422020402294785,-0.39230234073358083,1.3658641384248695,1.6015782452026386,0.30213953319137654,-0.9014012551605042,1.3131983079178737,0.574129394332688,1.917518176477339,0.2994462169981554,1.628700809146961,1.2332616065019721,1.9690633382277327
1.452650552675739,-0.7257068039543709,-1.5603560080424943,1.084601092422165,1.4883846026302345,-1.2822340296137367,-0.9188281557107637,-0.10823674279012056,-1.1250925253632922,1.3131983079178737,-0.8233458048543819,-0.4304632641071578,1.2157377900933821,-1.5752487788910794,-0.6719664716987276,-0.1284741725341665
1.0931948019363047,1.3683074184567998,-1.1434426871568313,-0.1273941685412676,0.2525046112768702,-0.39953464026753455,-0.16270623543674304,-0.21083081178549484,-0.7970119957325357,0.303045763365663,-0.8233458048543819,1.917518176477339,0.7895556630723464,-0.21119103348874507,-0.2236775121220924,0.3959102051563083
1.2729226773060218,-0.4639550261529746,-1.8382982219662696,0.5190033039725631,0.4137063492794829,-0.7390344054006892,-1.002841702407877,0.9177039471636222,-1.289132790178671,-0.7071067811865477,-0.8233458048543819,-0.4304632641071578,0.6403919186149839,-1.3531928668488395,-0.16764139217501298,-1.1772429279151162
1.033285510146399,-0.6384562113539055,-0.6570438127902245,0.6806026721010209,0.9510454759548588,-0.2637347342142727,-0.7508010623165369,0.5073276711821251,0.35126985797511245,1.3131983079178737,-0.8233458048543819,-1.6044539843994063,0.7682465567212946,-0.6553028575732264,-0.2236775121220924,-0.6528585502246412
-1.722541912189264,-0.37670443355250915,-0.44858715234739305,-1.0161906932477849,-1.413246681416795,0.007865077892251018,-0.16270623543674304,-1.8523359157114834,-1.9602066007870373,-0.7071067811865477,3.369079792706828,0.7435274561850906,-1.5331369291922978,-0.3380801260843119,-1.120255431275363,2.4934477159182076
-1.303176869659924,-0.9002079891553019,0.7326672568286521,-1.500988797633158,-1.5744484194194077,0.7547645611851913,-0.16270623543674304,-2.365306260688355,-1.6619515738499855,-0.7071067811865477,-0.8233458048543819,1.917518176477339,-1.7036097800007122,0.3598098831913018,-1.40043603101076,-0.1284741725341665
-0.22480961744162106,-0.6384562113539055,-2.0467548824091013,-0.7737916410550983,-0.12363277739589291,-0.12793482816101084,-1.170868795802104,-0.621207087766992,-1.1698307794038503,-0.7071067811865477,-0.8233458048543819,-0.4304632641071578,-0.4889907179907606,-1.2263037742532732,-1.120255431275363,-1.1772429279151162
-0.22480961744162106,1.1065556406554033,0.9411239172714836,0.27660425177987663,0.03756896060671984,0.8226645142118222,0.34137504474593744,0.096951395200628,2.0960617655568643,1.3131983079178737,0.574129394332688,0.7435274561850906,0.27813711064710356,1.2163112582113722,0.2806475674016223,1.4446789605372579
-1.7824512039791698,-0.7257068039543709,1.4275227916380904,-1.420189113568929,-0.5535040787361936,0.6189646551319294,2.273686618779546,0.19954546419600228,-0.6031462282234523,0.303045763365663,-0.8233458048543819,0.7435274561850906,-1.4052822910859872,0.6770326146802162,1.625514446131528,-0.1284741725341665
-1.0036304107103953,-0.4639550261529746,1.0800950242333711,-0.28899353666972527,-0.9296414674089567,0.4152647960520366,0.8454563249286179,0.9177039471636222,0.589873879524754,0.303045763365663,-0.8233458048543819,-0.4304632641071578,-0.9151728450117962,0.5184212489357584,1.0651532466607339,-0.6528585502246412
-0.16490032565171533,0.3213003072512144,-0.10115938494267389,1.0038014083579363,-0.7147058167388063,0.7547645611851913,0.5094021381401642,2.4566149820942367,0.36618260932196606,0.303045763365663,1.971604593519758,0.7435274561850906,0.0011187280834304124,0.42325442948908387,1.6815505660786074,1.9690633382277327
-1.303176869659924,0.6703026776530762,0.6631817033477082,-0.04659448447703874,-0.499770166068656,0.6189646551319294,0.9294698716257312,0.7125158091728737,0.2916188525877021,0.303045763365663,-0.8233458048543819,0.7435274561850906,-0.5102998243418123,0.8356439804246741,1.0091171267136545,-0.1284741725341665
1.033285510146399,0.23404971465074895,-0.17064493842361772,1.569399196807538,0.7361098252847085,0.34736484302540566,0.08933440465459719,0.19954546419600228,1.6188537224575814,0.303045763365663,0.574129394332688,-1.6044539843994063,1.1305013646891748,0.16947624429795283,0.16857532750746346,-0.1284741725341665
0.7936483429867761,0.5830520850526107,0.802152810309596,1.4885995127433094,0.6823759126171709,1.0942643263183458,-0.33073332883096984,1.6358624301312423,1.5293772143764677,0.303045763365663,0.574129394332688,1.917518176477339,1.0878831519870713,1.0894221656158052,0.6729004070311781,1.4446789605372579
-1.303176869659924,0.5830520850526107,-1.2129282406377753,-1.0969903773120138,-1.0908432054115693,0.6189646551319294,-0.7508010623165369,-2.160118122697606,-0.5285824714891897,-1.7172593257387583,-0.8233458048543819,0.7435274561850906,-1.043027483118107,-0.052579667744288516,-1.680616630746157,-1.1772429279151162
-1.0036304107103953,-0.9874585817557673,1.2885516846762026,-0.6929919569908695,-0.6609719040712687,0.5510647021052985,2.105659525385319,1.4306742921404936,-0.3347167039801063,0.303045763365663,-0.8233458048543819,0.7435274561850906,-1.043027483118107,0.4866989757868673,2.185875645602322,-0.1284741725341665
-0.8838118271305839,0.05954852944981806,0.5936961498667644,-1.985786902018531,-1.6281823320869453,0.958464420265084,-0.4987604222251967,-1.4419596397299863,-1.0505287686290294,-0.7071067811865477,-0.8233458048543819,-0.4304632641071578,-1.4692096101391425,0.7404771609779998,-1.120255431275363,-1.1772429279151162
-1.4229954532397353,-0.11495265575111283,1.149580577714315,-1.500988797633158,-0.499770166068656,0.958464420265084,1.0974969650199582,1.943644637117365,-0.14085093647102284,1.3131983079178737,-0.8233458048543819,0.7435274561850906,-1.128263908522314,0.9308107998713486,1.7936228059727661,0.3959102051563083
0.9733762183564932,0.23404971465074895,-0.7960149197521121,1.4885995127433094,0.8973115632873212,-1.3501339826403675,-0.24671978213385645,0.40473360218675086,0.8583034037681013,0.303045763365663,0.574129394332688,-0.4304632641071578,1.1518104710402266,-0.9090810427643582,0.056503087613304644,0.3959102051563083
1.872015595205079,-0.9002079891553019,-0.30961604538550536,1.4077998286790805,1.1122472139574715,-1.5538338417202604,-0.24671978213385645,-0.3134248807808691,0.6644376362590166,0.303045763365663,-0.8233458048543819,-0.4304632641071578,1.2583560027954857,-1.1945815011043817,-0.3357497520162512,-0.6528585502246412
0.49410188403724753,-0.8129573965548363,-1.4213849010806066,-0.04659448447703874,0.9510454759548588,-1.5538338417202604,-0.58277396892231,-0.5186130187716177,-0.23032744455213774,-0.7071067811865477,0.574129394332688,-0.4304632641071578,0.3420644297002589,-1.670415598337754,-0.6719664716987276,-0.1284741725341665
-0.28471890923152676,-0.37670443355250915,-1.0044715801949438,0.11500488365141895,0.7361098252847085,-0.39953464026753455,-0.33073332883096984,-1.031583363748489,-1.0057905145884714,-0.7071067811865477,-0.8233458048543819,1.917518176477339,0.12897336618974112,-0.7821919501687926,-0.7840387115928864,-0.1284741725341665
-0.22480961744162106,0.05954852944981806,0.9411239172714836,-1.2585897454404713,-1.1445771180791071,1.5695639975047624,0.7614427782315044,0.19954546419600228,-0.09611268243046474,-1.7172593257387583,0.574129394332688,1.917518176477339,-0.8512455259586409,1.1845889850624798,0.6168642870840987,0.3959102051563083
-0.7040839517608668,0.3213003072512144,1.2885516846762026,1.1654007764863938,-0.499770166068656,1.2979641853982387,2.273686618779546,1.3280802231451194,1.6337664738044362,0.303045763365663,0.574129394332688,0.7435274561850906,-0.06280859096972494,1.3114780776580466,2.2419117655494016,0.9202945828467831
-0.5842653681810553,-0.20220324835157827,1.8444361125237534,-1.1777900613762426,-1.1983110307466447,0.6868646081585603,1.6015782452026386,1.225486154149745,0.21705509585343943,-0.7071067811865477,-0.8233458048543819,0.7435274561850906,-1.043027483118107,1.0894221656158052,1.7375866860256868,-0.6528585502246412
-0.10499103386180964,0.3213003072512144,-0.10115938494267389,-0.7737916410550983,-0.016164952060817746,0.34736484302540566,1.265524058414185,0.9177039471636222,1.2907731928268262,0.303045763365663,0.574129394332688,-0.4304632641071578,-0.16935412272498385,0.23292079059573492,1.345333846396131,0.3959102051563083
1.872015595205079,-0.20220324835157827,-0.44858715234739305,1.650198880871767,1.1122472139574715,-1.2822340296137367,0.257361498048824,1.6358624301312423,0.2767061012408498,1.3131983079178737,0.574129394332688,-0.4304632641071578,1.4927561726570553,-0.8773587696154671,1.0651532466607339,0.9202945828467831
-0.4045374928113382,0.9320544554544725,0.38523948942393293,-0.450592904798183,-0.499770166068656,0.8226645142118222,-0.24671978213385645,0.9177039471636222,-0.02154892569620209,0.303045763365663,0.574129394332688,1.917518176477339,-0.2332814417781392,0.8990885267224563,0.3366836873487017,1.4446789605372579
1.5125598444656447,-1.3364609521576292,-0.6570438127902245,1.3270001446148516,1.434650689962697,-0.2637347342142727,-0.41474687552808326,-0.8263952257577405,1.1267329280114473,2.3233508524700843,0.574129394332688,0.7435274561850906,1.1305013646891748,-0.9090810427643582,-0.728002591645807,1.9690633382277327
0.8535576347766818,-0.4639550261529746,-0.10115938494267389,0.27660425177987663,0.789843737952246,-0.7390344054006892,-1.0868552491049905,0.7125158091728737,-0.2005019418584319,-0.7071067811865477,-0.8233458048543819,0.7435274561850906,0.5764645995618285,-0.560136038126552,-0.3357497520162512,-0.6528585502246412
0.6738297594069647,-0.28945384095204374,-1.1434426871568313,-0.5313925888624118,0.8973115632873212,-0.9427342644805821,-1.7589636226818979,-0.8263952257577405,-1.9602066007870373,0.303045763365663,-0.8233458048543819,0.7435274561850906,0.3846826424023625,-1.067692408508816,-1.6245805107990776,-0.1284741725341665
-1.063539702500301,2.1535627518609886,0.3157539359429891,-1.1777900613762426,-1.3057788560817198,1.976963715664548,0.34137504474593744,-0.21083081178549484,0.8583034037681013,-0.7071067811865477,0.574129394332688,0.7435274561850906,-0.6807726751502267,1.850756721189201,0.11253920756038405,0.3959102051563083
-1.1833582860801126,0.6703026776530762,-0.10115938494267389,-0.5313925888624118,-1.6281823320869453,0.8905644672384532,-0.6667875156194235,-0.005642673794746285,0.2916188525877021,1.3131983079178737,0.574129394332688,-0.4304632641071578,-1.043027483118107,0.6135880683824328,-0.44782199191041,0.9202945828467831
1.3328319690959276,-0.20220324835157827,-0.865500473233056,1.0038014083579363,0.5211741746145581,-1.2822340296137367,0.1733479513517106,0.40473360218675086,1.2758604414799726,0.303045763365663,0.574129394332688,-0.4304632641071578,0.8961011948276053,-1.067692408508816,0.3366836873487017,0.3959102051563083
-1.1234489942902068,-0.9874585817557673,0.6631817033477082,-0.04659448447703874,-1.1983110307466447,-0.06003487513437991,2.3577001654766594,1.3280802231451194,0.4109208633625228,0.303045763365663,0.574129394332688,-1.6044539843994063,-1.128263908522314,-0.08430194089317955,2.2979478854964808,-0.1284741725341665
-0.9437211189204896,-0.7257068039543709,0.802152810309596,-1.2585897454404713,-0.2848345153985057,1.162164279344977,0.7614427782315044,0.815109878168248,0.6793503876058702,0.303045763365663,0.574129394332688,0.7435274561850906,-0.9577910577138998,0.6453103415313253,0.9530810067665751,0.9202945828467831
1.5125598444656447,0.7575532702535416,-0.24013049190456154,0.11500488365141895,0.5749080872820956,0.007865077892251018,-1.170868795802104,0.815109878168248,0.8732161551149537,1.3131983079178737,0.574129394332688,-0.4304632641071578,0.9813376202318124,0.16947624429795283,-0.3357497520162512,0.9202945828467831
1.213013385516116,-0.37670443355250915,-0.7960149197521121,1.650198880871767,1.3809167772951594,-0.7390344054006892,-0.16270623543674304,-0.3134248807808691,0.26179334989399755,1.3131983079178737,-0.8233458048543819,-1.6044539843994063,1.322283321848641,-0.8456364964665753,-0.27971363206917177,-0.6528585502246412
1.632378428045456,-0.20220324835157827,-0.7960149197521121,1.4077998286790805,1.434650689962697,-1.5538338417202604,-0.8348146090136503,0.19954546419600228,0.7688268956869851,1.3131983079178737,1.971604593519758,-0.4304632641071578,1.4714470663060033,-1.1628592279554906,-0.44782199191041,1.9690633382277327
-0.10499103386180964,1.2810568258563344,1.0106094707524274,-0.20819385260549642,0.145036785941795,1.4337640914515006,0.8454563249286179,-1.339365570734612,0.30653160393455564,0.303045763365663,-0.8233458048543819,1.917518176477339,0.27813711064710356,1.59697853599807,-0.16764139217501298,0.3959102051563083
-0.10499103386180964,1.979061566660058,1.0800950242333711,0.11500488365141895,-0.5535040787361936,0.6868646081585603,-0.41474687552808326,-0.3134248807808691,0.589873879524754,-0.7071067811865477,-0.8233458048543819,0.7435274561850906,0.2568280042960518,1.5335339897002866,-0.44782199191041,-0.6528585502246412
-1.5428140368195469,-2.296217470762749,0.3157539359429891,-2.389785322339675,-1.5744484194194077,-1.010634217507213,0.9294698716257312,0.30213953319137654,-0.811924747079388,-1.7172593257387583,-0.8233458048543819,-0.4304632641071578,-2.3641920768833176,-1.1628592279554906,0.7849726469253369,-1.7016273056055908
1.3927412608858332,0.1467991220502835,-0.5180727058283369,-0.7737916410550983,0.09130287327425743,-1.2822340296137367,-0.33073332883096984,-0.8263952257577405,-1.4084348009534917,-2.727411870290969,-0.8233458048543819,0.7435274561850906,0.36337353605131073,-0.7821919501687926,-0.6719664716987276,-1.7016273056055908
0.6738297594069647,-0.5512056187534401,-0.6570438127902245,0.35740393584410546,1.7570541659679226,-1.4180339356669984,-0.33073332883096984,1.3280802231451194,0.15740409046602905,-0.7071067811865477,0.574129394332688,-1.6044539843994063,0.8961011948276053,-1.1628592279554906,0.5047920471899399,-0.6528585502246412
1.213013385516116,1.019305048054938,-1.629841561523438,0.6806026721010209,1.165981126625009,-0.3316346872409036,0.8454563249286179,0.815109878168248,0.589873879524754,0.303045763365663,0.574129394332688,-1.6044539843994063,1.322283321848641,-0.5284137649776609,1.0091171267136545,-0.1284741725341665
-0.5842653681810553,-0.28945384095204374,-0.6570438127902245,-0.450592904798183,-0.4460362534011184,0.21156493697214382,0.257361498048824,-1.5445537087253605,0.21705509585343943,-1.7172593257387583,-0.8233458048543819,-0.4304632641071578,-0.5742271433949677,-0.30635785293541956,-0.6719664716987276,-1.7016273056055908
1.5125598444656447,0.4958014924521453,-0.031673831461730056,0.9230017242937074,1.3809167772951594,0.07576503091888195,-1.2548823424992173,2.354020913098862,0.9030416578086581,1.3131983079178737,-0.8233458048543819,-0.4304632641071578,1.4501379599549515,0.2011985174468439,0.44875592724286045,-0.1284741725341665
-0.7639932435507725,0.23404971465074895,0.24626838246204527,-1.0161906932477849,-0.499770166068656,-0.06003487513437991,0.005320857957483786,1.3280802231451194,0.8881289064618059,0.303045763365663,-0.8233458048543819,0.7435274561850906,-0.6807726751502267,0.16947624429795283,0.7289365269782575,-0.1284741725341665
-1.722541912189264,-0.11495265575111283,1.5664938985999781,-1.3393894295047002,-1.3057788560817198,-0.39953464026753455,0.7614427782315044,-0.9289892947531149,-0.3347167039801063,-0.7071067811865477,-0.8233458048543819,-0.4304632641071578,-1.511827822841246,0.4866989757868673,0.000466967666225237,-1.1772429279151162
1.213013385516116,-0.5512056187534401,-1.5603560080424943,0.7614023561652496,0.8973115632873212,-1.6896337477735222,-1.2548823424992173,0.815109878168248,0.05301483103806188,0.303045763365663,-0.8233458048543819,0.7435274561850906,0.8534829821255017,-1.7021378714866457,-0.3917858719633306,-0.1284741725341665
0.2544647168776247,-0.027702063150647382,-0.5180727058283369,0.35740393584410546,0.5211741746145581,-1.146434123560475,-0.07869268873962962,-0.10823674279012056,-1.3040455415255232,-0.7071067811865477,-0.8233458048543819,-0.4304632641071578,0.3846826424023625,-0.7821919501687926,-0.11160527222793358,-1.1772429279151162
1.5125598444656447,-0.5512056187534401,-1.4213849010806066,1.8117982490002247,1.4883846026302345,-0.7390344054006892,-1.0868552491049905,-0.7238011567623662,0.023189328344356025,0.303045763365663,-0.8233458048543819,-0.4304632641071578,1.4714470663060033,-1.1945815011043817,-1.120255431275363,-0.6528585502246412
0.3143740086675304,-0.5512056187534401,-0.5875582593092807,0.6806026721010209,0.789843737952246,-1.3501339826403675,0.005320857957483786,0.19954546419600228,0.6047866308716062,0.303045763365663,3.369079792706828,0.7435274561850906,0.4699190678065696,-1.099414681657707,0.11253920756038405,3.0178320936086824
-1.8423604957690753,0.05954852944981806,0.17678282898110143,-1.9049872179543021,-1.2520449434141823,0.21156493697214382,0.1733479513517106,0.096951395200628,0.47057186874993323,-0.7071067811865477,-0.8233458048543819,1.917518176477339,-1.6396824609475569,0.2011985174468439,0.16857532750746346,-0.1284741725341665
-1.303176869659924,0.05954852944981806,1.0106094707524274,-1.6625881657616155,-0.8759075547414191,1.7732638565846552,-0.8348146090136503,-0.5186130187716177,-0.5136697201423374,-0.7071067811865477,-0.8233458048543819,-0.4304632641071578,-1.234809440277573,1.3114780776580466,-0.8400748315399659,-1.1772429279151162
-1.4229954532397353,-1.5982127299590254,0.38523948942393293,-0.8545913251193272,-1.0371092927440317,-0.06003487513437991,1.0134834183228447,-0.41601894977624343,-1.6470388225031334,0.303045763365663,-0.8233458048543819,-0.4304632641071578,-1.5331369291922978,-0.4332469455309864,0.44875592724286045,-0.6528585502246412
-0.5243560763911497,0.9320544554544725,1.8444361125237534,-0.7737916410550983,-0.8221736420738815,1.3658641384248695,1.0134834183228447,-1.4419596397299863,0.03810207969120829,0.303045763365663,0.574129394332688,-1.6044539843994063,-0.4889907179907606,1.81903444804031,-0.11160527222793358,-0.1284741725341665
0.7936483429867761,0.05954852944981806,0.17678282898110143,0.9230017242937074,1.2197150392925467,-0.8748343114539511,0.34137504474593744,-0.005642673794746285,0.24688059854714528,1.3131983079178737,-0.8233458048543819,-0.4304632641071578,1.023955832933916,-0.30635785293541956,0.22461144745454287,-0.1284741725341665
-0.28471890923152676,-0.9002079891553019,-1.282413794118719,1.0038014083579363,0.9510454759548588,-0.3316346872409036,0.34137504474593744,-0.3134248807808691,0.03810207969120829,-0.7071067811865477,-0.8233458048543819,-0.4304632641071578,0.32075532334920714,-1.067692408508816,0.056503087613304644,-1.1772429279151162
-0.46444678460124394,-0.9874585817557673,1.2885516846762026,-0.1273941685412676,-0.1773666900634305,-0.2637347342142727,0.34137504474593744,1.0202980161589965,-0.7522737416919776,-0.7071067811865477,-0.8233458048543819,-0.4304632641071578,-0.5102998243418123,0.1060316980001694,0.7849726469253369,-1.1772429279151162
1.033285510146399,-0.20220324835157827,-0.7960149197521121,0.6806026721010209,0.789843737952246,-2.029133512906677,-0.8348146090136503,-0.3134248807808691,-1.020703265935325,-0.7071067811865477,-0.8233458048543819,-0.4304632641071578,0.8108647694233981,-1.3849151399977306,-0.728002591645807,-1.1772429279151162
-0.22480961744162106,0.05954852944981806,-1.0044715801949438,-0.20819385260549642,1.542118515297772,-0.8069343584273202,-0.16270623543674304,-1.749741846716109,0.5302228741373436,0.303045763365663,0.574129394332688,-1.6044539843994063,0.49122817415762143,-0.8139142233176837,-1.0642193113282834,-0.1284741725341665
0.19455542508771895,-0.20220324835157827,-0.9349860267139999,0.5190033039725631,-0.23110060273096808,-0.4674345932941655,-0.07869268873962962,-0.621207087766992,0.03810207969120829,-1.7172593257387583,-0.8233458048543819,-0.4304632641071578,0.06504604713658577,-0.7187474038710092,-0.3917858719633306,-1.7016273056055908
0.3143740086675304,0.23404971465074895,-0.5875582593092807,1.1654007764863938,0.5211741746145581,-0.7390344054006892,0.42538859144305086,-0.8263952257577405,0.6644376362590166,0.303045763365663,-0.8233458048543819,0.7435274561850906,0.6830101313170874,-0.5284137649776609,-0.16764139217501298,-0.1284741725341665
1.0931948019363047,0.40855089985167986,-2.4636682032947643,0.0342051995871901,1.7570541659679226,-0.8069343584273202,-0.58277396892231,-0.621207087766992,-0.06628717973675888,0.303045763365663,-0.8233458048543819,-0.4304632641071578,1.1944286837423301,-1.3531928668488395,-0.728002591645807,-0.6528585502246412
-0.28471890923152676,1.5428086036577306,1.0800950242333711,-0.3697932207339541,-0.7147058167388063,1.0942643263183458,1.3495376051112984,-0.7238011567623662,2.021498008822603,0.303045763365663,-0.8233458048543819,-0.4304632641071578,-0.1054268036718285,1.5652562628491775,0.5047920471899399,-0.6528585502246412
-1.9022697875589811,-1.4237115447580946,0.10729727550015761,-0.7737916410550983,-0.8221736420738815,-1.010634217507213,0.257361498048824,-1.031583363748489,-0.7075354876514208,-0.7071067811865477,-0.8233458048543819,0.7435274561850906,-1.5544460355433498,-0.9408033159132498,-0.3917858719633306,-0.6528585502246412
-0.28471890923152676,-0.8129573965548363,0.6631817033477082,-0.1273941685412676,-0.4460362534011184,0.958464420265084,0.677429231534391,-1.2367715017392378,-0.9163140065073565,-1.7172593257387583,-0.8233458048543819,1.917518176477339,-0.5102998243418123,0.4549767026379763,-0.2236775121220924,-0.6528585502246412
-0.28471890923152676,0.4958014924521453,-0.24013049190456154,-0.3697932207339541,0.35997243661194533,-0.4674345932941655,0.5094021381401642,-0.8263952257577405,0.6644376362590166,0.303045763365663,-0.8233458048543819,1.917518176477339,0.06504604713658577,-0.147746487190963,-0.11160527222793358,0.3959102051563083
1.3328319690959276,1.630059196258196,0.45472504290487675,1.4885995127433094,1.971989816638073,-0.3316346872409036,-0.16270623543674304,1.3280802231451194,1.0969074253177415,1.3131983079178737,0.574129394332688,-0.4304632641071578,2.0467929377844016,0.6453103415313253,0.6168642870840987,0.9202945828467831
-1.3630861614498297,-1.0747091743562327,1.9139216660046972,-0.450592904798183,-0.5535040787361936,1.0942643263183458,2.1896730720824324,1.4306742921404936,0.9477799118492163,0.303045763365663,0.574129394332688,-0.4304632641071578,-1.0856456958202105,0.9942553461691307,2.2419117655494016,0.3959102051563083
0.9134669265665876,-0.11495265575111283,-0.9349860267139999,0.43820361990833434,0.35997243661194533,-1.893333606853415,-0.6667875156194235,-0.3134248807808691,-0.26015294724584226,-0.7071067811865477,1.971604593519758,-0.4304632641071578,0.5551554932107767,-1.3531928668488395,-0.6159303517516482,0.9202945828467831
1.213013385516116,0.05954852944981806,-0.44858715234739305,0.35740393584410546,0.4137063492794829,-1.6217337947468913,-0.8348146090136503,-0.41601894977624343,-1.154918028056998,0.303045763365663,-0.8233458048543819,-0.4304632641071578,0.7043192376681392,-0.9408033159132498,-0.7840387115928864,-0.6528585502246412
1.872015595205079,-0.28945384095204374,-0.30961604538550536,-0.5313925888624118,1.3271828646276218,-1.2143340765871058,-1.002841702407877,0.5073276711821251,0.724088641646427,2.3233508524700843,-0.8233458048543819,-0.4304632641071578,0.9813376202318124,-0.8139142233176837,-0.3917858719633306,0.3959102051563083
1.213013385516116,-0.28945384095204374,-0.7960149197521121,1.2462004605506227,0.8435776506197836,-1.4180339356669984,-0.33073332883096984,-0.5186130187716177,-0.39436770936751664,-0.7071067811865477,-0.8233458048543819,-0.4304632641071578,1.023955832933916,-1.1311369548065988,-0.5038581118574894,-1.1772429279151162
0.5540111758271532,-1.1619597669566981,-1.4213849010806066,-0.20819385260549642,0.30623852394440776,-0.5353345463207965,-1.8429771693790111,0.40473360218675086,-1.7961663359716586,-0.7071067811865477,0.574129394332688,-0.4304632641071578,-0.02019037826762137,-1.3214705936999478,-1.008183191381204,-0.1284741725341665
0.19455542508771895,0.6703026776530762,-0.5875582593092807,-1.0969903773120138,-0.6609719040712687,0.07576503091888195,-0.4987604222251967,-0.41601894977624343,-0.4391059634080734,-0.7071067811865477,1.971604593519758,-0.4304632641071578,-0.3185178671823463,0.010864878553494921,-0.5598942318045688,0.9202945828467831
0.9733762183564932,-0.9874585817557673,-1.3518993475996628,0.19580456771564778,0.5211741746145581,-1.3501339826403675,-1.8429771693790111,-0.21083081178549484,0.06792758238491414,-0.7071067811865477,-0.8233458048543819,-1.6044539843994063,0.36337353605131073,-1.6069710520399711,-1.3443999110636804,-1.7016273056055908
-0.22480961744162106,-1.2492103595571635,1.4970083451190341,-1.0969903773120138,-1.0908432054115693,0.34736484302540566,1.0974969650199582,0.815109878168248,1.5592027170701723,1.3131983079178737,1.971604593519758,-0.4304632641071578,-1.1069548021712623,0.39153215634019284,1.1772254865548928,1.9690633382277327
0.9733762183564932,-0.11495265575111283,-1.0739571336758875,0.27660425177987663,1.434650689962697,-1.2143340765871058,-1.2548823424992173,-0.41601894977624343,-0.886488503813652,1.3131983079178737,0.574129394332688,-1.6044539843994063,0.9600285138807606,-1.099414681657707,-1.0642193113282834,0.3959102051563083
-0.8239025353406783,1.019305048054938,1.0800950242333711,-1.1777900613762426,-0.9296414674089567,2.11276362171781,1.0134834183228447,-1.8523359157114834,-0.9461395092010609,0.303045763365663,0.574129394332688,-0.4304632641071578,-0.7233908878523302,1.850756721189201,-0.3357497520162512,0.3959102051563083
0.13464613329781322,-0.9002079891553019,-0.9349860267139999,-0.450592904798183,-0.5535040787361936,-0.6711344523740583,0.34137504474593744,-0.8263952257577405,-1.8110790873185107,-1.7172593257387583,0.574129394332688,0.7435274561850906,-0.5102998243418123,-1.067692408508816,-0.2236775121220924,-0.1284741725341665
0.8535576347766818,-0.11495265575111283,-1.1434426871568313,1.0038014083579363,0.30623852394440776,-1.0785341705338438,0.677429231534391,1.4306742921404936,0.2319678472002917,0.303045763365663,-0.8233458048543819,1.917518176477339,0.6617010249660357,-1.067692408508816,1.2332616065019721,0.3959102051563083
1.6922877198353619,0.4958014924521453,-1.1434426871568313,1.4885995127433094,1.3271828646276218,-0.2637347342142727,0.5094021381401642,1.4306742921404936,0.6047866308716062,1.3131983079178737,-0.8233458048543819,-0.4304632641071578,1.6419199171144176,-0.46496921867987745,1.1211893666078134,-0.1284741725341665
-0.8838118271305839,1.4555580110572652,0.7326672568286521,0.0342051995871901,-0.6072379914037311,1.976963715664548,0.5094021381401642,-1.339365570734612,-0.36454220667381076,-0.7071067811865477,0.574129394332688,0.7435274561850906,-0.19066322907603564,1.787312174891419,-0.3917858719633306,0.3959102051563083
-0.9437211189204896,-1.7727139151599562,1.4970083451190341,-0.6929919569908695,-1.5744484194194077,0.21156493697214382,1.6015782452026386,0.5073276711821251,0.15740409046602905,-0.7071067811865477,0.574129394332688,-0.4304632641071578,-1.5757551418944016,0.13775397114906043,1.345333846396131,-0.1284741725341665
0.13464613329781322,-1.5982127299590254,-0.24013049190456154,-0.6121922729266407,0.35997243661194533,-1.3501339826403675,-2.6831126363501454,-0.9289892947531149,-1.2294817847912607,0.303045763365663,-0.8233458048543819,-1.6044539843994063,-0.3611360798844499,-1.3214705936999478,-2.2970139501640303,-1.1772429279151162
1.5125598444656447,1.979061566660058,-0.10115938494267389,1.8117982490002247,1.4883846026302345,0.21156493697214382,-0.9188281557107637,1.0202980161589965,1.3504241982142353,1.3131983079178737,0.574129394332688,-1.6044539843994063,2.089411150486505,0.7721994341268907,-0.05556915228085417,0.3959102051563083
0.613920467617059,0.6703026776530762,0.45472504290487675,0.7614023561652496,0.19877069860933258,-0.19583478118764178,1.1815105117170714,1.122892085154371,0.26179334989399755,-0.7071067811865477,-0.8233458048543819,0.7435274561850906,0.6617010249660357,0.3598098831913018,1.4013699663432104,-0.6528585502246412
-1.482904745029641,-1.5982127299590254,1.149580577714315,-1.3393894295047002,-1.2520449434141823,0.6189646551319294,1.9376324319910923,0.815109878168248,-0.36454220667381076,-0.7071067811865477,-0.8233458048543819,-1.6044539843994063,-1.7675370990538675,0.23292079059573492,1.7375866860256868,-1.7016273056055908
-0.5842653681810553,0.8448038628540071,-0.031673831461730056,-0.450592904798183,-0.9296414674089567,0.7547645611851913,-0.4987604222251967,-0.8263952257577405,0.023189328344356025,0.303045763365663,0.574129394332688,-0.4304632641071578,-0.4889907179907606,0.6453103415313253,-0.7840387115928864,0.3959102051563083
