student_id,python_score,sql_score,excel_score,stats_score,ml_score,powerbi_score,comm_score,aptitude_score,cgpa,projects_count,internships_count,certifications_count,target_role,placement_status,gender,college_tier,socioeconomic_status
STU_0001,29,43,76,40,36,49,79,58,5.82,1,0,2,Business Analyst,Not Placed,Female,Tier 3,Urban
STU_0002,90,88,71,91,83,69,72,69,8.9,3,1,1,Data Science Intern,Placed,Male,Tier 2,Semi-Urban
STU_0003,82,49,48,69,84,41,53,73,6.16,2,0,1,ML Intern,Not Placed,Female,Tier 2,Urban
STU_0004,79,70,55,64,79,54,50,66,5.8,3,0,3,Data Scientist,Not Placed,Female,Tier 3,Semi-Urban
STU_0005,67,86,88,84,65,73,78,85,8.0,3,0,2,Data Analyst,Placed,Male,Tier 2,Urban
STU_0006,77,99,99,88,66,98,81,82,8.84,5,1,4,Data Analyst,Placed,Male,Tier 1,Rural
STU_0007,66,99,81,86,63,74,78,61,7.97,4,2,3,Data Analyst,Placed,Female,Tier 3,Urban
STU_0008,64,89,76,66,65,85,69,84,8.2,2,1,3,BI Analyst,Placed,Male,Tier 2,Semi-Urban
STU_0009,99,71,65,91,83,49,74,90,7.3,4,1,2,ML Intern,Placed,Female,Tier 2,Urban
STU_0010,94,66,73,78,88,57,78,85,7.3,3,1,2,ML Intern,Placed,Female,Tier 2,Semi-Urban
STU_0011,69,89,84,76,37,80,74,65,7.7,2,1,2,Data Analyst,Not Placed,Male,Tier 2,Semi-Urban
STU_0012,78,72,80,88,68,62,69,70,7.03,2,0,3,Data Science Intern,Not Placed,Female,Tier 3,Rural
STU_0013,58,75,70,67,53,80,81,66,7.34,2,2,3,BI Analyst,Placed,Male,Tier 1,Urban
STU_0014,52,68,83,63,41,70,83,74,6.77,2,1,2,Business Analyst,Not Placed,Male,Tier 3,Urban
STU_0015,57,67,73,62,46,72,64,70,6.51,1,0,5,Data Analyst,Not Placed,Male,Tier 1,Semi-Urban
STU_0016,67,76,70,59,47,74,61,59,7.59,1,1,4,Data Analyst,Placed,Female,Tier 2,Urban
STU_0017,38,55,80,47,33,57,76,65,5.94,2,0,1,Business Analyst,Not Placed,Female,Tier 3,Urban
STU_0018,89,62,57,86,83,78,68,68,6.76,3,1,2,Data Scientist,Placed,Male,Tier 3,Semi-Urban
STU_0019,79,58,54,73,84,49,60,66,6.92,3,1,3,Data Scientist,Placed,Male,Tier 1,Semi-Urban
STU_0020,58,54,92,61,43,69,82,60,6.07,1,0,1,Business Analyst,Not Placed,Male,Tier 1,Urban
STU_0021,85,75,55,68,87,64,72,74,6.97,3,0,2,ML Intern,Placed,Female,Tier 3,Urban
STU_0022,76,86,74,68,71,83,73,75,8.14,4,1,3,Data Analyst,Placed,Male,Tier 1,Rural
STU_0023,69,79,99,63,52,65,99,76,7.98,3,0,3,Business Analyst,Placed,Female,Tier 2,Semi-Urban
STU_0024,44,46,72,46,33,60,73,78,6.58,2,0,2,Business Analyst,Not Placed,Male,Tier 3,Urban
STU_0025,72,73,64,75,72,51,70,73,6.24,2,0,2,Data Scientist,Not Placed,Female,Tier 2,Urban
STU_0026,57,88,74,72,56,88,72,68,7.87,3,0,3,BI Analyst,Placed,Female,Tier 1,Semi-Urban
STU_0027,61,86,70,67,31,69,63,58,6.35,2,1,3,Data Analyst,Not Placed,Female,Tier 2,Urban
STU_0028,77,70,61,81,64,41,60,78,6.75,3,1,3,Data Scientist,Not Placed,Male,Tier 3,Rural
STU_0029,67,75,59,97,82,64,70,63,7.85,3,2,0,Data Scientist,Placed,Male,Tier 2,Semi-Urban
STU_0030,63,79,79,93,32,86,61,67,6.33,2,1,3,Data Analyst,Not Placed,Female,Tier 3,Semi-Urban
STU_0031,86,65,50,81,75,56,59,66,7.26,4,0,1,ML Intern,Placed,Female,Tier 2,Rural
STU_0032,52,85,69,64,40,77,66,77,6.35,2,1,3,Data Analyst,Not Placed,Male,Tier 1,Urban
STU_0033,58,84,78,75,44,81,64,67,6.36,2,2,1,Data Analyst,Placed,Other,Tier 2,Urban
STU_0034,76,75,66,78,83,71,76,70,7.63,2,0,4,Data Science Intern,Placed,Male,Tier 2,Semi-Urban
STU_0035,59,71,64,78,58,52,48,61,6.34,1,0,1,Data Science Intern,Not Placed,Male,Tier 2,Semi-Urban
STU_0036,66,79,85,63,53,80,77,50,6.67,3,1,3,BI Analyst,Placed,Male,Tier 2,Urban
STU_0037,49,50,93,66,48,83,78,93,7.19,2,2,2,Business Analyst,Not Placed,Female,Tier 3,Urban
STU_0038,72,83,91,62,49,76,67,65,7.16,3,1,3,Data Analyst,Not Placed,Female,Tier 3,Urban
STU_0039,96,67,58,75,73,53,49,75,7.62,3,2,1,ML Intern,Placed,Male,Tier 1,Urban
STU_0040,82,98,74,92,98,58,77,84,7.41,5,0,2,Data Scientist,Placed,Male,Tier 3,Semi-Urban
STU_0041,65,92,86,71,40,71,68,71,7.05,2,0,2,Data Analyst,Not Placed,Female,Tier 2,Semi-Urban
STU_0042,74,92,69,86,80,54,57,74,6.97,3,1,2,Data Scientist,Placed,Male,Tier 1,Urban
STU_0043,65,73,83,67,38,72,66,85,7.19,2,0,2,Data Analyst,Not Placed,Female,Tier 1,Urban
STU_0044,81,65,71,66,81,61,70,85,7.69,3,1,4,Data Science Intern,Placed,Female,Tier 2,Urban
STU_0045,41,52,80,68,34,51,82,84,6.6,2,1,2,Business Analyst,Not Placed,Male,Tier 2,Urban
STU_0046,95,65,51,87,72,47,64,78,7.7,3,0,2,ML Intern,Placed,Male,Tier 1,Urban
STU_0047,43,59,62,52,45,61,82,80,6.86,2,1,2,Business Analyst,Placed,Female,Tier 1,Urban
STU_0048,79,74,49,79,83,56,58,74,7.18,2,0,2,Data Scientist,Placed,Male,Tier 1,Urban
STU_0049,83,54,62,74,78,60,49,64,6.56,2,1,3,Data Scientist,Not Placed,Male,Tier 3,Semi-Urban
STU_0050,69,85,99,70,57,88,68,76,8.15,3,1,3,Data Analyst,Placed,Male,Tier 3,Semi-Urban
STU_0051,70,63,58,65,52,58,75,66,5.9,1,1,3,Data Science Intern,Not Placed,Male,Tier 2,Urban
STU_0052,54,82,65,71,46,95,65,80,6.49,2,0,2,BI Analyst,Not Placed,Female,Tier 3,Rural
STU_0053,76,73,63,70,75,59,50,60,7.23,2,0,3,Data Science Intern,Placed,Female,Tier 2,Rural
STU_0054,77,79,69,89,60,68,59,82,8.12,3,1,1,Data Science Intern,Placed,Female,Tier 3,Rural
STU_0055,83,78,52,92,88,61,64,79,6.71,3,1,1,Data Scientist,Placed,Male,Tier 2,Rural
STU_0056,75,85,84,89,71,71,65,83,6.86,4,1,2,Data Science Intern,Placed,Male,Tier 2,Semi-Urban
STU_0057,62,65,68,63,46,66,68,69,6.62,2,1,3,Data Analyst,Not Placed,Other,Tier 1,Semi-Urban
STU_0058,62,78,89,82,50,75,73,69,7.17,2,1,2,Data Analyst,Placed,Female,Tier 2,Urban
STU_0059,57,83,62,74,48,71,63,66,6.51,2,1,3,Data Analyst,Not Placed,Female,Tier 1,Semi-Urban
STU_0060,48,84,95,74,63,75,99,89,8.57,3,2,1,Business Analyst,Placed,Male,Tier 1,Semi-Urban
STU_0061,50,40,77,50,42,70,74,69,6.69,2,0,3,Business Analyst,Not Placed,Female,Tier 1,Semi-Urban
STU_0062,51,57,92,59,25,71,79,69,7.63,3,0,3,Business Analyst,Not Placed,Male,Tier 2,Semi-Urban
STU_0063,50,84,91,68,47,93,74,68,7.64,3,0,1,BI Analyst,Not Placed,Female,Tier 3,Urban
STU_0064,43,51,83,63,46,71,80,87,6.72,2,0,2,Business Analyst,Not Placed,Female,Tier 2,Semi-Urban
STU_0065,39,67,76,53,33,67,91,83,6.87,2,1,3,Business Analyst,Not Placed,Female,Tier 3,Urban
STU_0066,92,79,51,81,75,67,56,82,7.83,3,0,2,Data Scientist,Placed,Female,Tier 2,Semi-Urban
STU_0067,69,96,77,74,69,74,57,56,7.26,2,2,3,Data Analyst,Placed,Female,Tier 2,Rural
STU_0068,61,65,74,65,49,88,75,79,7.14,3,1,3,BI Analyst,Placed,Male,Tier 1,Rural
STU_0069,60,82,79,79,64,86,82,66,7.8,1,0,2,Data Analyst,Not Placed,Male,Tier 3,Semi-Urban
STU_0070,98,94,82,99,69,69,74,88,8.57,2,0,4,Data Science Intern,Placed,Female,Tier 1,Urban
STU_0071,45,83,85,64,47,76,65,77,5.93,2,1,2,BI Analyst,Not Placed,Male,Tier 2,Rural
STU_0072,61,75,70,46,37,85,52,65,6.19,2,2,3,Data Analyst,Not Placed,Male,Tier 2,Urban
STU_0073,69,72,81,75,52,99,55,77,7.03,2,0,2,Data Analyst,Not Placed,Male,Tier 2,Rural
STU_0074,68,99,94,69,63,85,91,85,9.1,5,1,3,BI Analyst,Placed,Male,Tier 1,Urban
STU_0075,87,72,53,75,75,41,67,81,6.63,3,0,1,ML Intern,Not Placed,Other,Tier 2,Urban
STU_0076,92,77,55,95,99,73,64,79,7.51,4,2,1,ML Intern,Placed,Male,Tier 3,Semi-Urban
STU_0077,66,93,85,64,63,99,76,89,8.26,4,1,3,BI Analyst,Placed,Female,Tier 3,Semi-Urban
STU_0078,68,80,78,69,43,75,49,74,6.49,2,1,2,Data Analyst,Placed,Female,Tier 3,Urban
STU_0079,41,76,84,61,43,73,98,64,7.02,2,2,2,Business Analyst,Not Placed,Male,Tier 2,Semi-Urban
STU_0080,80,93,79,68,73,79,67,87,7.79,4,0,3,Data Analyst,Placed,Female,Tier 2,Semi-Urban
STU_0081,57,71,78,52,54,92,76,71,7.06,2,1,3,BI Analyst,Placed,Male,Tier 1,Urban
STU_0082,98,67,44,80,99,41,58,76,7.42,4,2,2,ML Intern,Placed,Female,Tier 3,Semi-Urban
STU_0083,47,52,90,74,44,62,70,79,6.92,2,1,2,Business Analyst,Not Placed,Male,Tier 2,Urban
STU_0084,65,80,75,59,39,79,70,53,6.71,2,1,2,Data Analyst,Placed,Male,Tier 2,Semi-Urban
STU_0085,59,63,91,47,32,68,86,90,6.88,2,0,2,Business Analyst,Not Placed,Male,Tier 3,Urban
STU_0086,49,54,70,63,32,78,77,86,6.4,2,0,3,Business Analyst,Not Placed,Male,Tier 2,Semi-Urban
STU_0087,91,67,50,76,89,51,58,73,7.36,4,2,2,ML Intern,Placed,Female,Tier 2,Urban
STU_0088,83,48,54,67,74,33,45,60,5.79,4,0,1,ML Intern,Not Placed,Male,Tier 1,Urban
STU_0089,70,88,62,78,74,64,69,64,7.28,3,0,3,Data Science Intern,Placed,Female,Tier 2,Semi-Urban
STU_0090,88,82,40,69,72,43,62,63,5.8,2,0,1,Data Scientist,Not Placed,Male,Tier 3,Semi-Urban
STU_0091,80,93,83,77,62,75,64,72,7.71,3,1,3,Data Analyst,Placed,Female,Tier 2,Rural
STU_0092,97,73,46,76,90,54,81,68,7.55,4,1,3,ML Intern,Placed,Female,Tier 2,Rural
STU_0093,50,81,85,49,42,80,65,59,5.91,1,0,2,BI Analyst,Not Placed,Male,Tier 1,Semi-Urban
STU_0094,90,59,67,87,82,75,63,75,6.8,3,0,1,Data Scientist,Placed,Male,Tier 2,Semi-Urban
STU_0095,77,80,80,67,60,94,70,72,8.19,3,1,3,BI Analyst,Placed,Female,Tier 2,Urban
STU_0096,74,69,57,81,63,60,62,80,6.59,3,3,1,Data Scientist,Placed,Male,Tier 1,Urban
STU_0097,97,93,72,99,94,66,91,91,8.3,4,3,3,Data Scientist,Placed,Male,Tier 2,Urban
STU_0098,91,69,52,88,85,55,69,90,7.07,3,0,2,Data Scientist,Placed,Female,Tier 2,Rural
STU_0099,64,70,76,58,46,71,61,57,6.41,1,1,2,Data Analyst,Not Placed,Other,Tier 3,Urban
STU_0100,61,78,58,83,60,75,68,61,7.14,2,2,3,Data Analyst,Placed,Female,Tier 1,Semi-Urban
STU_0101,78,99,84,78,56,71,68,74,7.19,2,1,3,Data Analyst,Placed,Female,Tier 3,Urban
STU_0102,83,67,54,78,87,42,57,65,7.3,3,1,1,ML Intern,Placed,Female,Tier 2,Urban
STU_0103,60,49,95,73,45,55,85,82,6.67,3,0,3,Business Analyst,Placed,Other,Tier 2,Urban
STU_0104,73,68,67,84,70,41,59,70,6.38,3,1,2,Data Scientist,Placed,Female,Tier 3,Semi-Urban
STU_0105,79,69,70,90,77,62,67,70,7.83,2,0,1,Data Science Intern,Not Placed,Male,Tier 1,Urban
STU_0106,52,50,77,53,34,55,80,72,6.41,3,0,2,Business Analyst,Not Placed,Female,Tier 2,Semi-Urban
STU_0107,53,57,93,53,57,58,88,83,7.09,2,0,2,Business Analyst,Not Placed,Male,Tier 2,Semi-Urban
STU_0108,46,79,83,41,47,63,62,78,7.25,2,0,3,BI Analyst,Not Placed,Male,Tier 2,Semi-Urban
STU_0109,42,50,79,72,28,60,93,90,5.84,3,1,1,Business Analyst,Not Placed,Female,Tier 2,Semi-Urban
STU_0110,67,79,99,86,63,78,74,75,7.56,4,0,3,Data Analyst,Placed,Male,Tier 1,Semi-Urban
STU_0111,58,78,96,57,61,80,96,96,7.61,3,1,3,Business Analyst,Placed,Male,Tier 2,Semi-Urban
STU_0112,57,85,79,59,58,99,57,73,7.77,2,2,3,Data Analyst,Placed,Male,Tier 2,Urban
STU_0113,73,67,59,60,66,51,46,75,6.75,1,1,2,Data Science Intern,Not Placed,Female,Tier 3,Rural
STU_0114,62,79,78,68,48,91,70,78,6.61,2,1,2,BI Analyst,Not Placed,Other,Tier 1,Urban
STU_0115,94,76,51,86,86,51,62,72,8.18,4,1,2,ML Intern,Placed,Male,Tier 2,Urban
STU_0116,73,91,93,54,49,77,69,64,7.04,3,2,3,BI Analyst,Placed,Male,Tier 2,Urban
STU_0117,77,89,98,78,77,87,95,90,8.92,4,1,4,BI Analyst,Placed,Male,Tier 1,Semi-Urban
STU_0118,57,92,84,68,48,75,85,72,6.97,3,3,2,Data Analyst,Placed,Female,Tier 2,Urban
STU_0119,81,67,60,84,61,60,69,74,7.17,4,1,3,Data Science Intern,Placed,Female,Tier 1,Semi-Urban
STU_0120,82,77,64,88,73,54,73,81,6.74,3,0,3,Data Scientist,Placed,Male,Tier 2,Semi-Urban
STU_0121,46,83,64,63,63,80,68,76,7.55,3,0,3,BI Analyst,Not Placed,Male,Tier 3,Semi-Urban
STU_0122,62,66,69,69,67,67,70,73,6.83,3,1,3,Data Science Intern,Not Placed,Female,Tier 3,Urban
STU_0123,51,68,87,67,45,74,81,83,7.51,3,0,2,Business Analyst,Not Placed,Female,Tier 2,Semi-Urban
STU_0124,61,78,87,74,63,80,76,79,7.85,3,1,2,Data Analyst,Placed,Male,Tier 3,Urban
STU_0125,49,52,81,59,41,52,82,93,6.82,3,0,3,Business Analyst,Not Placed,Male,Tier 3,Urban
STU_0126,76,64,56,80,84,42,65,74,6.61,2,0,1,Data Scientist,Not Placed,Male,Tier 2,Urban
STU_0127,46,73,77,59,30,83,64,61,6.07,1,1,2,BI Analyst,Not Placed,Other,Tier 3,Semi-Urban
STU_0128,59,81,89,64,42,86,78,82,7.26,3,1,3,BI Analyst,Placed,Female,Tier 2,Semi-Urban
STU_0129,61,70,93,64,56,71,66,71,6.32,1,3,3,Data Analyst,Placed,Female,Tier 2,Semi-Urban
STU_0130,83,73,56,71,67,50,62,64,5.82,2,0,2,Data Scientist,Not Placed,Female,Tier 2,Semi-Urban
STU_0131,60,75,79,56,46,76,83,92,7.42,3,0,3,Business Analyst,Not Placed,Female,Tier 3,Semi-Urban
STU_0132,66,75,86,63,60,68,99,91,8.54,4,0,2,Business Analyst,Placed,Female,Tier 2,Urban
STU_0133,86,99,79,67,59,91,56,57,7.1,2,2,3,Data Analyst,Placed,Male,Tier 1,Urban
STU_0134,50,71,92,72,40,59,96,78,7.07,3,0,2,Business Analyst,Placed,Male,Tier 1,Rural
STU_0135,59,73,71,74,67,61,66,62,7.38,2,1,4,Data Science Intern,Placed,Female,Tier 1,Semi-Urban
STU_0136,44,65,86,61,37,70,68,81,7.1,3,1,2,Business Analyst,Not Placed,Female,Tier 2,Semi-Urban
STU_0137,99,70,60,91,96,59,65,66,8.0,4,0,2,Data Scientist,Placed,Male,Tier 3,Semi-Urban
STU_0138,85,82,55,76,87,48,54,79,6.93,3,1,2,ML Intern,Placed,Male,Tier 2,Semi-Urban
STU_0139,53,63,78,71,51,69,94,78,6.65,2,2,1,Business Analyst,Placed,Male,Tier 1,Semi-Urban
STU_0140,70,68,53,80,58,54,54,73,7.17,2,1,3,Data Science Intern,Not Placed,Male,Tier 3,Urban
STU_0141,70,66,54,63,70,55,67,62,6.63,2,1,4,Data Science Intern,Placed,Male,Tier 2,Rural
STU_0142,56,77,93,62,52,75,90,83,7.96,4,0,2,Business Analyst,Not Placed,Male,Tier 2,Urban
STU_0143,83,77,52,76,71,45,56,76,6.27,2,1,2,Data Scientist,Not Placed,Female,Tier 2,Urban
STU_0144,40,62,80,41,46,74,74,79,6.66,2,0,1,Business Analyst,Not Placed,Female,Tier 3,Urban
STU_0145,46,65,77,49,45,74,85,74,7.6,3,1,3,Business Analyst,Not Placed,Female,Tier 2,Semi-Urban
STU_0146,55,80,75,65,42,82,55,69,6.33,2,0,3,Data Analyst,Placed,Female,Tier 1,Semi-Urban
STU_0147,95,72,53,74,94,39,55,71,7.14,2,1,3,ML Intern,Not Placed,Male,Tier 2,Semi-Urban
STU_0148,94,79,53,82,77,53,73,66,6.88,4,1,1,Data Scientist,Placed,Male,Tier 3,Rural
STU_0149,79,94,94,70,56,73,69,79,7.5,4,1,2,Data Analyst,Placed,Male,Tier 2,Urban
STU_0150,62,56,84,61,37,79,82,81,7.24,3,1,2,Business Analyst,Placed,Female,Tier 1,Semi-Urban
STU_0151,70,66,65,73,67,56,70,84,6.84,3,0,1,Data Science Intern,Placed,Male,Tier 1,Semi-Urban
STU_0152,55,74,78,65,41,65,84,93,7.83,2,1,3,Business Analyst,Placed,Female,Tier 2,Rural
STU_0153,76,91,75,73,61,86,61,70,7.68,3,1,2,Data Analyst,Placed,Male,Tier 2,Urban
STU_0154,87,83,46,86,86,67,74,83,7.12,4,0,1,Data Scientist,Placed,Female,Tier 2,Rural
STU_0155,68,58,62,83,81,67,71,75,7.72,3,2,4,Data Science Intern,Placed,Male,Tier 3,Urban
STU_0156,39,54,90,46,51,63,88,63,6.65,1,1,3,Business Analyst,Not Placed,Female,Tier 3,Semi-Urban
STU_0157,85,57,38,74,88,38,45,68,5.81,2,0,2,ML Intern,Not Placed,Male,Tier 1,Semi-Urban
STU_0158,54,83,84,60,60,86,70,56,6.65,4,1,2,BI Analyst,Placed,Male,Tier 2,Rural
STU_0159,45,56,88,60,33,70,87,88,6.82,2,1,2,Business Analyst,Placed,Female,Tier 1,Urban
STU_0160,92,73,54,80,94,39,58,67,7.1,3,0,1,ML Intern,Not Placed,Other,Tier 3,Urban
STU_0161,53,72,80,42,42,79,89,83,6.61,2,1,1,Business Analyst,Not Placed,Male,Tier 2,Urban
STU_0162,87,61,61,74,99,57,60,72,7.82,5,0,3,ML Intern,Placed,Female,Tier 1,Semi-Urban
STU_0163,85,66,62,79,80,64,62,79,7.35,4,0,1,ML Intern,Placed,Female,Tier 3,Semi-Urban
STU_0164,83,81,65,72,99,70,65,70,7.56,3,0,2,Data Scientist,Placed,Female,Tier 3,Rural
STU_0165,65,83,83,70,56,89,73,62,7.61,3,0,2,Data Analyst,Not Placed,Male,Tier 1,Semi-Urban
STU_0166,56,82,92,44,40,61,68,56,6.07,2,1,3,BI Analyst,Not Placed,Male,Tier 1,Urban
STU_0167,60,51,67,52,25,73,65,76,6.69,2,0,2,Business Analyst,Not Placed,Male,Tier 2,Urban
STU_0168,46,79,92,70,45,77,67,73,7.56,2,1,3,Data Analyst,Not Placed,Female,Tier 2,Urban
STU_0169,46,80,54,57,42,77,62,53,6.76,1,0,3,Data Analyst,Not Placed,Female,Tier 3,Semi-Urban
STU_0170,81,80,62,83,81,66,65,78,7.17,4,0,2,Data Scientist,Placed,Female,Tier 2,Rural
STU_0171,99,65,48,92,89,55,64,80,8.24,5,1,2,ML Intern,Placed,Male,Tier 2,Rural
STU_0172,80,94,93,63,49,63,68,83,7.6,3,1,2,Data Analyst,Placed,Male,Tier 3,Urban
STU_0173,88,73,59,78,82,63,53,77,7.15,3,0,3,Data Scientist,Placed,Other,Tier 2,Urban
STU_0174,64,66,97,89,52,82,87,89,8.16,4,0,2,Business Analyst,Not Placed,Male,Tier 2,Urban
STU_0175,90,70,47,80,98,54,70,73,6.7,3,0,2,ML Intern,Placed,Female,Tier 2,Semi-Urban
STU_0176,66,82,71,69,43,72,68,71,6.86,2,1,2,Data Analyst,Not Placed,Male,Tier 3,Rural
STU_0177,74,73,55,70,71,46,56,72,6.82,3,0,1,ML Intern,Not Placed,Male,Tier 1,Urban
STU_0178,46,45,80,56,48,65,96,64,6.77,2,1,1,Business Analyst,Not Placed,Female,Tier 2,Urban
STU_0179,82,68,70,74,77,57,58,81,6.98,2,0,3,Data Science Intern,Placed,Male,Tier 1,Semi-Urban
STU_0180,62,85,90,61,57,74,68,71,7.48,2,1,3,Data Analyst,Not Placed,Male,Tier 3,Semi-Urban
STU_0181,40,57,95,67,45,75,84,91,7.19,4,1,1,Business Analyst,Placed,Female,Tier 2,Urban
STU_0182,61,84,89,62,64,67,80,67,7.18,2,0,3,Data Analyst,Placed,Female,Tier 2,Rural
STU_0183,74,60,64,69,68,63,77,76,7.85,3,1,2,Data Science Intern,Not Placed,Female,Tier 3,Urban
STU_0184,64,78,77,81,48,99,78,76,7.98,3,1,4,BI Analyst,Placed,Female,Tier 3,Rural
STU_0185,63,76,88,62,49,79,96,85,7.74,3,1,2,Business Analyst,Placed,Male,Tier 3,Urban
STU_0186,83,73,49,73,67,25,57,66,5.87,2,0,2,ML Intern,Not Placed,Male,Tier 1,Urban
STU_0187,39,69,65,58,36,68,69,56,5.8,2,3,3,BI Analyst,Not Placed,Male,Tier 3,Urban
STU_0188,94,77,60,89,87,66,69,67,7.78,4,0,2,Data Scientist,Placed,Male,Tier 2,Urban
STU_0189,75,75,51,75,83,46,48,68,6.73,1,0,3,Data Scientist,Placed,Male,Tier 1,Semi-Urban
STU_0190,45,54,82,63,44,73,97,76,6.98,3,0,2,Business Analyst,Not Placed,Female,Tier 2,Semi-Urban
STU_0191,58,72,68,58,43,75,80,59,5.76,2,0,3,Data Analyst,Not Placed,Male,Tier 2,Semi-Urban
STU_0192,62,63,59,68,71,35,41,59,5.5,1,0,4,Data Science Intern,Not Placed,Female,Tier 1,Semi-Urban
STU_0193,85,63,45,82,75,57,63,67,7.68,3,0,3,Data Science Intern,Placed,Male,Tier 2,Urban
STU_0194,91,67,62,60,83,45,64,74,7.36,3,0,1,ML Intern,Placed,Male,Tier 3,Urban
STU_0195,53,45,81,61,56,66,85,64,6.91,2,0,2,Business Analyst,Not Placed,Male,Tier 2,Rural
STU_0196,25,55,71,56,25,63,86,70,5.59,1,0,2,Business Analyst,Not Placed,Female,Tier 2,Rural
STU_0197,85,65,39,85,79,51,48,62,6.71,4,1,1,ML Intern,Placed,Male,Tier 2,Urban
STU_0198,87,71,78,76,58,71,66,79,7.3,3,1,3,Data Science Intern,Placed,Female,Tier 3,Urban
STU_0199,67,53,59,84,66,54,69,66,5.91,1,0,3,Data Science Intern,Placed,Female,Tier 1,Semi-Urban
STU_0200,58,73,81,71,43,98,74,64,7.2,3,1,3,BI Analyst,Placed,Male,Tier 2,Urban
STU_0201,93,66,60,76,85,54,64,59,6.89,3,1,2,ML Intern,Placed,Male,Tier 2,Semi-Urban
STU_0202,56,92,82,67,45,73,56,72,7.32,2,0,3,Data Analyst,Not Placed,Female,Tier 3,Semi-Urban
STU_0203,58,75,80,71,68,67,77,78,7.06,3,1,1,Data Analyst,Placed,Male,Tier 1,Urban
STU_0204,63,69,57,72,76,62,67,64,6.44,2,0,4,Data Science Intern,Not Placed,Male,Tier 2,Urban
STU_0205,81,72,69,73,84,57,61,74,8.14,5,1,1,ML Intern,Placed,Female,Tier 2,Semi-Urban
STU_0206,58,71,72,72,41,65,62,75,6.96,2,2,3,Data Analyst,Placed,Female,Tier 3,Urban
STU_0207,60,78,80,55,56,81,65,77,7.44,2,0,3,Data Analyst,Not Placed,Male,Tier 1,Urban
STU_0208,73,72,50,71,81,45,66,61,7.08,2,0,3,ML Intern,Not Placed,Male,Tier 2,Semi-Urban
STU_0209,54,88,73,73,63,73,71,59,7.13,3,1,3,Data Analyst,Placed,Male,Tier 1,Semi-Urban
STU_0210,63,79,79,59,35,77,48,63,6.76,2,0,2,Data Analyst,Not Placed,Male,Tier 3,Urban
STU_0211,91,77,74,91,76,57,65,63,7.11,3,1,1,Data Scientist,Placed,Male,Tier 2,Rural
STU_0212,88,72,47,87,93,46,74,88,8.43,4,2,0,ML Intern,Placed,Male,Tier 2,Semi-Urban
STU_0213,81,59,52,76,81,37,57,76,6.31,2,1,2,ML Intern,Placed,Male,Tier 2,Urban
STU_0214,37,70,72,52,32,66,64,68,6.48,0,0,2,Business Analyst,Not Placed,Female,Tier 2,Urban
STU_0215,85,76,69,90,76,73,72,76,8.2,3,1,1,ML Intern,Placed,Female,Tier 1,Semi-Urban
STU_0216,50,62,78,60,39,68,79,68,6.85,3,1,2,Business Analyst,Placed,Female,Tier 2,Urban
STU_0217,48,63,85,63,44,65,88,66,7.01,3,0,1,Business Analyst,Not Placed,Female,Tier 3,Semi-Urban
STU_0218,54,78,91,74,57,99,73,78,7.76,3,0,5,BI Analyst,Placed,Male,Tier 2,Semi-Urban
STU_0219,82,71,50,72,87,54,54,71,6.7,4,1,3,ML Intern,Placed,Male,Tier 3,Semi-Urban
STU_0220,57,70,89,76,59,81,80,62,8.03,4,1,2,BI Analyst,Placed,Female,Tier 1,Semi-Urban
STU_0221,99,63,67,88,83,45,68,71,7.56,3,0,2,ML Intern,Not Placed,Male,Tier 3,Semi-Urban
STU_0222,83,70,44,65,81,51,59,79,7.16,3,1,3,Data Scientist,Placed,Male,Tier 2,Urban
STU_0223,82,91,88,83,53,90,83,86,8.71,4,1,3,Data Analyst,Placed,Male,Tier 2,Urban
STU_0224,32,53,74,58,46,80,78,73,6.86,2,0,2,Business Analyst,Not Placed,Male,Tier 2,Semi-Urban
STU_0225,62,68,97,66,40,66,77,89,7.76,3,0,2,Business Analyst,Not Placed,Male,Tier 3,Semi-Urban
STU_0226,60,77,92,70,42,65,93,85,7.72,3,0,2,Business Analyst,Placed,Male,Tier 3,Semi-Urban
STU_0227,81,81,74,91,86,73,81,82,7.83,3,0,1,Data Science Intern,Placed,Male,Tier 2,Urban
STU_0228,54,75,81,76,44,82,86,92,7.65,3,1,0,Business Analyst,Placed,Female,Tier 2,Rural
STU_0229,74,60,68,71,77,62,71,65,7.57,3,0,3,Data Science Intern,Placed,Male,Tier 1,Urban
STU_0230,78,61,57,87,76,54,42,61,6.46,3,0,2,ML Intern,Not Placed,Female,Tier 2,Urban
STU_0231,51,72,68,67,49,91,81,74,7.13,3,3,3,BI Analyst,Placed,Female,Tier 2,Urban
STU_0232,87,72,48,89,74,48,61,66,6.06,4,1,3,Data Scientist,Placed,Female,Tier 2,Urban
STU_0233,92,89,73,87,88,76,80,99,8.51,4,1,2,Data Scientist,Placed,Male,Tier 2,Semi-Urban
STU_0234,95,85,50,90,82,55,68,84,6.61,3,0,2,Data Scientist,Placed,Female,Tier 3,Urban
STU_0235,64,74,84,61,52,74,65,74,6.62,2,1,3,Data Analyst,Not Placed,Male,Tier 3,Urban
STU_0236,79,84,41,74,90,55,62,74,7.42,4,1,2,ML Intern,Placed,Male,Tier 1,Urban
STU_0237,46,54,88,60,45,58,78,71,6.54,2,0,2,Business Analyst,Not Placed,Female,Tier 3,Semi-Urban
STU_0238,50,80,71,68,39,86,56,67,6.29,1,1,2,Data Analyst,Placed,Male,Tier 1,Rural
STU_0239,98,70,66,75,99,56,64,78,7.77,5,1,2,ML Intern,Placed,Male,Tier 3,Semi-Urban
STU_0240,65,74,71,63,40,88,60,73,6.4,1,1,3,Data Analyst,Not Placed,Male,Tier 1,Urban
STU_0241,70,59,60,76,63,66,70,74,6.28,3,0,4,Data Science Intern,Not Placed,Male,Tier 3,Semi-Urban
STU_0242,73,67,63,79,77,48,71,76,7.52,3,3,3,Data Science Intern,Placed,Male,Tier 2,Urban
STU_0243,78,88,74,91,74,75,86,88,7.64,3,0,4,Data Science Intern,Placed,Other,Tier 2,Urban
STU_0244,45,64,85,67,54,69,89,68,7.45,3,0,2,Business Analyst,Not Placed,Male,Tier 2,Rural
STU_0245,78,83,85,71,66,62,73,74,7.18,3,1,2,Data Analyst,Placed,Male,Tier 1,Semi-Urban
STU_0246,67,81,55,77,69,68,59,63,7.04,2,1,3,Data Science Intern,Placed,Female,Tier 1,Urban
STU_0247,86,72,41,73,78,57,54,47,6.43,1,0,2,Data Scientist,Not Placed,Female,Tier 2,Urban
STU_0248,85,70,57,61,84,70,74,90,8.28,3,0,1,Data Science Intern,Placed,Female,Tier 3,Urban
STU_0249,77,83,53,73,56,59,65,75,7.36,3,1,3,Data Science Intern,Placed,Female,Tier 2,Urban
STU_0250,55,83,82,77,44,78,75,63,6.66,2,1,1,BI Analyst,Not Placed,Female,Tier 2,Semi-Urban
STU_0251,68,67,86,63,57,77,87,99,7.77,4,0,3,Business Analyst,Placed,Female,Tier 2,Urban
STU_0252,46,65,92,51,51,67,94,76,6.77,3,2,3,Business Analyst,Placed,Male,Tier 2,Rural
STU_0253,63,91,87,66,49,84,87,67,8.47,3,0,2,BI Analyst,Not Placed,Female,Tier 2,Semi-Urban
STU_0254,53,78,89,64,45,79,95,93,8.35,5,0,3,Business Analyst,Placed,Female,Tier 3,Rural
STU_0255,66,83,75,63,53,84,66,63,7.08,1,1,3,Data Analyst,Not Placed,Female,Tier 2,Semi-Urban
STU_0256,82,70,70,93,91,62,81,77,7.22,4,0,2,Data Scientist,Placed,Other,Tier 1,Semi-Urban
STU_0257,81,72,61,80,73,65,69,72,7.48,3,0,3,Data Science Intern,Placed,Male,Tier 1,Semi-Urban
STU_0258,99,78,61,80,95,55,64,73,7.91,3,0,2,ML Intern,Placed,Male,Tier 2,Urban
STU_0259,92,60,69,88,99,66,65,83,8.0,4,2,2,Data Scientist,Placed,Other,Tier 2,Semi-Urban
STU_0260,57,88,85,78,49,81,60,78,7.05,3,0,3,Data Analyst,Not Placed,Male,Tier 1,Urban
STU_0261,93,74,57,84,99,51,66,69,7.37,4,0,3,ML Intern,Placed,Female,Tier 3,Urban
STU_0262,73,78,79,78,74,64,69,80,6.96,4,0,3,Data Science Intern,Placed,Male,Tier 2,Urban
STU_0263,49,90,73,72,41,81,71,71,6.87,4,0,2,Data Analyst,Not Placed,Female,Tier 2,Semi-Urban
STU_0264,73,74,47,78,86,60,62,64,6.88,2,0,3,Data Scientist,Placed,Female,Tier 1,Rural
STU_0265,56,75,55,63,43,90,61,41,6.46,1,2,4,BI Analyst,Not Placed,Male,Tier 3,Urban
STU_0266,48,72,55,45,59,74,70,55,5.82,1,0,3,BI Analyst,Not Placed,Male,Tier 3,Semi-Urban
STU_0267,81,77,62,85,95,62,71,75,8.52,4,1,1,ML Intern,Placed,Male,Tier 1,Rural
STU_0268,84,48,33,78,84,44,46,63,6.65,2,0,3,ML Intern,Not Placed,Female,Tier 3,Urban
STU_0269,47,49,77,64,55,68,90,65,6.39,2,1,2,Business Analyst,Not Placed,Female,Tier 2,Urban
STU_0270,54,55,85,57,54,64,88,77,6.97,2,0,4,Business Analyst,Not Placed,Male,Tier 2,Urban
STU_0271,56,80,73,63,49,89,76,78,8.14,2,2,3,BI Analyst,Placed,Male,Tier 3,Rural
STU_0272,67,76,89,57,56,95,64,75,7.12,3,1,3,BI Analyst,Not Placed,Female,Tier 3,Urban
STU_0273,57,79,92,61,46,91,83,73,7.59,3,1,2,BI Analyst,Not Placed,Female,Tier 3,Urban
STU_0274,80,73,46,68,63,63,45,88,7.43,3,1,3,Data Science Intern,Not Placed,Male,Tier 3,Semi-Urban
STU_0275,88,76,68,99,88,64,66,74,7.39,3,0,3,Data Scientist,Not Placed,Male,Tier 3,Rural
STU_0276,83,71,56,75,83,47,69,77,7.09,4,0,1,Data Scientist,Placed,Female,Tier 1,Rural
STU_0277,56,75,99,71,37,87,68,61,7.02,2,1,3,BI Analyst,Not Placed,Female,Tier 2,Urban
STU_0278,84,79,57,93,99,68,64,86,8.06,3,0,2,ML Intern,Placed,Female,Tier 2,Rural
STU_0279,93,67,51,93,90,57,58,67,7.13,3,0,2,ML Intern,Not Placed,Male,Tier 3,Urban
STU_0280,55,83,74,66,39,81,83,78,7.51,3,2,3,BI Analyst,Placed,Female,Tier 2,Urban
STU_0281,74,68,61,76,78,72,68,67,7.4,2,1,3,Data Science Intern,Placed,Male,Tier 1,Rural
STU_0282,58,62,86,76,57,79,81,87,7.84,3,1,1,Business Analyst,Placed,Female,Tier 3,Semi-Urban
STU_0283,59,60,95,71,58,75,90,92,6.95,3,0,3,Business Analyst,Not Placed,Male,Tier 3,Urban
STU_0284,59,72,70,63,36,70,70,47,5.88,1,0,3,Data Analyst,Not Placed,Male,Tier 2,Semi-Urban
STU_0285,99,86,59,90,84,69,75,67,7.33,3,2,3,Data Scientist,Placed,Male,Tier 1,Semi-Urban
STU_0286,63,77,77,59,62,83,59,57,7.31,3,0,4,Data Analyst,Not Placed,Female,Tier 1,Rural
STU_0287,79,77,59,91,85,63,66,63,6.81,3,1,1,Data Scientist,Placed,Male,Tier 1,Rural
STU_0288,86,87,63,91,83,53,68,81,7.34,3,0,2,Data Scientist,Not Placed,Male,Tier 2,Semi-Urban
STU_0289,51,66,83,75,49,89,99,86,8.11,3,1,2,Business Analyst,Placed,Female,Tier 3,Rural
STU_0290,78,60,49,74,92,59,69,59,7.06,3,1,1,Data Scientist,Placed,Male,Tier 1,Semi-Urban
STU_0291,55,90,84,68,58,92,68,72,7.94,2,0,2,Data Analyst,Placed,Male,Tier 2,Semi-Urban
STU_0292,72,99,73,82,60,91,72,78,8.12,4,0,3,Data Analyst,Placed,Male,Tier 2,Semi-Urban
STU_0293,63,99,85,57,46,84,62,69,7.49,3,1,3,BI Analyst,Placed,Female,Tier 2,Urban
STU_0294,69,65,99,77,53,84,99,99,8.4,5,0,2,Business Analyst,Placed,Female,Tier 2,Urban
STU_0295,65,83,83,67,39,96,72,76,7.62,3,1,3,Data Analyst,Not Placed,Female,Tier 3,Urban
STU_0296,76,62,50,63,90,40,49,64,6.14,3,0,3,Data Scientist,Not Placed,Female,Tier 3,Semi-Urban
STU_0297,69,84,72,75,57,94,83,92,7.53,2,1,3,BI Analyst,Placed,Male,Tier 2,Urban
STU_0298,68,59,98,65,51,61,86,76,7.15,2,0,2,Business Analyst,Not Placed,Female,Tier 3,Urban
STU_0299,99,82,45,84,99,55,74,83,7.65,4,1,3,ML Intern,Placed,Male,Tier 2,Urban
STU_0300,68,83,74,63,61,82,70,70,7.6,3,0,2,Data Analyst,Placed,Male,Tier 1,Urban
STU_0301,59,89,77,57,57,76,68,81,7.24,3,1,2,Data Analyst,Placed,Male,Tier 1,Semi-Urban
STU_0302,79,72,45,76,80,40,61,71,6.32,2,1,1,Data Scientist,Not Placed,Male,Tier 2,Urban
STU_0303,84,83,61,94,74,58,66,67,7.08,3,2,2,Data Scientist,Placed,Male,Tier 1,Urban
STU_0304,89,81,50,78,82,40,44,64,6.58,2,0,4,ML Intern,Not Placed,Male,Tier 2,Semi-Urban
STU_0305,73,78,50,73,90,39,53,72,6.79,2,1,2,ML Intern,Not Placed,Female,Tier 2,Rural
STU_0306,85,79,70,79,76,66,63,75,7.38,2,1,3,Data Science Intern,Placed,Male,Tier 2,Urban
STU_0307,85,85,65,99,90,56,73,88,8.11,5,1,3,Data Scientist,Placed,Female,Tier 1,Urban
STU_0308,65,60,74,68,37,71,85,81,8.28,3,0,1,Business Analyst,Not Placed,Male,Tier 2,Rural
STU_0309,55,69,70,56,43,81,71,70,6.49,2,1,4,BI Analyst,Not Placed,Male,Tier 2,Urban
STU_0310,55,68,74,63,51,80,82,77,7.59,3,0,2,Business Analyst,Placed,Male,Tier 2,Rural
STU_0311,87,86,74,87,95,65,71,80,7.97,5,0,2,Data Scientist,Placed,Male,Tier 2,Urban
STU_0312,65,81,94,59,53,71,58,67,6.64,3,2,2,Data Analyst,Not Placed,Male,Tier 3,Urban
STU_0313,62,99,78,59,53,62,67,69,7.47,2,0,3,Data Analyst,Not Placed,Female,Tier 1,Urban
STU_0314,80,79,61,74,64,54,70,63,7.01,2,0,3,Data Science Intern,Placed,Female,Tier 2,Urban
STU_0315,49,69,78,72,34,68,69,66,7.0,2,1,4,BI Analyst,Not Placed,Male,Tier 1,Rural
STU_0316,91,68,56,84,97,39,62,79,7.37,4,1,2,ML Intern,Placed,Male,Tier 1,Rural
STU_0317,43,74,79,59,49,67,71,76,6.69,3,1,2,Business Analyst,Placed,Female,Tier 3,Rural
STU_0318,72,82,76,77,52,76,71,78,7.48,3,0,3,Data Analyst,Placed,Male,Tier 2,Rural
STU_0319,75,84,84,60,40,74,64,57,6.18,2,0,3,Data Analyst,Not Placed,Male,Tier 2,Rural
STU_0320,46,63,85,62,45,66,79,69,7.02,1,0,2,Business Analyst,Not Placed,Male,Tier 3,Semi-Urban
STU_0321,99,80,62,81,99,54,66,83,7.12,4,0,2,Data Scientist,Placed,Female,Tier 1,Rural
STU_0322,89,73,66,80,76,46,62,88,6.76,4,0,3,ML Intern,Placed,Female,Tier 1,Urban
STU_0323,84,86,64,93,94,52,76,88,7.64,4,1,2,ML Intern,Placed,Female,Tier 3,Urban
STU_0324,55,60,78,46,49,73,76,74,7.85,2,0,2,Business Analyst,Not Placed,Male,Tier 3,Semi-Urban
STU_0325,72,62,60,68,68,58,57,88,6.66,3,0,2,Data Science Intern,Not Placed,Male,Tier 2,Rural
STU_0326,99,67,61,86,99,49,75,75,7.66,3,0,2,ML Intern,Placed,Male,Tier 2,Semi-Urban
STU_0327,68,74,63,96,66,56,56,75,6.65,4,1,2,Data Scientist,Not Placed,Female,Tier 3,Rural
STU_0328,66,50,39,70,72,46,61,70,6.41,1,1,3,ML Intern,Not Placed,Female,Tier 2,Semi-Urban
STU_0329,55,57,67,63,33,71,89,76,6.48,1,1,1,Business Analyst,Not Placed,Male,Tier 1,Semi-Urban
STU_0330,45,61,99,65,52,84,97,88,7.75,3,1,2,Business Analyst,Placed,Male,Tier 2,Rural
STU_0331,46,57,88,61,40,77,81,71,7.24,2,0,1,Business Analyst,Not Placed,Male,Tier 2,Urban
STU_0332,63,85,89,84,55,99,82,81,8.95,4,0,3,BI Analyst,Placed,Male,Tier 1,Rural
STU_0333,48,78,76,69,51,66,73,69,6.84,2,0,3,Data Analyst,Not Placed,Male,Tier 2,Semi-Urban
STU_0334,64,83,77,71,56,66,65,69,7.29,2,2,2,Data Analyst,Placed,Female,Tier 3,Semi-Urban
STU_0335,72,99,82,72,56,80,73,83,7.92,4,0,3,Data Analyst,Placed,Other,Tier 2,Rural
STU_0336,64,95,77,74,60,99,76,64,7.99,4,1,2,Data Analyst,Placed,Male,Tier 1,Urban
STU_0337,51,91,93,75,60,99,80,87,8.77,3,1,3,BI Analyst,Placed,Male,Tier 2,Urban
STU_0338,80,67,46,82,92,57,69,73,8.28,4,0,2,ML Intern,Not Placed,Male,Tier 3,Semi-Urban
STU_0339,89,70,75,87,83,75,62,73,7.4,3,0,2,Data Scientist,Placed,Male,Tier 1,Urban
STU_0340,57,84,86,77,74,64,76,69,7.4,1,1,2,Data Analyst,Placed,Male,Tier 1,Semi-Urban
STU_0341,84,75,57,99,92,62,80,69,7.52,2,0,2,Data Scientist,Not Placed,Female,Tier 2,Urban
STU_0342,72,57,52,82,80,56,53,79,6.76,3,1,3,Data Scientist,Placed,Male,Tier 1,Rural
STU_0343,60,83,62,66,39,71,68,67,6.63,2,1,3,Data Analyst,Not Placed,Other,Tier 3,Urban
STU_0344,79,76,48,93,80,66,62,72,7.43,3,2,2,Data Scientist,Placed,Female,Tier 2,Semi-Urban
STU_0345,43,68,78,64,41,56,80,70,6.74,1,0,4,Business Analyst,Not Placed,Female,Tier 2,Rural
STU_0346,84,57,59,75,82,53,67,72,6.53,2,0,2,ML Intern,Not Placed,Male,Tier 3,Rural
STU_0347,84,58,52,77,90,51,71,73,7.95,4,0,0,ML Intern,Placed,Female,Tier 2,Semi-Urban
STU_0348,66,96,87,72,52,78,66,71,7.51,2,0,3,Data Analyst,Not Placed,Male,Tier 1,Semi-Urban
STU_0349,56,61,74,74,48,62,82,81,6.71,3,1,2,Business Analyst,Placed,Male,Tier 1,Urban
STU_0350,99,67,69,96,89,55,62,80,7.82,4,0,1,ML Intern,Placed,Male,Tier 2,Urban
STU_0351,79,75,62,73,62,52,62,72,6.3,3,0,2,Data Scientist,Not Placed,Female,Tier 1,Urban
STU_0352,53,80,88,64,44,81,72,81,7.53,3,0,3,BI Analyst,Not Placed,Male,Tier 2,Semi-Urban
STU_0353,81,64,47,83,97,50,59,71,6.99,1,0,2,ML Intern,Not Placed,Male,Tier 1,Urban
STU_0354,35,78,72,62,37,66,56,68,6.38,1,0,4,Data Analyst,Not Placed,Male,Tier 1,Semi-Urban
STU_0355,59,97,83,58,51,73,51,82,7.34,2,0,4,Data Analyst,Not Placed,Male,Tier 2,Urban
STU_0356,91,71,55,67,82,56,54,54,7.36,3,0,2,ML Intern,Not Placed,Male,Tier 3,Semi-Urban
STU_0357,68,89,89,81,64,88,85,66,7.77,4,3,3,Data Analyst,Placed,Male,Tier 3,Semi-Urban
STU_0358,92,84,54,76,80,56,75,75,7.41,5,1,3,Data Scientist,Placed,Female,Tier 2,Rural
STU_0359,62,62,68,70,64,56,73,61,6.14,1,1,4,Data Science Intern,Not Placed,Male,Tier 3,Urban
STU_0360,99,87,68,99,83,65,66,92,8.14,4,2,2,Data Scientist,Placed,Female,Tier 1,Urban
STU_0361,69,81,99,65,48,66,99,90,8.07,3,0,3,Business Analyst,Placed,Female,Tier 1,Urban
STU_0362,85,81,50,84,88,58,64,66,7.5,4,0,2,ML Intern,Not Placed,Male,Tier 2,Urban
STU_0363,84,83,59,89,73,57,60,80,7.42,2,1,3,Data Scientist,Placed,Female,Tier 2,Semi-Urban
STU_0364,80,76,63,84,79,46,61,67,6.12,2,0,2,Data Scientist,Not Placed,Female,Tier 2,Urban
STU_0365,70,67,56,58,63,62,56,70,7.05,2,1,3,Data Science Intern,Placed,Female,Tier 1,Urban
STU_0366,70,75,99,68,59,72,86,65,7.32,3,1,2,Business Analyst,Placed,Female,Tier 1,Rural
STU_0367,92,93,70,83,74,74,86,68,8.26,3,0,3,Data Science Intern,Placed,Female,Tier 2,Semi-Urban
STU_0368,85,78,74,86,76,69,74,87,8.29,3,1,1,Data Science Intern,Placed,Male,Tier 3,Urban
STU_0369,63,81,68,63,56,76,71,81,6.73,2,0,3,Data Analyst,Not Placed,Female,Tier 2,Urban
STU_0370,64,77,71,43,45,70,65,63,6.62,1,3,2,Data Analyst,Placed,Male,Tier 1,Urban
STU_0371,60,69,74,72,66,78,71,78,6.85,2,0,4,Data Analyst,Not Placed,Female,Tier 3,Semi-Urban
STU_0372,47,76,66,66,44,71,53,66,5.5,0,1,2,Data Analyst,Not Placed,Male,Tier 2,Semi-Urban
STU_0373,79,76,79,71,60,75,48,82,7.49,1,1,2,Data Analyst,Placed,Female,Tier 1,Semi-Urban
STU_0374,91,54,49,89,96,56,60,74,7.62,3,1,3,ML Intern,Placed,Male,Tier 2,Urban
STU_0375,59,88,71,60,57,75,76,63,6.47,2,0,2,Data Analyst,Not Placed,Female,Tier 3,Semi-Urban
STU_0376,42,47,76,41,33,53,82,77,6.57,1,0,2,Business Analyst,Not Placed,Female,Tier 3,Urban
STU_0377,46,93,99,65,46,99,67,73,7.42,3,0,3,BI Analyst,Placed,Female,Tier 2,Semi-Urban
STU_0378,61,89,80,62,42,73,58,68,6.31,2,0,4,Data Analyst,Not Placed,Female,Tier 2,Rural
STU_0379,46,63,82,52,33,79,69,51,6.0,2,0,4,BI Analyst,Not Placed,Male,Tier 2,Urban
STU_0380,38,40,82,50,28,52,70,70,5.5,1,2,3,Business Analyst,Not Placed,Female,Tier 1,Urban
STU_0381,62,80,80,63,49,62,75,72,6.94,2,1,3,Data Analyst,Placed,Female,Tier 3,Rural
STU_0382,89,91,64,79,99,62,74,80,7.7,4,1,1,ML Intern,Placed,Female,Tier 2,Urban
STU_0383,98,74,66,72,91,71,65,78,7.5,4,0,2,ML Intern,Placed,Female,Tier 1,Urban
STU_0384,50,69,59,58,47,83,71,68,6.53,2,1,2,BI Analyst,Not Placed,Male,Tier 2,Semi-Urban
STU_0385,91,64,47,73,87,58,54,72,6.81,4,1,3,ML Intern,Placed,Male,Tier 2,Semi-Urban
STU_0386,61,75,80,53,37,91,73,74,7.38,2,1,3,BI Analyst,Not Placed,Male,Tier 3,Rural
STU_0387,45,50,79,46,50,57,79,67,6.33,3,1,3,Business Analyst,Not Placed,Female,Tier 3,Urban
STU_0388,68,81,78,76,54,83,62,61,7.35,3,1,3,Data Analyst,Placed,Male,Tier 1,Urban
STU_0389,61,81,87,65,53,78,92,73,7.92,2,2,3,BI Analyst,Placed,Female,Tier 3,Urban
STU_0390,67,80,86,58,58,89,80,81,7.97,4,1,2,BI Analyst,Placed,Male,Tier 2,Semi-Urban
STU_0391,64,66,68,90,68,66,67,86,7.0,2,0,2,Data Science Intern,Placed,Female,Tier 1,Urban
STU_0392,36,62,71,40,46,72,82,78,7.3,3,0,3,Business Analyst,Not Placed,Female,Tier 2,Semi-Urban
STU_0393,69,56,83,51,43,66,78,89,6.24,2,1,3,Business Analyst,Placed,Male,Tier 2,Urban
STU_0394,61,77,57,55,64,80,78,77,6.53,2,0,3,BI Analyst,Placed,Female,Tier 1,Urban
STU_0395,51,55,65,64,38,72,74,77,6.89,2,0,2,Business Analyst,Not Placed,Female,Tier 2,Urban
STU_0396,76,76,58,86,67,51,69,74,6.89,3,0,2,Data Science Intern,Placed,Male,Tier 2,Rural
STU_0397,62,95,81,66,44,97,80,71,7.5,2,1,3,BI Analyst,Placed,Male,Tier 1,Rural
STU_0398,67,83,47,76,81,45,51,56,5.89,3,0,3,Data Scientist,Not Placed,Male,Tier 2,Rural
STU_0399,69,83,99,62,49,89,83,74,8.66,3,1,3,BI Analyst,Placed,Female,Tier 2,Urban
STU_0400,59,71,66,47,30,81,70,64,6.61,3,0,3,BI Analyst,Not Placed,Male,Tier 1,Urban
STU_0401,71,91,77,54,48,73,63,65,7.64,2,1,3,Data Analyst,Not Placed,Male,Tier 3,Urban
STU_0402,65,65,56,73,69,51,74,61,6.67,2,1,4,Data Science Intern,Placed,Male,Tier 1,Semi-Urban
STU_0403,61,67,42,74,52,56,59,53,5.84,2,0,2,Data Scientist,Not Placed,Male,Tier 1,Urban
STU_0404,49,97,77,60,35,88,77,80,7.46,4,3,3,BI Analyst,Placed,Female,Tier 1,Urban
STU_0405,43,54,91,71,37,84,89,92,7.61,3,0,1,Business Analyst,Placed,Female,Tier 2,Urban
STU_0406,72,52,62,82,62,58,65,49,7.16,3,2,3,Data Science Intern,Placed,Male,Tier 2,Semi-Urban
STU_0407,63,56,88,60,55,75,84,74,7.37,3,1,2,Business Analyst,Placed,Female,Tier 2,Urban
STU_0408,71,71,87,62,64,82,75,73,7.68,2,1,3,Data Analyst,Placed,Female,Tier 2,Urban
STU_0409,53,58,62,68,71,57,53,58,6.03,2,0,3,Data Science Intern,Not Placed,Male,Tier 3,Urban
STU_0410,60,62,90,69,59,64,75,84,6.61,2,0,2,Data Analyst,Placed,Male,Tier 1,Urban
STU_0411,44,72,88,52,53,82,84,93,7.02,4,0,3,Business Analyst,Placed,Female,Tier 2,Semi-Urban
STU_0412,55,55,60,69,58,62,66,72,6.53,1,1,1,Data Science Intern,Not Placed,Female,Tier 1,Semi-Urban
STU_0413,75,78,63,92,65,79,70,63,7.65,2,0,4,Data Science Intern,Placed,Female,Tier 1,Urban
STU_0414,88,70,60,86,78,47,67,69,6.85,2,0,2,Data Scientist,Not Placed,Male,Tier 2,Semi-Urban
STU_0415,93,54,60,76,99,57,66,80,7.49,4,1,3,ML Intern,Placed,Female,Tier 1,Urban
STU_0416,77,88,75,87,94,54,60,76,6.81,4,0,2,Data Scientist,Placed,Female,Tier 2,Urban
STU_0417,45,51,80,54,29,68,83,73,5.54,2,0,2,Business Analyst,Not Placed,Female,Tier 3,Semi-Urban
STU_0418,64,59,93,57,42,73,84,82,8.16,4,2,2,Business Analyst,Placed,Other,Tier 1,Rural
STU_0419,81,71,48,62,91,40,58,74,6.03,4,2,2,ML Intern,Placed,Female,Tier 3,Semi-Urban
STU_0420,53,84,78,51,60,83,69,73,6.49,2,0,4,BI Analyst,Not Placed,Female,Tier 2,Urban
STU_0421,59,84,98,61,47,88,83,60,7.14,3,1,1,BI Analyst,Not Placed,Male,Tier 2,Semi-Urban
STU_0422,47,81,71,65,58,85,69,76,7.76,3,0,3,BI Analyst,Placed,Female,Tier 2,Urban
STU_0423,63,64,81,69,54,82,79,62,6.5,1,0,4,Data Analyst,Not Placed,Male,Tier 2,Semi-Urban
STU_0424,86,73,60,96,72,52,77,84,7.19,3,0,3,Data Scientist,Placed,Female,Tier 1,Urban
STU_0425,61,91,85,81,55,88,90,77,6.51,4,1,4,Data Analyst,Placed,Male,Tier 3,Semi-Urban
STU_0426,89,85,61,99,87,59,63,88,7.52,5,3,3,Data Scientist,Placed,Female,Tier 2,Urban
STU_0427,92,73,65,74,84,62,80,71,6.43,3,1,2,Data Scientist,Not Placed,Male,Tier 3,Semi-Urban
STU_0428,63,63,53,83,80,63,75,71,7.14,2,0,2,Data Science Intern,Not Placed,Female,Tier 3,Semi-Urban
STU_0429,45,55,78,44,43,68,86,77,6.41,2,1,3,Business Analyst,Placed,Male,Tier 1,Urban
STU_0430,61,76,81,74,44,79,70,65,6.4,3,0,2,Data Analyst,Placed,Male,Tier 1,Rural
STU_0431,52,78,66,65,40,81,80,58,6.17,2,1,2,Data Analyst,Not Placed,Female,Tier 1,Semi-Urban
STU_0432,45,60,71,38,37,65,58,48,5.5,1,1,2,BI Analyst,Not Placed,Female,Tier 3,Urban
STU_0433,94,64,60,78,87,53,58,78,7.78,3,0,2,ML Intern,Not Placed,Male,Tier 3,Urban
STU_0434,78,81,93,84,50,72,75,70,7.71,3,1,3,Data Analyst,Placed,Male,Tier 2,Semi-Urban
STU_0435,64,70,62,48,48,62,57,65,5.8,0,0,2,Data Analyst,Not Placed,Male,Tier 1,Urban
STU_0436,77,63,49,78,85,43,57,66,6.91,3,0,3,ML Intern,Placed,Female,Tier 1,Rural
STU_0437,54,87,97,64,49,75,77,76,7.44,3,2,3,Data Analyst,Not Placed,Female,Tier 3,Urban
STU_0438,65,83,89,61,59,99,75,69,8.6,3,2,2,BI Analyst,Placed,Female,Tier 3,Urban
STU_0439,98,64,63,77,85,53,55,75,7.35,3,0,3,ML Intern,Placed,Male,Tier 1,Rural
STU_0440,55,68,79,62,47,65,76,73,6.21,3,0,3,Data Analyst,Placed,Male,Tier 1,Rural
STU_0441,68,79,66,82,51,71,70,78,7.51,2,1,3,Data Analyst,Not Placed,Other,Tier 2,Urban
STU_0442,81,88,80,74,72,76,55,78,7.43,3,1,2,Data Science Intern,Placed,Male,Tier 1,Semi-Urban
STU_0443,36,55,79,54,38,61,99,91,7.03,3,0,2,Business Analyst,Not Placed,Female,Tier 3,Urban
STU_0444,37,70,77,57,41,63,88,77,6.09,0,1,2,Business Analyst,Not Placed,Male,Tier 2,Semi-Urban
STU_0445,50,68,69,47,46,75,70,78,7.02,1,1,2,BI Analyst,Not Placed,Female,Tier 2,Rural
STU_0446,78,67,60,84,69,55,53,70,7.18,3,0,4,Data Science Intern,Placed,Female,Tier 2,Urban
STU_0447,81,68,68,73,69,44,67,80,7.1,2,0,3,Data Science Intern,Placed,Male,Tier 2,Urban
STU_0448,59,89,80,73,54,87,92,85,7.99,3,1,3,BI Analyst,Placed,Female,Tier 1,Urban
STU_0449,47,67,90,66,34,81,82,79,7.51,2,0,2,Business Analyst,Not Placed,Female,Tier 3,Urban
STU_0450,81,83,76,50,61,67,59,66,6.83,4,0,3,Data Analyst,Placed,Male,Tier 2,Urban
STU_0451,65,84,75,63,42,86,73,76,7.56,3,0,3,BI Analyst,Placed,Male,Tier 2,Rural
STU_0452,84,72,49,82,73,42,55,69,6.23,2,1,2,Data Scientist,Not Placed,Female,Tier 2,Urban
STU_0453,96,79,55,89,87,64,77,88,7.52,4,0,2,Data Scientist,Placed,Male,Tier 1,Semi-Urban
STU_0454,69,67,57,80,80,59,66,83,6.86,2,0,3,Data Science Intern,Placed,Female,Tier 1,Semi-Urban
STU_0455,65,84,70,72,44,69,64,65,6.67,1,0,2,Data Analyst,Not Placed,Male,Tier 2,Semi-Urban
STU_0456,99,81,83,99,83,81,76,98,8.8,5,0,2,Data Scientist,Placed,Male,Tier 2,Urban
STU_0457,63,84,80,79,44,84,78,77,7.16,3,1,3,Data Analyst,Placed,Male,Tier 2,Urban
STU_0458,99,68,63,79,87,54,59,82,6.48,2,1,2,Data Scientist,Not Placed,Male,Tier 3,Semi-Urban
STU_0459,56,69,74,71,60,77,76,58,6.61,2,0,3,Data Analyst,Not Placed,Male,Tier 2,Urban
STU_0460,64,86,85,74,63,80,75,75,8.52,4,1,3,Data Analyst,Placed,Male,Tier 2,Semi-Urban
STU_0461,56,82,79,67,53,79,65,80,6.81,3,2,3,Data Analyst,Placed,Female,Tier 1,Urban
STU_0462,70,55,68,63,69,48,39,65,6.29,3,0,1,ML Intern,Not Placed,Female,Tier 3,Semi-Urban
STU_0463,77,73,68,55,59,99,75,80,7.86,4,0,3,BI Analyst,Placed,Female,Tier 2,Semi-Urban
STU_0464,92,86,55,63,73,51,61,71,6.92,3,1,1,Data Scientist,Placed,Male,Tier 1,Semi-Urban
STU_0465,92,91,73,93,82,72,84,82,8.2,3,0,2,Data Science Intern,Placed,Female,Tier 2,Urban
STU_0466,71,57,86,64,54,87,90,75,7.66,2,0,2,Business Analyst,Not Placed,Male,Tier 2,Urban
STU_0467,54,65,67,58,31,65,76,84,6.99,3,0,3,Business Analyst,Not Placed,Male,Tier 3,Rural
STU_0468,63,77,91,58,57,86,78,80,7.96,2,1,3,BI Analyst,Not Placed,Male,Tier 3,Urban
STU_0469,54,72,84,63,42,74,89,80,7.05,2,0,3,Business Analyst,Not Placed,Male,Tier 2,Urban
STU_0470,65,79,72,74,65,77,76,75,7.07,3,1,3,Data Science Intern,Not Placed,Female,Tier 3,Semi-Urban
STU_0471,56,78,92,71,50,84,64,84,7.23,2,0,2,Data Analyst,Placed,Male,Tier 1,Rural
STU_0472,80,64,56,51,55,48,65,65,6.19,1,1,2,Data Science Intern,Not Placed,Female,Tier 2,Urban
STU_0473,49,77,81,69,35,74,54,74,6.48,2,1,2,Data Analyst,Not Placed,Male,Tier 3,Semi-Urban
STU_0474,85,70,64,77,58,70,71,84,7.73,3,0,3,Data Science Intern,Placed,Female,Tier 2,Semi-Urban
STU_0475,75,70,47,75,71,64,59,75,7.02,3,0,2,Data Scientist,Not Placed,Female,Tier 2,Urban
STU_0476,69,60,62,77,59,66,60,66,7.48,3,0,2,Data Science Intern,Placed,Male,Tier 3,Semi-Urban
STU_0477,61,72,76,61,48,55,50,70,6.34,1,0,3,Data Analyst,Not Placed,Female,Tier 1,Rural
STU_0478,95,71,60,88,89,45,61,76,7.63,4,2,2,Data Scientist,Placed,Female,Tier 1,Rural
STU_0479,90,99,74,75,83,82,79,76,8.44,4,0,2,Data Science Intern,Placed,Female,Tier 2,Urban
STU_0480,87,76,47,82,84,62,60,68,6.91,2,1,3,Data Scientist,Placed,Female,Tier 3,Semi-Urban
STU_0481,95,59,57,68,94,48,72,78,7.32,3,0,3,ML Intern,Placed,Female,Tier 3,Urban
STU_0482,84,86,73,92,87,55,70,76,7.59,4,0,1,ML Intern,Placed,Male,Tier 2,Urban
STU_0483,97,77,39,86,79,57,63,82,6.45,3,2,1,Data Scientist,Placed,Female,Tier 3,Semi-Urban
STU_0484,97,72,54,80,88,46,69,80,7.48,4,0,2,ML Intern,Placed,Male,Tier 3,Urban
STU_0485,91,80,50,85,70,58,57,63,6.28,3,1,2,Data Scientist,Placed,Male,Tier 1,Urban
STU_0486,78,54,54,76,73,61,58,68,7.01,3,1,2,Data Science Intern,Placed,Female,Tier 3,Urban
STU_0487,64,85,79,76,54,71,65,59,6.54,3,0,3,Data Analyst,Not Placed,Male,Tier 1,Urban
STU_0488,54,75,94,75,48,87,88,96,7.75,2,1,2,Business Analyst,Not Placed,Male,Tier 1,Semi-Urban
STU_0489,80,83,82,79,78,78,73,68,8.34,3,0,3,Data Science Intern,Placed,Male,Tier 2,Urban
STU_0490,99,81,79,97,78,67,83,71,8.51,5,1,3,Data Science Intern,Placed,Male,Tier 2,Semi-Urban
STU_0491,86,81,61,75,97,62,80,77,7.65,3,2,2,Data Scientist,Placed,Male,Tier 2,Urban
STU_0492,81,72,54,71,99,47,50,86,7.26,5,2,3,ML Intern,Placed,Other,Tier 1,Semi-Urban
STU_0493,47,58,72,74,36,73,93,84,6.77,3,0,3,Business Analyst,Not Placed,Male,Tier 2,Rural
STU_0494,60,67,72,68,44,78,71,75,7.15,3,0,1,Data Analyst,Placed,Female,Tier 1,Urban
STU_0495,77,94,67,86,92,77,57,76,6.92,3,1,3,Data Scientist,Placed,Male,Tier 2,Semi-Urban
STU_0496,31,62,85,58,39,55,86,89,6.93,2,1,2,Business Analyst,Not Placed,Female,Tier 3,Semi-Urban
STU_0497,81,80,49,88,80,53,61,74,7.08,3,0,3,Data Scientist,Placed,Other,Tier 3,Semi-Urban
STU_0498,71,79,84,74,50,98,68,72,8.2,3,0,4,Data Analyst,Placed,Male,Tier 3,Urban
STU_0499,62,80,64,63,73,58,65,64,6.13,2,0,3,Data Science Intern,Not Placed,Female,Tier 2,Semi-Urban
STU_0500,74,80,67,94,66,79,73,80,7.92,3,1,3,Data Science Intern,Placed,Other,Tier 3,Urban
STU_0501,99,70,67,64,87,50,59,79,7.6,5,0,2,ML Intern,Placed,Female,Tier 2,Urban
STU_0502,87,81,61,78,84,58,72,81,6.85,4,0,2,Data Scientist,Placed,Male,Tier 1,Semi-Urban
STU_0503,40,45,68,45,32,63,80,69,5.5,1,0,2,Business Analyst,Not Placed,Female,Tier 2,Urban
STU_0504,53,78,71,52,32,78,75,62,7.47,1,1,3,BI Analyst,Not Placed,Female,Tier 2,Semi-Urban
STU_0505,91,78,64,76,99,65,60,74,8.07,4,1,3,ML Intern,Placed,Male,Tier 3,Semi-Urban
STU_0506,71,81,63,57,50,69,65,70,6.82,2,2,2,Data Analyst,Not Placed,Male,Tier 2,Semi-Urban
STU_0507,80,65,68,81,76,59,48,70,6.11,2,0,2,Data Science Intern,Placed,Male,Tier 1,Urban
STU_0508,61,77,89,66,50,92,74,49,6.62,3,1,3,BI Analyst,Not Placed,Male,Tier 3,Rural
STU_0509,74,85,63,78,66,80,85,70,7.86,3,0,3,Data Science Intern,Placed,Female,Tier 2,Semi-Urban
STU_0510,90,66,61,85,95,55,87,69,6.77,3,0,3,ML Intern,Placed,Male,Tier 3,Urban
STU_0511,72,64,41,66,77,42,54,77,6.91,4,0,2,ML Intern,Not Placed,Male,Tier 3,Urban
STU_0512,44,59,89,52,41,73,69,60,7.5,1,1,2,Business Analyst,Not Placed,Female,Tier 2,Semi-Urban
STU_0513,75,74,79,74,74,59,68,83,6.47,2,0,3,Data Science Intern,Placed,Male,Tier 1,Rural
STU_0514,35,78,89,60,56,77,69,66,6.57,2,1,1,BI Analyst,Not Placed,Male,Tier 1,Semi-Urban
STU_0515,53,81,80,82,67,89,82,77,8.84,3,1,3,Data Analyst,Placed,Female,Tier 1,Semi-Urban
STU_0516,69,80,79,64,56,73,74,60,7.13,4,0,2,Data Analyst,Placed,Male,Tier 1,Urban
STU_0517,48,73,89,63,58,74,90,97,7.87,3,0,3,Business Analyst,Placed,Male,Tier 2,Urban
STU_0518,75,99,83,79,48,87,64,90,8.19,3,2,3,BI Analyst,Placed,Male,Tier 3,Urban
STU_0519,73,76,63,85,72,57,76,66,7.56,3,0,3,Data Science Intern,Not Placed,Female,Tier 3,Semi-Urban
STU_0520,54,64,67,67,35,65,66,64,7.3,2,2,2,Data Analyst,Not Placed,Female,Tier 3,Urban
STU_0521,99,92,56,90,90,56,57,78,7.2,2,0,1,Data Scientist,Placed,Female,Tier 1,Urban
STU_0522,49,59,87,54,36,73,88,71,6.4,3,0,1,Business Analyst,Not Placed,Male,Tier 2,Urban
STU_0523,76,54,56,69,61,53,78,61,6.42,2,0,3,Data Science Intern,Not Placed,Female,Tier 2,Rural
STU_0524,76,85,80,67,69,80,67,66,6.96,3,0,2,BI Analyst,Placed,Female,Tier 1,Semi-Urban
STU_0525,50,61,72,69,43,78,63,71,6.29,2,0,3,BI Analyst,Not Placed,Male,Tier 3,Urban
STU_0526,85,96,80,92,88,72,80,76,7.72,4,0,2,Data Scientist,Placed,Female,Tier 3,Rural
STU_0527,44,50,85,63,33,66,73,71,7.24,1,1,1,Business Analyst,Not Placed,Female,Tier 2,Urban
STU_0528,55,58,83,49,47,73,81,80,7.46,2,0,2,Business Analyst,Not Placed,Male,Tier 3,Urban
STU_0529,65,77,70,83,49,79,77,98,7.36,3,2,3,Data Analyst,Placed,Male,Tier 1,Urban
STU_0530,45,82,71,57,41,76,72,58,6.94,3,1,4,BI Analyst,Not Placed,Male,Tier 2,Urban
STU_0531,66,83,84,61,48,91,68,70,7.08,2,0,3,BI Analyst,Not Placed,Male,Tier 1,Urban
STU_0532,65,63,47,83,62,68,74,60,6.05,2,1,2,Data Science Intern,Placed,Female,Tier 1,Semi-Urban
STU_0533,70,96,82,79,76,62,76,71,7.66,2,1,3,Data Science Intern,Placed,Female,Tier 3,Semi-Urban
STU_0534,63,59,53,69,75,43,53,76,6.57,2,0,2,Data Scientist,Not Placed,Male,Tier 3,Semi-Urban
STU_0535,58,81,85,66,59,83,71,61,7.14,3,1,2,BI Analyst,Placed,Female,Tier 2,Semi-Urban
STU_0536,80,89,84,92,66,80,64,88,8.08,3,1,3,Data Science Intern,Placed,Female,Tier 2,Semi-Urban
STU_0537,48,80,63,66,32,76,62,52,6.66,2,0,3,BI Analyst,Not Placed,Male,Tier 2,Urban
STU_0538,47,72,99,57,50,70,85,74,6.66,1,0,3,Business Analyst,Not Placed,Female,Tier 3,Semi-Urban
STU_0539,89,83,58,86,84,67,61,78,8.0,4,1,2,Data Scientist,Placed,Female,Tier 3,Semi-Urban
STU_0540,77,92,91,69,55,86,81,56,7.64,2,2,3,Data Analyst,Placed,Male,Tier 3,Rural
STU_0541,66,84,65,72,62,60,59,89,7.65,3,1,3,Data Science Intern,Placed,Male,Tier 3,Urban
STU_0542,88,70,61,88,96,60,60,74,7.66,4,0,2,ML Intern,Placed,Male,Tier 2,Urban
STU_0543,59,61,87,66,54,62,94,81,7.03,4,1,1,Business Analyst,Placed,Male,Tier 2,Semi-Urban
STU_0544,97,79,72,94,99,66,70,80,8.0,4,1,2,ML Intern,Placed,Male,Tier 1,Semi-Urban
STU_0545,95,76,54,83,88,46,74,76,7.48,3,0,3,ML Intern,Placed,Male,Tier 1,Urban
STU_0546,64,49,79,59,52,74,86,70,7.17,3,0,2,Business Analyst,Not Placed,Male,Tier 3,Semi-Urban
STU_0547,57,88,73,67,59,74,83,83,7.68,2,1,4,Data Analyst,Placed,Female,Tier 3,Urban
STU_0548,84,71,46,82,99,56,75,72,8.4,4,1,2,ML Intern,Placed,Male,Tier 2,Rural
STU_0549,90,71,59,83,72,49,73,78,7.97,3,1,2,Data Scientist,Placed,Male,Tier 2,Urban
STU_0550,59,78,74,44,41,81,84,70,6.49,2,0,3,BI Analyst,Not Placed,Female,Tier 1,Urban
STU_0551,99,86,60,90,89,56,69,80,8.09,4,1,2,Data Scientist,Placed,Female,Tier 2,Urban
STU_0552,67,64,86,54,37,94,79,79,6.86,3,2,3,BI Analyst,Not Placed,Male,Tier 2,Urban
STU_0553,80,81,53,72,74,56,49,60,6.07,2,0,2,Data Scientist,Not Placed,Male,Tier 2,Urban
STU_0554,87,64,65,74,87,69,67,93,7.94,4,2,2,Data Scientist,Placed,Female,Tier 3,Semi-Urban
STU_0555,42,86,80,46,66,83,65,57,6.91,3,1,2,BI Analyst,Placed,Male,Tier 1,Rural
STU_0556,48,61,84,57,49,69,70,78,7.63,2,0,2,Business Analyst,Not Placed,Male,Tier 2,Urban
STU_0557,46,86,74,71,64,73,78,68,6.99,1,2,2,Data Analyst,Placed,Male,Tier 2,Semi-Urban
STU_0558,76,80,75,74,50,73,65,71,7.04,2,2,4,Data Analyst,Not Placed,Male,Tier 3,Urban
STU_0559,70,69,82,70,53,99,77,72,7.6,4,0,2,BI Analyst,Placed,Male,Tier 3,Urban
STU_0560,88,67,49,80,79,43,56,82,7.15,3,0,3,ML Intern,Placed,Male,Tier 2,Urban
STU_0561,64,74,57,68,91,56,69,57,7.47,3,1,1,ML Intern,Placed,Female,Tier 3,Urban
STU_0562,59,55,88,64,37,76,81,63,7.39,2,1,2,Business Analyst,Not Placed,Female,Tier 2,Semi-Urban
STU_0563,74,80,77,69,58,81,76,64,7.31,4,0,3,Data Analyst,Placed,Other,Tier 1,Urban
STU_0564,60,84,97,70,63,81,67,71,7.07,3,1,3,Data Analyst,Placed,Male,Tier 2,Rural
STU_0565,44,62,90,58,49,60,77,70,6.65,3,0,2,Business Analyst,Placed,Male,Tier 1,Semi-Urban
STU_0566,93,79,71,82,88,69,56,97,7.72,4,0,2,Data Scientist,Placed,Female,Tier 2,Semi-Urban
STU_0567,45,44,83,58,42,77,88,80,6.97,2,0,2,Business Analyst,Not Placed,Female,Tier 3,Rural
STU_0568,92,79,77,77,87,63,76,74,7.58,4,2,2,Data Scientist,Placed,Male,Tier 3,Rural
STU_0569,63,75,69,88,62,72,88,71,7.2,3,1,3,Data Science Intern,Not Placed,Male,Tier 2,Semi-Urban
STU_0570,50,68,93,73,50,93,86,76,8.18,3,0,1,Business Analyst,Placed,Male,Tier 2,Semi-Urban
STU_0571,92,58,57,99,81,48,64,75,6.98,3,1,3,Data Scientist,Placed,Male,Tier 1,Urban
STU_0572,55,83,68,73,48,90,68,78,6.78,2,0,4,BI Analyst,Placed,Male,Tier 2,Semi-Urban
STU_0573,48,64,77,52,50,69,78,75,7.02,3,1,3,Business Analyst,Not Placed,Female,Tier 1,Semi-Urban
STU_0574,90,62,52,77,70,37,63,67,6.78,3,1,3,ML Intern,Placed,Male,Tier 2,Rural
STU_0575,68,91,87,80,51,95,74,92,7.88,3,0,2,BI Analyst,Placed,Other,Tier 3,Urban
STU_0576,81,64,60,77,61,49,66,65,6.2,1,0,3,Data Science Intern,Not Placed,Female,Tier 3,Urban
STU_0577,58,70,62,65,54,71,74,59,7.26,1,0,2,Data Analyst,Not Placed,Male,Tier 1,Urban
STU_0578,61,66,59,75,59,67,77,66,6.52,2,0,4,Data Science Intern,Not Placed,Female,Tier 2,Rural
STU_0579,99,73,73,97,93,63,49,76,7.48,5,0,2,Data Scientist,Placed,Female,Tier 2,Urban
STU_0580,54,63,93,65,47,73,88,97,9.06,4,1,3,Business Analyst,Placed,Male,Tier 1,Semi-Urban
STU_0581,80,72,56,86,85,35,73,86,7.18,3,0,1,Data Scientist,Placed,Male,Tier 2,Urban
STU_0582,65,64,61,68,71,47,59,83,7.35,2,3,3,Data Science Intern,Placed,Male,Tier 2,Urban
STU_0583,78,86,63,71,87,57,63,78,7.35,2,1,2,Data Scientist,Placed,Female,Tier 2,Urban
STU_0584,59,73,99,69,40,74,99,91,8.02,3,1,3,Business Analyst,Placed,Female,Tier 3,Semi-Urban
STU_0585,99,74,51,76,81,32,57,78,6.73,3,0,1,ML Intern,Placed,Male,Tier 2,Urban
STU_0586,47,66,92,54,43,66,80,72,6.86,3,1,1,Business Analyst,Not Placed,Male,Tier 3,Semi-Urban
STU_0587,60,98,78,74,53,92,83,81,7.81,2,2,3,Data Analyst,Placed,Male,Tier 1,Rural
STU_0588,67,83,74,85,49,85,78,68,6.94,3,0,2,Data Analyst,Not Placed,Male,Tier 3,Rural
STU_0589,71,89,94,65,43,75,71,71,7.15,3,0,3,Data Analyst,Placed,Female,Tier 1,Semi-Urban
STU_0590,64,73,89,88,60,88,77,78,7.45,4,0,3,Data Analyst,Placed,Female,Tier 1,Semi-Urban
STU_0591,55,71,64,49,37,67,52,59,5.6,1,1,3,Data Analyst,Placed,Female,Tier 1,Urban
STU_0592,93,78,67,82,80,51,66,64,7.62,3,0,2,ML Intern,Not Placed,Female,Tier 2,Rural
STU_0593,69,80,80,75,44,79,64,65,6.88,2,0,3,Data Analyst,Placed,Female,Tier 2,Urban
STU_0594,35,65,72,56,25,72,84,72,6.1,1,0,1,Business Analyst,Not Placed,Female,Tier 3,Semi-Urban
STU_0595,75,78,85,64,78,58,70,73,7.19,2,0,4,Data Science Intern,Not Placed,Female,Tier 3,Urban
STU_0596,89,83,58,99,75,69,70,74,7.83,5,2,0,Data Scientist,Placed,Male,Tier 2,Urban
STU_0597,87,56,54,67,89,42,58,76,7.34,3,0,2,ML Intern,Placed,Other,Tier 2,Urban
STU_0598,61,86,73,77,70,99,73,81,8.05,3,1,2,Data Analyst,Placed,Male,Tier 2,Semi-Urban
STU_0599,57,99,94,72,69,84,73,82,7.67,3,1,3,Data Analyst,Not Placed,Male,Tier 3,Semi-Urban
STU_0600,61,96,79,67,52,90,70,66,7.35,4,0,3,Data Analyst,Not Placed,Male,Tier 3,Semi-Urban
STU_0601,66,90,79,68,76,80,74,75,7.83,4,0,3,Data Analyst,Placed,Male,Tier 2,Urban
STU_0602,51,70,95,61,39,85,88,97,7.91,3,1,2,Business Analyst,Placed,Female,Tier 2,Rural
STU_0603,46,84,95,66,51,81,64,68,7.57,3,0,2,Data Analyst,Not Placed,Male,Tier 3,Urban
STU_0604,51,69,81,63,46,76,58,56,5.82,0,0,3,Data Analyst,Not Placed,Female,Tier 1,Urban
STU_0605,56,81,71,63,47,93,46,67,7.06,3,2,3,Data Analyst,Placed,Male,Tier 1,Semi-Urban
STU_0606,94,73,61,81,73,37,63,66,7.24,3,0,2,Data Scientist,Placed,Male,Tier 2,Rural
STU_0607,55,69,99,89,57,79,87,94,8.55,4,1,2,Business Analyst,Placed,Male,Tier 3,Urban
STU_0608,62,59,65,64,52,59,85,83,7.49,2,0,2,Business Analyst,Not Placed,Female,Tier 2,Semi-Urban
STU_0609,85,71,68,82,71,43,76,81,7.52,3,1,2,Data Scientist,Placed,Female,Tier 3,Semi-Urban
STU_0610,89,67,53,73,86,37,59,74,7.11,3,2,2,ML Intern,Placed,Male,Tier 1,Rural
STU_0611,67,82,86,78,60,82,68,63,7.06,3,1,2,Data Analyst,Placed,Male,Tier 2,Urban
STU_0612,70,99,89,85,45,86,89,80,8.13,4,0,1,BI Analyst,Placed,Other,Tier 2,Urban
STU_0613,93,65,44,73,71,38,66,77,6.76,2,0,1,ML Intern,Not Placed,Male,Tier 3,Urban
STU_0614,66,70,78,60,62,75,61,71,7.54,3,2,3,Data Analyst,Not Placed,Male,Tier 2,Urban
STU_0615,47,87,69,48,28,82,66,56,6.8,1,0,2,BI Analyst,Not Placed,Male,Tier 2,Urban
STU_0616,76,70,58,79,68,49,54,72,5.5,2,0,1,Data Science Intern,Not Placed,Male,Tier 1,Rural
STU_0617,62,80,71,70,43,74,76,62,6.27,1,1,3,Data Analyst,Not Placed,Male,Tier 2,Urban
STU_0618,38,54,91,62,44,68,88,73,6.31,2,0,3,Business Analyst,Not Placed,Male,Tier 3,Rural
STU_0619,56,72,69,55,43,83,74,40,6.9,2,0,2,BI Analyst,Not Placed,Female,Tier 2,Urban
STU_0620,46,74,86,50,46,94,61,69,6.77,2,0,2,BI Analyst,Not Placed,Female,Tier 3,Rural
STU_0621,49,71,67,55,65,77,69,67,6.36,1,0,3,Data Analyst,Not Placed,Female,Tier 3,Semi-Urban
STU_0622,38,65,92,53,52,77,98,76,6.71,3,0,3,Business Analyst,Placed,Female,Tier 1,Urban
STU_0623,34,52,87,39,25,65,74,73,6.43,2,0,3,Business Analyst,Not Placed,Female,Tier 3,Semi-Urban
STU_0624,96,76,50,99,78,54,78,77,7.81,4,0,2,Data Scientist,Placed,Female,Tier 2,Urban
STU_0625,86,72,63,76,98,34,68,68,6.71,2,1,1,ML Intern,Placed,Female,Tier 1,Urban
STU_0626,53,56,72,58,44,70,70,69,5.71,2,2,3,Business Analyst,Not Placed,Male,Tier 2,Urban
STU_0627,83,74,64,67,83,54,58,69,6.91,3,2,2,Data Scientist,Placed,Male,Tier 3,Urban
STU_0628,51,49,69,52,48,76,69,78,7.28,2,0,3,BI Analyst,Not Placed,Female,Tier 2,Semi-Urban
STU_0629,71,90,78,74,52,78,73,67,7.89,1,1,4,Data Analyst,Placed,Female,Tier 1,Semi-Urban
STU_0630,68,68,95,78,59,68,95,93,8.1,4,0,2,Business Analyst,Placed,Other,Tier 3,Urban
STU_0631,83,50,40,76,71,38,64,64,5.72,0,1,2,ML Intern,Not Placed,Female,Tier 3,Rural
STU_0632,69,66,68,66,69,65,78,78,7.48,2,0,4,Data Science Intern,Placed,Male,Tier 2,Rural
STU_0633,79,84,57,74,80,68,66,75,6.85,3,0,2,Data Scientist,Placed,Male,Tier 2,Urban
STU_0634,99,69,54,75,88,63,81,81,7.23,4,2,1,Data Scientist,Placed,Female,Tier 1,Urban
STU_0635,60,83,82,57,73,83,71,76,6.48,3,1,3,Data Analyst,Placed,Male,Tier 2,Urban
STU_0636,87,71,52,85,81,48,73,74,6.68,2,0,3,Data Scientist,Not Placed,Male,Tier 2,Semi-Urban
STU_0637,89,85,59,85,86,51,65,75,6.69,3,1,2,Data Scientist,Placed,Female,Tier 2,Urban
STU_0638,39,75,69,46,51,73,73,81,6.66,2,1,3,Business Analyst,Placed,Male,Tier 1,Urban
STU_0639,66,67,99,52,56,86,97,84,6.94,3,0,3,Business Analyst,Not Placed,Female,Tier 3,Semi-Urban
STU_0640,48,65,90,65,53,64,83,73,7.17,2,1,1,Business Analyst,Not Placed,Female,Tier 2,Semi-Urban
STU_0641,69,99,90,97,63,88,78,75,7.39,3,0,3,Data Analyst,Placed,Male,Tier 2,Urban
STU_0642,49,70,85,54,38,68,85,89,7.44,1,1,1,Business Analyst,Not Placed,Male,Tier 2,Rural
STU_0643,36,56,82,43,35,63,75,78,6.86,1,0,2,Business Analyst,Not Placed,Male,Tier 2,Semi-Urban
STU_0644,41,50,80,65,50,50,82,71,6.09,2,1,3,Business Analyst,Not Placed,Female,Tier 1,Urban
STU_0645,54,70,72,60,39,62,56,63,6.22,2,0,3,Data Analyst,Not Placed,Male,Tier 2,Semi-Urban
STU_0646,71,70,53,69,69,63,60,62,5.81,2,0,3,Data Science Intern,Not Placed,Male,Tier 2,Urban
STU_0647,88,69,60,91,88,57,69,71,7.29,4,0,1,Data Scientist,Placed,Other,Tier 1,Semi-Urban
STU_0648,94,70,54,78,88,49,69,74,7.68,4,0,1,ML Intern,Placed,Male,Tier 1,Urban
STU_0649,60,83,63,55,35,76,81,60,5.5,2,1,3,BI Analyst,Not Placed,Male,Tier 2,Urban
STU_0650,92,85,57,82,77,56,49,85,7.48,4,0,2,Data Scientist,Placed,Male,Tier 1,Urban
STU_0651,75,81,67,61,46,68,72,74,6.8,3,1,1,Data Analyst,Placed,Male,Tier 2,Urban
STU_0652,77,82,72,99,99,52,88,74,7.12,2,1,3,Data Scientist,Placed,Other,Tier 2,Semi-Urban
STU_0653,89,87,64,95,80,64,84,84,8.58,3,0,2,Data Scientist,Placed,Male,Tier 2,Semi-Urban
STU_0654,62,88,91,54,57,88,80,82,7.24,2,0,4,BI Analyst,Not Placed,Male,Tier 3,Urban
STU_0655,75,67,44,79,91,56,55,71,6.72,2,0,1,Data Scientist,Placed,Female,Tier 2,Urban
STU_0656,46,69,78,55,56,73,64,63,5.89,3,1,3,Data Analyst,Not Placed,Female,Tier 3,Semi-Urban
STU_0657,45,57,76,53,33,65,72,69,6.34,1,0,2,Business Analyst,Not Placed,Male,Tier 3,Urban
STU_0658,44,55,75,60,51,77,72,86,6.58,3,1,3,Business Analyst,Not Placed,Female,Tier 3,Urban
STU_0659,83,71,46,78,87,38,66,83,6.82,4,0,3,ML Intern,Placed,Female,Tier 1,Semi-Urban
STU_0660,79,81,54,85,60,71,72,69,6.49,3,3,3,Data Scientist,Placed,Male,Tier 3,Rural
STU_0661,35,64,73,63,47,64,93,85,7.24,3,0,3,Business Analyst,Not Placed,Female,Tier 3,Rural
STU_0662,82,72,55,83,68,52,79,88,7.27,3,0,4,Data Science Intern,Placed,Female,Tier 2,Semi-Urban
STU_0663,85,83,54,74,80,61,55,78,7.89,4,1,3,ML Intern,Placed,Male,Tier 2,Urban
STU_0664,43,55,88,54,39,77,94,82,6.87,2,0,1,Business Analyst,Not Placed,Female,Tier 3,Semi-Urban
STU_0665,58,79,81,71,45,84,69,58,7.04,2,1,3,Data Analyst,Not Placed,Other,Tier 2,Urban
STU_0666,57,80,82,84,56,74,72,70,7.17,2,1,3,Data Analyst,Placed,Female,Tier 2,Urban
STU_0667,47,61,88,54,52,73,74,91,6.31,2,0,2,Business Analyst,Not Placed,Male,Tier 3,Semi-Urban
STU_0668,72,83,99,91,59,81,74,82,7.42,3,0,3,Data Analyst,Placed,Male,Tier 2,Semi-Urban
STU_0669,71,86,80,79,49,85,65,73,7.05,1,1,2,Data Analyst,Placed,Female,Tier 1,Urban
STU_0670,49,62,81,70,40,67,99,87,7.39,3,1,1,Business Analyst,Placed,Male,Tier 2,Urban
STU_0671,48,81,70,64,32,81,63,74,7.31,4,1,2,Data Analyst,Placed,Female,Tier 2,Semi-Urban
STU_0672,63,74,63,87,82,69,67,88,6.96,2,0,2,Data Science Intern,Placed,Male,Tier 3,Rural
STU_0673,55,76,84,90,55,81,62,82,8.2,3,1,2,Data Analyst,Placed,Male,Tier 2,Semi-Urban
STU_0674,94,83,57,80,74,60,59,69,6.77,5,0,2,Data Scientist,Not Placed,Female,Tier 3,Urban
STU_0675,44,55,77,60,43,67,83,70,6.01,3,0,2,Business Analyst,Not Placed,Female,Tier 2,Rural
STU_0676,77,75,56,84,65,64,79,81,6.91,2,0,3,Data Science Intern,Placed,Male,Tier 2,Semi-Urban
STU_0677,57,74,81,67,42,66,47,65,5.87,2,0,1,Data Analyst,Not Placed,Male,Tier 1,Semi-Urban
STU_0678,50,71,87,71,40,81,82,86,7.3,2,1,3,Business Analyst,Placed,Female,Tier 2,Urban
STU_0679,63,74,50,73,73,58,60,78,6.95,2,0,3,Data Science Intern,Not Placed,Female,Tier 3,Urban
STU_0680,54,75,77,81,56,94,76,70,6.9,2,1,3,BI Analyst,Placed,Female,Tier 1,Urban
STU_0681,37,74,74,47,39,71,73,75,7.43,2,0,4,BI Analyst,Not Placed,Male,Tier 3,Urban
STU_0682,49,56,67,36,25,53,69,69,5.73,0,0,2,Business Analyst,Not Placed,Male,Tier 2,Urban
STU_0683,52,82,76,65,58,66,68,67,7.04,2,0,2,Data Analyst,Not Placed,Female,Tier 1,Semi-Urban
STU_0684,84,75,61,71,85,53,60,79,7.68,3,1,2,ML Intern,Placed,Female,Tier 1,Urban
STU_0685,77,87,54,75,64,67,57,75,7.04,3,0,4,Data Science Intern,Not Placed,Male,Tier 3,Rural
STU_0686,75,65,44,75,85,53,66,83,6.74,3,1,0,Data Scientist,Not Placed,Female,Tier 2,Urban
STU_0687,93,78,70,86,85,53,79,79,7.77,4,1,2,Data Scientist,Placed,Male,Tier 2,Semi-Urban
STU_0688,47,50,83,50,40,74,87,76,6.9,2,1,1,Business Analyst,Not Placed,Male,Tier 2,Semi-Urban
STU_0689,48,99,96,72,47,90,75,84,7.13,3,2,3,BI Analyst,Placed,Female,Tier 2,Semi-Urban
STU_0690,66,78,79,79,66,92,76,70,6.78,2,0,3,Data Analyst,Not Placed,Male,Tier 2,Urban
STU_0691,25,61,81,58,42,59,86,82,6.58,3,0,2,Business Analyst,Not Placed,Female,Tier 2,Semi-Urban
STU_0692,99,92,73,90,90,68,76,92,7.85,4,0,1,Data Scientist,Placed,Male,Tier 3,Rural
STU_0693,84,86,71,79,47,61,56,64,6.2,2,0,3,Data Scientist,Not Placed,Male,Tier 2,Rural
STU_0694,52,63,93,53,42,79,94,89,7.57,3,0,1,Business Analyst,Placed,Female,Tier 1,Semi-Urban
STU_0695,61,80,81,75,68,68,71,65,7.95,3,0,3,Data Analyst,Not Placed,Male,Tier 2,Semi-Urban
STU_0696,70,72,55,78,90,43,55,87,6.55,3,1,3,ML Intern,Placed,Female,Tier 2,Urban
STU_0697,55,74,91,53,37,75,99,93,7.65,3,0,2,Business Analyst,Placed,Male,Tier 2,Rural
STU_0698,91,67,71,76,82,57,63,85,6.83,3,0,2,Data Scientist,Placed,Female,Tier 3,Rural
STU_0699,58,73,82,66,79,85,66,64,7.0,2,0,4,Data Analyst,Not Placed,Male,Tier 3,Semi-Urban
STU_0700,72,70,62,96,92,61,65,79,6.93,4,0,3,Data Scientist,Placed,Female,Tier 2,Semi-Urban
STU_0701,80,88,58,83,65,56,72,67,6.45,3,0,1,Data Scientist,Placed,Female,Tier 2,Semi-Urban
STU_0702,60,92,73,80,52,79,64,77,7.61,3,1,3,Data Analyst,Placed,Other,Tier 3,Urban
STU_0703,72,72,81,72,47,86,95,62,7.38,2,0,1,Business Analyst,Not Placed,Female,Tier 3,Rural
STU_0704,46,80,72,52,39,55,59,78,6.39,1,1,3,Data Analyst,Not Placed,Male,Tier 2,Semi-Urban
STU_0705,75,99,93,82,73,87,73,84,7.38,3,0,4,Data Analyst,Placed,Male,Tier 2,Semi-Urban
STU_0706,77,60,51,68,68,60,49,78,5.91,2,1,2,Data Science Intern,Not Placed,Female,Tier 3,Semi-Urban
STU_0707,50,65,82,85,52,71,97,91,8.35,2,0,2,Business Analyst,Placed,Female,Tier 2,Rural
STU_0708,60,92,77,64,39,82,93,88,7.45,2,2,3,BI Analyst,Placed,Male,Tier 2,Semi-Urban
STU_0709,45,69,77,53,40,66,78,83,6.36,1,0,3,Business Analyst,Not Placed,Male,Tier 3,Urban
STU_0710,85,71,60,79,77,38,61,71,6.43,2,0,2,ML Intern,Not Placed,Female,Tier 3,Semi-Urban
STU_0711,51,74,92,46,28,83,66,67,5.96,2,0,3,BI Analyst,Not Placed,Female,Tier 1,Rural
STU_0712,88,85,48,79,84,63,81,82,7.51,3,1,1,Data Scientist,Placed,Female,Tier 2,Semi-Urban
STU_0713,83,68,54,78,85,58,55,71,6.98,4,0,1,Data Scientist,Not Placed,Male,Tier 2,Rural
STU_0714,60,69,92,67,61,78,86,77,7.61,3,0,1,Business Analyst,Not Placed,Male,Tier 3,Rural
STU_0715,58,50,89,65,41,72,98,88,7.29,3,0,3,Business Analyst,Not Placed,Male,Tier 3,Semi-Urban
STU_0716,82,81,73,91,78,58,87,82,8.06,3,1,4,Data Science Intern,Placed,Male,Tier 3,Urban
STU_0717,49,68,78,58,57,81,65,74,7.17,4,1,3,BI Analyst,Placed,Female,Tier 2,Urban
STU_0718,80,72,69,74,71,70,72,70,7.38,3,1,4,Data Science Intern,Placed,Female,Tier 1,Semi-Urban
STU_0719,64,56,87,47,39,69,58,69,6.32,1,1,3,Data Analyst,Not Placed,Male,Tier 2,Urban
STU_0720,74,66,46,76,81,47,54,66,6.22,3,0,2,ML Intern,Not Placed,Male,Tier 2,Semi-Urban
STU_0721,81,84,65,73,79,67,79,70,7.79,3,1,4,Data Science Intern,Placed,Male,Tier 2,Semi-Urban
STU_0722,57,86,82,75,55,92,74,79,8.3,3,2,2,Data Analyst,Placed,Female,Tier 2,Urban
STU_0723,57,77,74,66,40,82,60,54,5.73,3,0,2,Data Analyst,Not Placed,Male,Tier 2,Semi-Urban
STU_0724,54,71,80,76,39,86,58,70,6.35,3,0,2,BI Analyst,Not Placed,Male,Tier 3,Semi-Urban
STU_0725,78,71,52,89,89,58,59,88,7.4,3,0,2,Data Scientist,Placed,Female,Tier 1,Urban
STU_0726,52,65,83,55,57,85,80,82,7.57,3,1,3,BI Analyst,Not Placed,Female,Tier 3,Urban
STU_0727,49,74,75,75,43,69,68,62,6.07,1,0,4,Data Analyst,Not Placed,Female,Tier 2,Rural
STU_0728,59,70,97,54,48,88,90,62,7.63,3,2,2,BI Analyst,Placed,Male,Tier 3,Urban
STU_0729,63,65,85,50,47,64,92,70,6.85,3,1,2,Business Analyst,Not Placed,Male,Tier 2,Urban
STU_0730,61,78,73,73,56,87,55,78,7.36,3,0,3,Data Analyst,Not Placed,Male,Tier 1,Urban
STU_0731,84,81,97,69,44,78,79,66,7.21,2,0,2,Data Analyst,Not Placed,Female,Tier 2,Urban
STU_0732,52,84,78,66,50,90,71,72,7.33,2,0,3,BI Analyst,Placed,Female,Tier 1,Semi-Urban
STU_0733,77,75,47,84,82,49,56,64,7.13,3,1,2,ML Intern,Placed,Female,Tier 1,Urban
STU_0734,71,68,57,85,89,54,59,65,6.91,3,0,2,Data Scientist,Placed,Male,Tier 3,Rural
STU_0735,53,72,93,65,49,84,87,84,7.05,2,0,2,Business Analyst,Not Placed,Female,Tier 1,Urban
STU_0736,52,68,71,60,47,99,73,77,6.65,2,2,3,BI Analyst,Placed,Male,Tier 2,Semi-Urban
STU_0737,45,58,73,53,48,71,91,80,7.52,2,0,1,Business Analyst,Not Placed,Male,Tier 1,Urban
STU_0738,61,99,85,79,53,99,89,80,8.02,2,1,3,BI Analyst,Placed,Male,Tier 2,Rural
STU_0739,70,79,72,91,88,48,63,82,7.11,4,1,2,Data Scientist,Placed,Female,Tier 3,Semi-Urban
STU_0740,52,70,81,62,44,63,67,82,6.67,3,0,0,Business Analyst,Not Placed,Male,Tier 2,Rural
STU_0741,90,75,51,92,83,66,83,63,7.56,4,1,2,Data Scientist,Placed,Female,Tier 2,Semi-Urban
STU_0742,43,59,93,46,58,71,83,77,7.16,1,0,2,Business Analyst,Not Placed,Female,Tier 3,Semi-Urban
STU_0743,59,94,76,70,51,86,99,79,7.34,3,1,3,BI Analyst,Placed,Male,Tier 1,Rural
STU_0744,91,86,51,99,65,54,64,82,7.97,4,2,2,Data Scientist,Placed,Female,Tier 3,Urban
STU_0745,51,60,83,52,33,77,90,91,7.14,3,0,2,Business Analyst,Not Placed,Male,Tier 2,Semi-Urban
STU_0746,70,79,65,86,80,66,68,81,7.53,3,0,3,Data Science Intern,Placed,Male,Tier 1,Urban
STU_0747,47,49,66,50,49,73,69,63,6.12,2,1,3,Business Analyst,Not Placed,Female,Tier 2,Semi-Urban
STU_0748,89,62,58,74,88,47,69,72,6.43,3,0,1,Data Scientist,Placed,Female,Tier 1,Rural
STU_0749,70,51,43,67,66,48,54,70,6.33,2,0,4,Data Science Intern,Not Placed,Male,Tier 3,Rural
STU_0750,91,68,61,70,84,63,63,76,7.54,3,0,2,ML Intern,Placed,Female,Tier 1,Urban
STU_0751,88,80,95,89,58,93,69,74,8.14,4,2,2,Data Analyst,Placed,Female,Tier 1,Urban
STU_0752,88,89,85,98,81,82,77,90,8.71,5,0,2,Data Science Intern,Placed,Male,Tier 2,Urban
STU_0753,91,75,60,69,81,54,53,83,7.33,3,0,1,ML Intern,Placed,Male,Tier 2,Urban
STU_0754,59,67,78,73,63,76,91,84,7.47,2,1,1,Business Analyst,Placed,Female,Tier 3,Urban
STU_0755,57,72,71,66,61,58,58,52,5.74,1,1,3,Data Analyst,Not Placed,Male,Tier 2,Urban
STU_0756,65,73,64,64,58,88,73,70,7.2,3,0,3,BI Analyst,Not Placed,Female,Tier 3,Rural
STU_0757,93,58,49,71,73,44,66,74,6.34,3,0,3,ML Intern,Not Placed,Female,Tier 3,Semi-Urban
STU_0758,87,74,61,75,77,56,65,75,6.61,3,1,3,Data Scientist,Placed,Male,Tier 2,Semi-Urban
STU_0759,72,68,88,81,72,59,64,70,6.89,2,0,2,Data Science Intern,Not Placed,Other,Tier 3,Semi-Urban
STU_0760,56,64,64,55,47,82,83,57,6.69,2,0,1,BI Analyst,Not Placed,Male,Tier 2,Semi-Urban
STU_0761,46,84,71,65,57,63,57,58,6.17,1,0,4,Data Analyst,Not Placed,Female,Tier 1,Rural
STU_0762,39,63,94,68,53,73,84,93,7.44,2,0,3,Business Analyst,Not Placed,Male,Tier 2,Semi-Urban
STU_0763,41,59,80,66,47,57,71,79,6.94,2,0,2,Business Analyst,Not Placed,Female,Tier 1,Urban
STU_0764,57,78,87,65,50,93,72,83,6.96,2,0,3,BI Analyst,Not Placed,Male,Tier 3,Semi-Urban
STU_0765,66,97,99,68,60,97,87,79,8.4,3,1,3,Data Analyst,Placed,Female,Tier 1,Rural
STU_0766,75,79,64,71,68,55,66,69,6.28,3,0,2,Data Scientist,Not Placed,Male,Tier 2,Urban
STU_0767,48,62,49,46,36,71,53,44,5.73,2,0,2,BI Analyst,Not Placed,Male,Tier 2,Semi-Urban
STU_0768,51,85,86,69,40,76,76,73,6.92,3,0,3,BI Analyst,Not Placed,Male,Tier 2,Urban
STU_0769,59,52,83,65,54,83,92,88,7.71,3,1,2,Business Analyst,Placed,Female,Tier 1,Urban
STU_0770,66,95,90,72,56,96,87,82,8.69,4,0,3,BI Analyst,Placed,Male,Tier 3,Rural
STU_0771,59,86,76,57,52,62,54,66,6.13,2,0,3,Data Analyst,Not Placed,Female,Tier 1,Urban
STU_0772,62,73,78,60,47,96,82,72,7.6,2,0,3,BI Analyst,Not Placed,Female,Tier 3,Urban
STU_0773,56,70,88,70,44,81,65,66,6.55,2,2,2,Data Analyst,Placed,Female,Tier 3,Urban
STU_0774,53,56,81,60,41,76,98,74,7.08,2,0,1,Business Analyst,Not Placed,Male,Tier 2,Rural
STU_0775,57,78,90,70,63,99,75,70,8.27,4,0,3,BI Analyst,Placed,Female,Tier 1,Urban
STU_0776,57,76,69,48,48,80,63,56,5.97,2,1,2,Data Analyst,Not Placed,Male,Tier 1,Rural
STU_0777,52,53,93,62,33,71,90,79,7.22,2,1,2,Business Analyst,Not Placed,Female,Tier 3,Urban
STU_0778,86,61,61,75,72,50,72,73,8.02,3,0,2,ML Intern,Placed,Female,Tier 1,Rural
STU_0779,99,77,62,82,91,53,65,83,7.79,4,1,1,ML Intern,Placed,Male,Tier 1,Rural
STU_0780,79,60,46,94,90,53,55,79,7.74,2,0,2,ML Intern,Placed,Male,Tier 2,Urban
STU_0781,87,71,48,81,84,46,69,64,7.36,3,0,3,ML Intern,Not Placed,Male,Tier 2,Urban
STU_0782,87,79,51,76,78,58,63,77,6.73,3,0,2,Data Scientist,Placed,Male,Tier 1,Urban
STU_0783,65,60,72,68,59,76,78,80,7.8,2,1,2,Business Analyst,Placed,Female,Tier 2,Semi-Urban
STU_0784,40,65,72,56,36,71,81,80,7.05,4,0,2,Business Analyst,Not Placed,Male,Tier 2,Urban
STU_0785,65,78,88,71,48,98,75,72,7.25,2,0,2,Data Analyst,Not Placed,Female,Tier 1,Urban
STU_0786,83,84,62,76,61,59,65,72,7.04,2,2,2,Data Science Intern,Placed,Male,Tier 2,Urban
STU_0787,89,82,64,77,77,56,66,86,7.22,3,3,3,Data Scientist,Placed,Female,Tier 2,Urban
STU_0788,41,59,91,58,48,71,87,78,6.39,2,1,1,Business Analyst,Not Placed,Female,Tier 3,Urban
STU_0789,96,70,63,92,92,75,69,93,8.1,4,0,2,Data Scientist,Placed,Female,Tier 1,Rural
STU_0790,69,82,71,68,72,61,72,70,7.45,2,2,3,Data Science Intern,Placed,Male,Tier 2,Rural
STU_0791,51,83,70,65,41,82,54,57,6.68,2,0,4,Data Analyst,Not Placed,Female,Tier 2,Urban
STU_0792,99,79,78,97,87,51,72,83,8.0,4,1,1,Data Scientist,Placed,Male,Tier 2,Semi-Urban
STU_0793,89,83,50,85,83,62,65,57,6.47,3,0,1,Data Scientist,Placed,Male,Tier 1,Semi-Urban
STU_0794,82,56,49,82,85,55,61,61,7.0,3,1,2,ML Intern,Placed,Female,Tier 1,Semi-Urban
STU_0795,40,80,75,58,36,70,64,72,7.04,1,0,4,Data Analyst,Not Placed,Female,Tier 3,Semi-Urban
STU_0796,64,99,77,75,55,98,78,85,8.5,4,1,3,BI Analyst,Placed,Male,Tier 2,Semi-Urban
STU_0797,66,56,54,63,63,42,57,64,5.8,2,0,2,Data Science Intern,Not Placed,Female,Tier 2,Semi-Urban
STU_0798,99,99,81,99,99,76,85,78,8.92,5,1,2,Data Scientist,Placed,Female,Tier 3,Semi-Urban
STU_0799,89,62,69,83,90,62,70,71,7.48,4,1,2,ML Intern,Placed,Male,Tier 2,Urban
STU_0800,75,71,53,71,70,62,58,82,7.42,2,0,2,Data Science Intern,Not Placed,Male,Tier 2,Urban
STU_0801,85,68,57,72,89,47,55,78,6.53,4,0,1,ML Intern,Not Placed,Female,Tier 2,Urban
STU_0802,75,89,88,66,41,91,85,83,7.54,1,0,4,Data Analyst,Not Placed,Male,Tier 3,Semi-Urban
STU_0803,85,70,55,74,84,73,68,81,7.62,4,0,3,Data Scientist,Placed,Female,Tier 2,Urban
STU_0804,99,68,72,96,88,49,70,75,7.69,3,3,2,ML Intern,Placed,Female,Tier 2,Semi-Urban
STU_0805,79,88,72,88,75,52,70,75,7.48,4,0,1,Data Scientist,Placed,Female,Tier 2,Urban
STU_0806,84,76,60,89,79,48,68,78,7.69,3,1,2,ML Intern,Placed,Male,Tier 3,Rural
STU_0807,85,74,78,78,77,59,67,78,7.29,2,1,3,Data Science Intern,Not Placed,Female,Tier 3,Urban
STU_0808,85,77,64,85,53,51,72,71,6.8,3,1,3,Data Science Intern,Placed,Male,Tier 2,Semi-Urban
STU_0809,89,76,63,77,85,64,74,90,6.78,2,1,2,Data Scientist,Placed,Male,Tier 2,Semi-Urban
STU_0810,69,90,74,70,56,92,69,82,7.47,4,2,2,Data Analyst,Placed,Male,Tier 2,Urban
STU_0811,77,74,70,75,70,52,69,71,7.65,2,0,3,Data Science Intern,Not Placed,Female,Tier 1,Urban
STU_0812,37,68,68,49,41,76,57,52,5.5,0,0,1,BI Analyst,Not Placed,Female,Tier 3,Rural
STU_0813,68,90,94,80,51,81,76,81,7.87,3,1,1,Data Analyst,Placed,Male,Tier 1,Urban
STU_0814,82,72,57,68,73,66,61,73,7.68,3,0,4,Data Science Intern,Placed,Male,Tier 2,Rural
STU_0815,61,71,86,59,57,82,66,66,6.78,3,0,3,BI Analyst,Not Placed,Male,Tier 2,Rural
STU_0816,82,71,56,85,79,56,51,77,6.8,2,0,2,Data Scientist,Not Placed,Male,Tier 2,Semi-Urban
STU_0817,90,94,59,76,92,66,64,70,7.78,5,2,2,Data Scientist,Placed,Female,Tier 2,Semi-Urban
STU_0818,66,77,70,61,62,73,86,83,7.98,3,1,2,Business Analyst,Placed,Female,Tier 3,Semi-Urban
STU_0819,50,65,84,50,50,81,53,59,7.2,2,0,3,Data Analyst,Not Placed,Female,Tier 2,Semi-Urban
STU_0820,61,68,81,71,56,76,80,79,6.75,3,1,2,Business Analyst,Placed,Female,Tier 1,Rural
STU_0821,53,74,80,46,32,82,65,60,6.41,2,0,2,BI Analyst,Not Placed,Female,Tier 2,Urban
STU_0822,42,75,73,66,46,70,70,53,6.18,2,0,3,Data Analyst,Not Placed,Male,Tier 1,Urban
STU_0823,51,46,75,48,48,68,82,69,6.23,3,0,1,Business Analyst,Not Placed,Male,Tier 1,Urban
STU_0824,52,61,91,57,59,64,83,97,7.45,3,1,2,Business Analyst,Placed,Male,Tier 1,Semi-Urban
STU_0825,87,71,66,85,80,55,92,79,7.82,4,1,3,Data Scientist,Placed,Male,Tier 1,Urban
STU_0826,62,86,72,72,66,70,69,60,7.31,3,0,2,Data Science Intern,Not Placed,Female,Tier 2,Rural
STU_0827,67,62,99,73,41,83,84,70,6.99,2,1,3,Business Analyst,Not Placed,Female,Tier 2,Urban
STU_0828,49,68,83,60,56,75,81,88,8.42,2,1,2,Business Analyst,Placed,Female,Tier 1,Rural
STU_0829,84,46,54,78,83,53,54,73,6.81,2,0,3,ML Intern,Not Placed,Male,Tier 3,Urban
STU_0830,75,81,77,79,78,55,69,70,7.4,3,0,2,Data Scientist,Placed,Male,Tier 1,Urban
STU_0831,57,72,92,51,56,83,95,87,7.2,2,1,3,Business Analyst,Placed,Female,Tier 3,Urban
STU_0832,90,88,78,81,94,61,69,68,7.64,3,1,1,Data Scientist,Placed,Female,Tier 2,Urban
STU_0833,66,80,82,66,55,81,75,64,7.76,3,0,3,Data Analyst,Placed,Male,Tier 1,Semi-Urban
STU_0834,55,88,78,80,57,86,82,71,6.86,3,0,3,Data Analyst,Not Placed,Female,Tier 3,Rural
STU_0835,82,84,66,84,94,58,68,78,6.94,4,0,2,Data Scientist,Placed,Female,Tier 2,Urban
STU_0836,48,68,99,69,51,76,93,91,8.02,4,2,3,Business Analyst,Placed,Male,Tier 2,Semi-Urban
STU_0837,78,69,67,78,62,63,52,75,7.76,2,0,2,Data Science Intern,Not Placed,Male,Tier 2,Urban
STU_0838,51,63,77,58,51,78,80,77,6.7,3,0,1,Business Analyst,Not Placed,Female,Tier 3,Urban
STU_0839,93,64,57,93,88,60,54,75,7.39,4,2,2,Data Scientist,Placed,Female,Tier 2,Semi-Urban
STU_0840,78,67,44,67,67,55,55,71,6.6,3,0,2,ML Intern,Not Placed,Male,Tier 1,Urban
STU_0841,59,71,67,57,43,77,59,80,6.66,2,1,4,Data Analyst,Placed,Female,Tier 1,Rural
STU_0842,93,73,52,89,84,49,63,79,7.4,4,2,2,ML Intern,Placed,Female,Tier 3,Semi-Urban
STU_0843,63,74,72,69,53,71,52,64,7.21,2,0,3,Data Analyst,Not Placed,Female,Tier 1,Urban
STU_0844,77,84,54,70,66,71,66,64,7.37,3,0,4,Data Science Intern,Placed,Male,Tier 1,Semi-Urban
STU_0845,57,69,61,52,56,71,59,59,5.59,1,0,2,Data Analyst,Not Placed,Other,Tier 2,Urban
STU_0846,53,65,87,62,53,73,79,76,7.2,2,0,2,Business Analyst,Not Placed,Male,Tier 3,Semi-Urban
STU_0847,47,97,86,62,50,73,80,59,7.2,2,1,3,Data Analyst,Not Placed,Female,Tier 2,Rural
STU_0848,71,67,67,70,53,56,57,69,6.52,2,1,3,Data Science Intern,Not Placed,Female,Tier 2,Rural
STU_0849,99,66,57,83,82,67,68,82,7.63,4,1,1,Data Scientist,Placed,Male,Tier 3,Urban
STU_0850,85,82,71,83,93,63,79,79,7.95,3,1,1,Data Scientist,Placed,Male,Tier 1,Urban
STU_0851,57,74,71,62,48,61,71,48,6.49,2,0,3,Data Analyst,Not Placed,Female,Tier 2,Semi-Urban
STU_0852,47,75,77,70,30,78,54,66,7.23,1,3,2,BI Analyst,Not Placed,Female,Tier 3,Rural
STU_0853,48,70,81,64,46,65,71,78,6.52,2,0,3,Business Analyst,Not Placed,Male,Tier 3,Rural
STU_0854,58,77,59,79,62,59,65,67,6.06,3,2,2,Data Science Intern,Placed,Male,Tier 1,Urban
STU_0855,51,69,81,55,58,82,90,97,7.72,3,1,2,Business Analyst,Placed,Male,Tier 2,Semi-Urban
STU_0856,59,91,80,59,65,84,66,74,7.64,2,0,2,Data Analyst,Placed,Male,Tier 1,Rural
STU_0857,58,87,61,59,58,75,68,59,6.77,3,1,2,Data Analyst,Not Placed,Female,Tier 3,Urban
STU_0858,89,75,48,71,80,63,63,82,6.14,2,0,1,Data Scientist,Not Placed,Female,Tier 3,Rural
STU_0859,81,73,54,90,86,60,75,88,7.72,4,0,2,Data Scientist,Placed,Female,Tier 1,Urban
STU_0860,44,71,80,58,40,79,52,62,6.42,2,0,3,Data Analyst,Not Placed,Male,Tier 2,Urban
STU_0861,59,76,84,58,59,85,79,76,7.14,2,0,3,BI Analyst,Not Placed,Female,Tier 3,Urban
STU_0862,82,62,64,86,88,58,64,92,6.94,4,1,2,Data Scientist,Placed,Male,Tier 1,Semi-Urban
STU_0863,81,88,62,88,86,59,77,93,7.12,4,1,1,Data Scientist,Placed,Female,Tier 1,Rural
STU_0864,82,70,46,81,92,49,57,65,5.93,2,3,2,Data Scientist,Placed,Male,Tier 1,Semi-Urban
STU_0865,31,26,72,39,25,63,62,62,5.5,0,0,3,Business Analyst,Not Placed,Male,Tier 2,Urban
STU_0866,97,66,49,87,92,47,70,81,7.59,3,2,1,Data Scientist,Placed,Female,Tier 3,Urban
STU_0867,56,97,96,75,70,96,78,76,8.14,3,1,3,Data Analyst,Placed,Male,Tier 3,Semi-Urban
STU_0868,61,88,90,72,42,94,76,73,7.66,3,0,4,Data Analyst,Placed,Female,Tier 1,Semi-Urban
STU_0869,63,92,58,66,38,91,76,76,6.91,4,0,3,BI Analyst,Placed,Female,Tier 1,Semi-Urban
STU_0870,68,55,59,76,75,51,73,65,7.03,2,0,3,Data Science Intern,Not Placed,Female,Tier 2,Urban
STU_0871,57,62,89,71,40,71,90,99,8.06,2,0,2,Business Analyst,Not Placed,Other,Tier 3,Semi-Urban
STU_0872,39,72,94,54,38,62,80,65,6.89,2,0,2,Business Analyst,Not Placed,Male,Tier 2,Rural
STU_0873,88,82,52,79,76,55,66,77,7.6,3,0,3,ML Intern,Placed,Male,Tier 2,Semi-Urban
STU_0874,51,62,90,62,50,76,96,88,6.89,3,0,3,Business Analyst,Placed,Female,Tier 2,Semi-Urban
STU_0875,69,99,88,83,62,69,83,76,7.61,4,0,3,Data Analyst,Placed,Female,Tier 1,Rural
STU_0876,75,98,91,84,61,99,81,81,9.44,3,2,1,Data Analyst,Placed,Male,Tier 2,Semi-Urban
STU_0877,81,72,57,83,80,40,69,87,7.73,4,0,2,ML Intern,Placed,Female,Tier 3,Semi-Urban
STU_0878,76,77,54,75,80,37,67,66,6.26,3,1,2,ML Intern,Placed,Male,Tier 1,Semi-Urban
STU_0879,56,89,66,56,52,80,72,68,7.07,4,1,2,Data Analyst,Not Placed,Male,Tier 2,Urban
STU_0880,60,51,73,45,37,68,85,60,6.17,1,0,1,Business Analyst,Not Placed,Male,Tier 2,Semi-Urban
STU_0881,45,62,85,57,46,62,93,84,6.42,2,2,2,Business Analyst,Placed,Male,Tier 2,Rural
STU_0882,74,58,44,81,74,45,63,71,6.05,2,0,2,ML Intern,Not Placed,Male,Tier 2,Urban
STU_0883,61,71,82,61,47,77,66,68,6.82,2,0,2,Data Analyst,Not Placed,Male,Tier 2,Rural
STU_0884,57,81,81,58,49,82,59,79,6.92,3,1,3,Data Analyst,Not Placed,Male,Tier 3,Semi-Urban
STU_0885,61,67,84,57,47,78,77,69,6.33,2,0,3,BI Analyst,Not Placed,Male,Tier 2,Urban
STU_0886,61,79,75,75,62,88,73,67,7.65,3,0,2,Data Analyst,Placed,Male,Tier 2,Semi-Urban
STU_0887,81,77,50,79,78,53,59,82,7.05,5,0,1,ML Intern,Placed,Female,Tier 1,Urban
STU_0888,56,58,83,56,34,66,86,82,7.09,2,0,2,Business Analyst,Not Placed,Male,Tier 3,Rural
STU_0889,61,78,85,67,56,63,37,70,6.59,2,0,4,Data Analyst,Not Placed,Male,Tier 2,Semi-Urban
STU_0890,40,61,83,73,49,74,92,84,7.12,3,1,2,Business Analyst,Placed,Male,Tier 3,Rural
STU_0891,87,80,50,85,79,56,68,91,6.98,3,0,2,ML Intern,Placed,Male,Tier 2,Semi-Urban
STU_0892,40,71,80,60,45,74,65,75,6.69,2,1,4,BI Analyst,Not Placed,Male,Tier 1,Semi-Urban
STU_0893,52,80,74,50,52,86,88,59,5.71,0,0,3,BI Analyst,Not Placed,Male,Tier 1,Rural
STU_0894,55,51,84,66,28,69,79,73,6.82,3,0,2,Business Analyst,Not Placed,Female,Tier 3,Urban
STU_0895,82,70,46,73,80,43,47,76,6.61,1,0,3,ML Intern,Not Placed,Female,Tier 2,Semi-Urban
STU_0896,48,61,74,52,40,56,68,71,6.24,1,1,2,Business Analyst,Not Placed,Female,Tier 1,Urban
STU_0897,52,55,74,52,39,67,99,86,7.07,1,0,2,Business Analyst,Not Placed,Male,Tier 1,Rural
STU_0898,86,85,62,70,66,76,68,67,8.03,4,1,3,Data Science Intern,Placed,Male,Tier 2,Semi-Urban
STU_0899,60,82,83,71,47,84,65,70,6.1,2,2,3,Data Analyst,Placed,Male,Tier 1,Rural
STU_0900,68,78,77,73,47,76,73,86,7.16,3,0,3,Data Analyst,Placed,Female,Tier 2,Rural
STU_0901,59,70,92,56,50,76,92,85,6.6,3,0,2,Business Analyst,Not Placed,Male,Tier 1,Urban
STU_0902,64,79,80,58,49,88,70,69,6.98,3,2,3,Data Analyst,Placed,Male,Tier 2,Urban
STU_0903,78,74,74,83,54,78,61,75,7.33,2,0,3,Data Analyst,Placed,Male,Tier 1,Semi-Urban
STU_0904,89,67,58,81,83,49,75,82,6.17,3,0,1,Data Scientist,Placed,Female,Tier 2,Semi-Urban
STU_0905,84,76,60,79,80,57,79,84,7.93,4,0,2,Data Scientist,Placed,Female,Tier 2,Urban
STU_0906,78,72,54,72,74,50,70,87,6.85,1,0,4,Data Science Intern,Placed,Female,Tier 1,Urban
STU_0907,52,78,67,57,30,80,67,60,5.5,0,1,1,BI Analyst,Not Placed,Male,Tier 2,Semi-Urban
STU_0908,59,57,82,60,37,73,71,87,7.53,2,1,1,Business Analyst,Placed,Male,Tier 2,Urban
STU_0909,57,65,85,65,57,83,87,81,7.33,4,2,2,Business Analyst,Placed,Female,Tier 1,Rural
STU_0910,60,61,89,66,52,83,80,70,7.23,3,1,3,Business Analyst,Placed,Male,Tier 2,Rural
STU_0911,86,94,80,99,85,49,53,76,6.87,3,0,2,Data Scientist,Placed,Male,Tier 2,Semi-Urban
STU_0912,55,78,97,68,45,71,93,91,8.47,3,0,2,Business Analyst,Not Placed,Female,Tier 2,Urban
STU_0913,89,61,59,82,78,45,68,73,7.27,3,1,2,ML Intern,Placed,Female,Tier 1,Urban
STU_0914,63,67,81,61,46,68,79,86,7.45,2,0,2,Business Analyst,Placed,Other,Tier 2,Semi-Urban
STU_0915,88,77,68,77,91,48,55,60,6.83,3,0,2,Data Scientist,Placed,Female,Tier 1,Rural
STU_0916,80,71,62,84,71,53,62,61,7.11,3,1,1,Data Scientist,Placed,Male,Tier 2,Urban
STU_0917,46,59,98,65,53,64,97,93,7.5,3,1,3,Business Analyst,Placed,Female,Tier 2,Urban
STU_0918,65,73,75,86,71,66,70,79,7.92,2,0,2,Data Science Intern,Placed,Female,Tier 2,Urban
STU_0919,64,74,85,55,41,91,80,76,7.05,1,1,4,BI Analyst,Not Placed,Female,Tier 3,Semi-Urban
STU_0920,50,76,84,66,42,79,60,81,6.62,3,0,2,Data Analyst,Not Placed,Female,Tier 1,Semi-Urban
STU_0921,68,85,88,62,54,97,76,68,7.08,4,1,2,BI Analyst,Placed,Other,Tier 3,Urban
STU_0922,75,78,69,94,89,57,54,75,7.56,4,1,2,Data Scientist,Placed,Female,Tier 1,Semi-Urban
STU_0923,64,62,62,83,64,53,59,66,6.27,1,0,4,Data Science Intern,Not Placed,Male,Tier 3,Semi-Urban
STU_0924,38,69,70,52,40,78,49,63,5.5,0,0,3,BI Analyst,Not Placed,Female,Tier 2,Semi-Urban
STU_0925,77,65,49,84,78,43,67,62,6.3,4,0,2,Data Scientist,Not Placed,Female,Tier 3,Semi-Urban
STU_0926,57,78,81,75,36,72,60,67,6.75,1,0,3,Data Analyst,Not Placed,Male,Tier 1,Rural
STU_0927,49,57,78,49,50,73,89,75,6.69,2,0,3,Business Analyst,Not Placed,Male,Tier 2,Semi-Urban
STU_0928,79,67,62,75,95,47,67,87,7.22,2,1,1,Data Scientist,Placed,Female,Tier 2,Semi-Urban
STU_0929,88,67,44,65,90,59,56,63,6.45,4,0,1,ML Intern,Not Placed,Male,Tier 3,Rural
STU_0930,39,62,90,79,57,82,89,83,7.46,3,0,1,Business Analyst,Not Placed,Female,Tier 3,Rural
STU_0931,74,85,66,65,47,76,74,71,7.0,3,1,1,Data Analyst,Placed,Male,Tier 1,Urban
STU_0932,57,91,74,77,44,88,73,72,7.2,2,2,3,BI Analyst,Placed,Other,Tier 2,Urban
STU_0933,80,78,62,70,92,61,76,63,7.24,2,1,2,Data Science Intern,Placed,Male,Tier 2,Rural
STU_0934,77,69,58,58,78,44,63,63,6.87,2,1,3,Data Scientist,Placed,Male,Tier 1,Urban
STU_0935,61,85,77,70,48,69,81,65,7.79,3,0,3,Data Analyst,Placed,Male,Tier 1,Rural
STU_0936,48,67,79,53,46,80,76,78,7.7,3,1,2,Business Analyst,Not Placed,Female,Tier 3,Urban
STU_0937,52,82,84,65,52,71,72,81,7.64,2,1,3,Data Analyst,Not Placed,Male,Tier 2,Rural
STU_0938,60,62,63,79,53,55,65,66,5.61,2,0,3,Data Science Intern,Not Placed,Male,Tier 1,Semi-Urban
STU_0939,36,78,84,61,36,66,74,69,6.54,2,1,2,Data Analyst,Placed,Female,Tier 1,Semi-Urban
STU_0940,94,83,59,87,86,66,81,88,7.06,4,0,2,Data Scientist,Placed,Male,Tier 2,Urban
STU_0941,41,66,91,67,42,96,77,74,7.41,3,0,2,Business Analyst,Not Placed,Female,Tier 2,Rural
STU_0942,82,87,49,77,86,53,59,76,6.29,2,1,1,Data Scientist,Placed,Female,Tier 2,Urban
STU_0943,84,71,59,76,84,47,61,70,7.33,2,0,3,ML Intern,Placed,Female,Tier 2,Urban
STU_0944,62,95,95,56,54,86,77,79,8.28,3,3,2,BI Analyst,Placed,Male,Tier 1,Urban
STU_0945,49,55,64,47,46,45,88,78,6.13,1,0,2,Business Analyst,Not Placed,Female,Tier 2,Rural
STU_0946,80,89,73,79,70,93,71,79,8.04,4,0,4,Data Analyst,Placed,Male,Tier 1,Semi-Urban
STU_0947,54,71,83,55,41,65,52,67,6.65,1,0,3,Data Analyst,Not Placed,Female,Tier 3,Semi-Urban
STU_0948,86,74,57,84,86,60,68,79,7.79,2,0,3,Data Science Intern,Placed,Female,Tier 1,Semi-Urban
STU_0949,67,74,66,65,52,84,68,76,6.91,3,1,2,BI Analyst,Not Placed,Male,Tier 3,Rural
STU_0950,92,73,63,77,90,59,66,79,7.1,5,1,2,Data Scientist,Placed,Male,Tier 2,Semi-Urban
STU_0951,84,72,56,74,89,50,56,70,6.52,4,1,1,ML Intern,Placed,Male,Tier 2,Semi-Urban
STU_0952,84,71,50,74,99,56,55,77,7.0,4,1,3,ML Intern,Placed,Male,Tier 2,Semi-Urban
STU_0953,63,85,81,77,55,78,76,72,7.56,3,0,2,Data Analyst,Placed,Female,Tier 2,Semi-Urban
STU_0954,70,69,59,70,61,51,55,57,6.65,2,0,3,Data Science Intern,Not Placed,Female,Tier 3,Urban
STU_0955,47,64,88,62,31,88,97,87,7.27,2,1,3,Business Analyst,Placed,Male,Tier 2,Urban
STU_0956,62,52,96,50,44,60,83,80,7.02,3,0,1,Business Analyst,Placed,Female,Tier 1,Urban
STU_0957,83,80,60,79,77,63,60,82,6.83,3,1,1,Data Scientist,Placed,Female,Tier 2,Urban
STU_0958,66,65,84,78,49,78,71,63,6.82,2,2,4,Data Analyst,Placed,Female,Tier 1,Semi-Urban
STU_0959,51,59,68,59,43,73,49,53,6.45,1,0,3,Data Analyst,Not Placed,Male,Tier 2,Semi-Urban
STU_0960,99,66,55,77,79,61,57,65,6.86,3,0,2,ML Intern,Placed,Female,Tier 1,Rural
STU_0961,71,79,87,73,69,85,87,93,8.83,5,1,5,Data Analyst,Placed,Female,Tier 2,Urban
STU_0962,96,70,59,70,89,47,71,97,7.31,3,0,1,ML Intern,Placed,Female,Tier 2,Semi-Urban
STU_0963,54,47,81,61,46,66,87,71,7.05,4,0,3,Business Analyst,Placed,Male,Tier 1,Semi-Urban
STU_0964,42,66,75,63,33,84,78,77,6.95,3,0,3,Business Analyst,Not Placed,Male,Tier 2,Urban
STU_0965,53,58,85,64,52,78,84,79,7.05,3,0,2,Business Analyst,Not Placed,Female,Tier 2,Semi-Urban
STU_0966,70,72,80,63,45,74,79,80,8.29,2,0,1,Business Analyst,Placed,Female,Tier 1,Rural
STU_0967,94,66,29,81,88,41,61,62,6.28,2,0,2,ML Intern,Not Placed,Female,Tier 2,Urban
STU_0968,52,79,88,52,50,77,99,86,7.97,3,0,1,Business Analyst,Placed,Male,Tier 2,Semi-Urban
STU_0969,85,87,64,82,94,63,70,81,6.85,3,1,1,Data Scientist,Placed,Female,Tier 1,Urban
STU_0970,81,76,64,86,95,63,76,80,7.68,4,0,2,Data Scientist,Placed,Male,Tier 3,Urban
STU_0971,96,73,56,80,81,56,64,72,7.76,4,1,2,ML Intern,Placed,Male,Tier 2,Semi-Urban
STU_0972,82,63,62,83,72,62,70,73,6.93,2,0,4,Data Science Intern,Placed,Female,Tier 1,Rural
STU_0973,78,69,69,76,87,49,65,73,6.63,4,1,5,ML Intern,Not Placed,Male,Tier 3,Semi-Urban
STU_0974,57,66,93,55,45,73,91,77,7.44,3,0,1,Business Analyst,Not Placed,Male,Tier 2,Semi-Urban
STU_0975,67,89,71,63,46,96,63,81,6.89,1,0,3,Data Analyst,Not Placed,Female,Tier 2,Rural
STU_0976,38,52,76,51,40,64,76,86,7.01,2,0,2,Business Analyst,Not Placed,Female,Tier 2,Urban
STU_0977,95,84,64,85,79,51,69,68,7.86,3,3,2,Data Scientist,Placed,Male,Tier 3,Semi-Urban
STU_0978,62,98,99,79,68,84,66,82,7.9,2,1,3,Data Analyst,Placed,Female,Tier 3,Semi-Urban
STU_0979,83,70,52,85,68,46,52,70,6.06,3,0,2,Data Scientist,Not Placed,Male,Tier 2,Rural
STU_0980,70,64,47,75,64,51,68,70,5.81,2,1,2,Data Scientist,Not Placed,Male,Tier 1,Semi-Urban
STU_0981,62,73,91,61,46,79,83,67,7.27,2,1,2,Business Analyst,Not Placed,Male,Tier 2,Rural
STU_0982,60,72,71,62,48,76,75,78,7.3,2,0,3,BI Analyst,Not Placed,Male,Tier 2,Urban
STU_0983,54,92,69,85,50,80,55,70,7.01,3,0,2,Data Analyst,Placed,Other,Tier 1,Semi-Urban
STU_0984,65,83,77,62,62,79,81,67,7.52,2,0,2,Data Analyst,Not Placed,Male,Tier 2,Semi-Urban
STU_0985,82,73,41,68,93,40,47,87,7.13,2,0,1,ML Intern,Placed,Female,Tier 2,Semi-Urban
STU_0986,82,85,68,70,87,69,76,90,8.01,5,1,3,Data Scientist,Placed,Female,Tier 3,Semi-Urban
STU_0987,75,65,41,59,68,31,62,55,5.82,2,0,2,ML Intern,Not Placed,Other,Tier 2,Urban
STU_0988,83,70,55,90,75,58,62,71,6.43,2,0,2,Data Scientist,Placed,Male,Tier 1,Urban
STU_0989,67,51,93,64,41,84,71,76,6.19,3,0,2,Business Analyst,Not Placed,Female,Tier 3,Urban
STU_0990,39,75,61,57,38,74,69,60,6.2,2,0,3,BI Analyst,Not Placed,Female,Tier 3,Rural
STU_0991,47,99,73,44,41,76,79,72,7.0,3,0,2,BI Analyst,Not Placed,Male,Tier 2,Rural
STU_0992,97,74,60,84,94,65,73,86,8.16,4,0,1,ML Intern,Placed,Male,Tier 1,Urban
STU_0993,54,69,86,63,54,67,79,71,7.29,3,0,3,Business Analyst,Not Placed,Male,Tier 2,Rural
STU_0994,88,63,65,84,92,54,66,86,7.37,4,0,2,Data Scientist,Placed,Female,Tier 3,Urban
STU_0995,54,51,79,56,42,64,88,60,6.31,1,0,1,Business Analyst,Not Placed,Female,Tier 1,Urban
STU_0996,56,82,80,75,58,73,75,62,6.75,2,0,3,Data Analyst,Not Placed,Male,Tier 2,Urban
STU_0997,79,84,72,74,66,49,68,62,6.38,3,0,3,Data Science Intern,Placed,Female,Tier 2,Rural
STU_0998,54,71,75,66,52,72,74,67,6.71,1,0,3,Data Analyst,Not Placed,Male,Tier 2,Semi-Urban
STU_0999,75,80,86,84,74,57,73,80,7.89,3,0,2,Data Science Intern,Placed,Female,Tier 3,Urban
STU_1000,85,66,56,98,96,54,74,70,7.18,3,0,2,Data Scientist,Placed,Male,Tier 2,Semi-Urban
STU_1001,67,78,82,50,52,72,69,71,6.73,1,0,3,Data Analyst,Not Placed,Female,Tier 2,Urban
STU_1002,87,73,67,85,77,52,56,73,7.02,3,0,2,Data Scientist,Placed,Male,Tier 2,Urban
STU_1003,67,84,77,71,44,89,75,78,7.47,2,1,3,BI Analyst,Placed,Male,Tier 1,Urban
STU_1004,80,67,47,82,99,52,64,86,7.82,4,1,3,ML Intern,Placed,Female,Tier 2,Urban
STU_1005,72,87,91,62,66,99,86,62,8.31,3,0,2,BI Analyst,Not Placed,Male,Tier 3,Rural
STU_1006,77,68,46,82,85,40,57,62,6.81,3,0,2,ML Intern,Not Placed,Male,Tier 3,Semi-Urban
STU_1007,81,60,59,90,71,32,56,59,6.86,2,0,2,ML Intern,Placed,Female,Tier 2,Urban
STU_1008,50,79,83,57,40,65,68,64,5.61,2,0,2,BI Analyst,Not Placed,Male,Tier 1,Urban
STU_1009,54,56,80,48,27,63,72,81,7.38,2,2,2,Business Analyst,Not Placed,Female,Tier 3,Urban
STU_1010,83,74,55,62,96,53,65,67,7.91,3,1,3,Data Scientist,Placed,Male,Tier 2,Urban
STU_1011,62,68,83,62,63,76,89,78,7.52,3,0,1,Business Analyst,Placed,Male,Tier 3,Semi-Urban
STU_1012,59,70,67,83,53,53,63,72,7.14,3,1,3,Data Science Intern,Placed,Male,Tier 1,Urban
STU_1013,71,69,66,67,75,64,64,82,6.6,3,0,3,Data Science Intern,Placed,Other,Tier 2,Semi-Urban
STU_1014,74,90,58,81,59,94,78,83,6.51,3,1,2,Data Analyst,Placed,Male,Tier 1,Urban
STU_1015,88,74,65,75,70,44,61,70,6.34,3,0,2,ML Intern,Placed,Female,Tier 3,Urban
STU_1016,75,70,70,92,92,79,86,82,8.16,4,1,3,Data Science Intern,Placed,Other,Tier 3,Rural
STU_1017,41,71,70,56,44,73,66,60,6.01,1,0,3,Data Analyst,Not Placed,Male,Tier 2,Urban
STU_1018,72,73,61,94,79,63,69,77,6.88,3,1,2,Data Scientist,Placed,Female,Tier 1,Urban
STU_1019,91,77,71,85,75,76,73,84,8.06,4,0,3,Data Science Intern,Placed,Female,Tier 1,Urban
STU_1020,61,84,77,65,53,80,68,83,7.1,3,1,4,Data Analyst,Placed,Male,Tier 2,Urban
STU_1021,78,67,41,80,77,47,58,75,6.72,3,0,1,ML Intern,Not Placed,Male,Tier 2,Urban
STU_1022,44,56,93,60,39,68,96,76,7.08,2,2,2,Business Analyst,Not Placed,Male,Tier 2,Urban
STU_1023,68,66,60,70,60,53,61,76,7.23,2,0,3,Data Science Intern,Placed,Female,Tier 2,Rural
STU_1024,78,77,81,92,75,64,68,84,8.76,3,0,3,Data Science Intern,Placed,Female,Tier 2,Semi-Urban
STU_1025,61,58,48,58,61,41,64,57,6.17,2,1,4,Data Science Intern,Not Placed,Male,Tier 1,Semi-Urban
STU_1026,92,74,68,89,89,77,75,78,8.11,5,2,3,Data Scientist,Placed,Male,Tier 2,Semi-Urban
STU_1027,44,77,81,57,46,83,78,48,6.03,1,0,3,BI Analyst,Not Placed,Female,Tier 2,Semi-Urban
STU_1028,60,86,67,54,40,79,69,70,7.04,3,0,2,BI Analyst,Not Placed,Male,Tier 3,Urban
STU_1029,54,68,76,52,53,75,83,81,6.96,1,0,2,Business Analyst,Not Placed,Female,Tier 2,Urban
STU_1030,59,87,78,67,40,84,72,70,7.27,4,0,3,BI Analyst,Not Placed,Male,Tier 2,Urban
STU_1031,47,70,61,64,43,57,54,65,6.42,1,2,3,Data Analyst,Not Placed,Female,Tier 2,Semi-Urban
STU_1032,83,73,62,89,74,64,62,78,6.89,3,0,2,Data Scientist,Not Placed,Female,Tier 3,Urban
STU_1033,60,68,86,68,67,72,99,88,8.23,4,2,2,Business Analyst,Placed,Male,Tier 1,Urban
STU_1034,55,67,67,57,37,70,58,77,6.48,2,0,4,Data Analyst,Not Placed,Male,Tier 2,Urban
STU_1035,54,84,83,61,58,76,50,76,7.11,2,1,1,Data Analyst,Not Placed,Male,Tier 3,Urban
STU_1036,74,57,56,72,90,56,54,77,6.63,3,1,2,ML Intern,Placed,Male,Tier 2,Urban
STU_1037,46,81,81,70,53,77,82,81,7.31,3,0,3,Business Analyst,Not Placed,Male,Tier 2,Urban
STU_1038,70,70,57,79,64,41,56,76,6.82,3,0,3,ML Intern,Placed,Female,Tier 1,Urban
STU_1039,61,78,82,57,53,78,68,65,7.13,2,1,3,Data Analyst,Not Placed,Male,Tier 3,Urban
STU_1040,66,68,79,64,53,70,96,85,7.04,3,1,3,Business Analyst,Placed,Male,Tier 1,Urban
STU_1041,76,87,66,97,98,68,88,84,8.29,4,2,2,Data Scientist,Placed,Female,Tier 1,Urban
STU_1042,60,85,76,67,43,82,63,71,7.13,3,1,2,BI Analyst,Placed,Female,Tier 1,Urban
STU_1043,56,74,94,61,40,79,97,89,7.2,3,2,2,Business Analyst,Placed,Male,Tier 1,Semi-Urban
STU_1044,88,60,44,66,79,43,57,67,6.35,2,0,3,ML Intern,Not Placed,Female,Tier 3,Urban
STU_1045,68,61,67,71,64,52,53,77,6.21,2,0,2,Data Science Intern,Not Placed,Female,Tier 2,Urban
STU_1046,93,58,62,87,89,64,66,66,7.87,5,1,3,ML Intern,Placed,Female,Tier 2,Urban
STU_1047,60,71,87,72,40,87,86,80,7.59,3,2,3,Business Analyst,Placed,Male,Tier 3,Urban
STU_1048,63,87,83,64,50,71,68,80,7.08,4,0,4,Data Analyst,Placed,Male,Tier 1,Urban
STU_1049,54,85,87,56,45,99,83,56,6.48,3,1,2,BI Analyst,Placed,Female,Tier 1,Rural
STU_1050,65,82,86,62,46,73,64,76,6.62,3,1,2,Data Analyst,Placed,Female,Tier 2,Rural
STU_1051,41,69,58,63,51,77,66,67,6.91,1,0,2,BI Analyst,Not Placed,Female,Tier 2,Urban
STU_1052,99,82,58,75,77,62,64,80,7.65,3,2,1,Data Scientist,Placed,Male,Tier 2,Semi-Urban
STU_1053,74,68,61,91,81,79,76,73,7.68,2,2,3,Data Science Intern,Placed,Female,Tier 1,Urban
STU_1054,64,77,77,59,25,96,75,70,6.6,2,0,4,BI Analyst,Not Placed,Female,Tier 2,Urban
STU_1055,71,71,58,77,58,61,70,68,7.14,1,0,2,Data Science Intern,Not Placed,Male,Tier 2,Semi-Urban
STU_1056,54,56,78,63,51,59,90,77,6.97,4,1,4,Business Analyst,Placed,Male,Tier 2,Urban
STU_1057,52,68,69,67,46,81,71,71,7.12,3,1,2,BI Analyst,Placed,Female,Tier 1,Urban
STU_1058,53,61,92,67,48,72,90,82,6.75,2,1,2,Business Analyst,Not Placed,Female,Tier 2,Semi-Urban
STU_1059,99,93,63,86,87,76,65,89,8.13,5,1,3,Data Scientist,Placed,Male,Tier 2,Semi-Urban
STU_1060,87,75,54,67,78,40,57,71,7.22,3,0,1,ML Intern,Placed,Female,Tier 2,Rural
STU_1061,45,89,66,70,55,91,67,71,7.19,3,2,2,BI Analyst,Placed,Female,Tier 3,Semi-Urban
STU_1062,61,76,61,69,58,40,57,77,6.92,2,0,3,Data Science Intern,Not Placed,Female,Tier 3,Semi-Urban
STU_1063,57,82,87,79,62,82,63,91,7.18,3,1,2,BI Analyst,Placed,Female,Tier 2,Urban
STU_1064,66,63,74,66,43,70,91,82,6.83,2,0,2,Business Analyst,Placed,Female,Tier 3,Urban
STU_1065,73,70,62,85,81,62,60,74,6.77,4,0,2,Data Scientist,Not Placed,Male,Tier 3,Semi-Urban
STU_1066,67,71,66,82,89,49,76,85,7.6,4,0,2,ML Intern,Placed,Male,Tier 2,Rural
STU_1067,63,56,90,65,50,74,90,93,8.43,3,1,2,Business Analyst,Placed,Female,Tier 2,Urban
STU_1068,45,92,81,65,56,64,60,66,5.9,2,0,2,Data Analyst,Not Placed,Male,Tier 3,Rural
STU_1069,51,52,78,46,39,75,83,70,5.71,2,0,1,Business Analyst,Not Placed,Female,Tier 2,Urban
STU_1070,60,71,93,73,58,76,95,82,7.53,4,0,2,Business Analyst,Placed,Female,Tier 1,Urban
STU_1071,40,57,80,44,48,48,99,88,5.69,2,0,4,Business Analyst,Not Placed,Male,Tier 2,Urban
STU_1072,52,66,90,60,50,75,88,85,7.09,3,0,3,Business Analyst,Placed,Female,Tier 1,Semi-Urban
STU_1073,42,72,71,59,41,77,55,62,6.14,2,2,3,Data Analyst,Not Placed,Female,Tier 2,Semi-Urban
STU_1074,76,86,86,72,66,81,82,74,7.65,3,0,3,Data Analyst,Placed,Male,Tier 1,Urban
STU_1075,61,71,57,74,43,56,58,58,6.92,1,0,3,Data Science Intern,Not Placed,Male,Tier 1,Rural
STU_1076,85,75,63,77,88,72,72,86,8.08,5,1,2,Data Scientist,Placed,Female,Tier 1,Semi-Urban
STU_1077,58,71,98,56,40,78,90,86,7.26,2,0,3,Business Analyst,Not Placed,Male,Tier 3,Semi-Urban
STU_1078,95,63,52,66,97,43,55,67,6.64,2,0,1,ML Intern,Not Placed,Female,Tier 2,Semi-Urban
STU_1079,43,54,78,48,37,85,88,85,6.88,2,0,2,Business Analyst,Not Placed,Male,Tier 1,Urban
STU_1080,86,89,55,69,67,62,69,72,6.58,3,0,4,Data Science Intern,Placed,Male,Tier 1,Semi-Urban
STU_1081,58,81,73,46,41,82,73,62,6.68,2,1,2,BI Analyst,Not Placed,Male,Tier 2,Urban
STU_1082,61,76,82,63,49,71,70,66,7.49,3,0,3,Data Analyst,Not Placed,Female,Tier 3,Urban
STU_1083,67,75,93,64,58,87,96,99,8.5,3,0,3,Business Analyst,Placed,Male,Tier 1,Semi-Urban
STU_1084,52,79,71,59,34,75,69,65,6.26,2,1,2,BI Analyst,Not Placed,Male,Tier 1,Rural
STU_1085,86,88,62,76,80,65,99,84,7.76,4,0,3,Data Science Intern,Placed,Female,Tier 2,Semi-Urban
STU_1086,85,73,57,85,83,55,64,87,7.49,4,1,1,Data Scientist,Placed,Male,Tier 2,Semi-Urban
STU_1087,92,65,39,78,93,56,63,80,7.08,2,1,3,ML Intern,Placed,Male,Tier 2,Semi-Urban
STU_1088,56,80,68,64,55,67,55,64,6.63,3,0,2,Data Analyst,Not Placed,Male,Tier 2,Urban
STU_1089,71,76,61,87,59,70,61,58,7.33,3,0,4,Data Science Intern,Placed,Male,Tier 2,Rural
STU_1090,56,65,80,52,50,84,94,85,7.46,3,2,2,Business Analyst,Placed,Female,Tier 2,Urban
STU_1091,77,71,54,64,68,60,74,77,7.4,2,1,3,Data Science Intern,Not Placed,Male,Tier 3,Urban
STU_1092,98,73,51,89,97,40,63,76,8.06,5,1,2,ML Intern,Placed,Male,Tier 1,Urban
STU_1093,80,55,46,69,78,37,50,59,6.41,2,0,2,ML Intern,Placed,Female,Tier 1,Urban
STU_1094,88,80,54,95,80,69,61,61,7.22,4,0,2,Data Scientist,Not Placed,Female,Tier 3,Urban
STU_1095,47,58,78,49,38,62,76,80,6.31,2,0,2,Business Analyst,Not Placed,Female,Tier 3,Urban
STU_1096,65,88,80,67,45,77,45,67,7.02,2,2,3,Data Analyst,Placed,Female,Tier 1,Urban
STU_1097,54,71,86,67,33,76,77,75,7.6,4,1,0,Business Analyst,Placed,Female,Tier 3,Semi-Urban
STU_1098,58,89,81,66,50,71,62,71,7.19,3,2,4,Data Analyst,Placed,Female,Tier 2,Semi-Urban
STU_1099,33,71,62,55,42,60,57,51,5.5,1,1,3,BI Analyst,Not Placed,Female,Tier 2,Semi-Urban
STU_1100,37,55,99,66,60,79,80,78,7.53,2,0,2,Business Analyst,Not Placed,Female,Tier 2,Urban
STU_1101,69,87,78,59,79,79,68,73,7.62,3,0,2,Data Analyst,Placed,Female,Tier 2,Semi-Urban
STU_1102,74,75,77,76,63,63,67,85,7.24,3,1,3,Data Science Intern,Placed,Male,Tier 1,Urban
STU_1103,89,79,62,72,76,71,71,75,8.33,2,1,2,Data Science Intern,Placed,Female,Tier 2,Semi-Urban
STU_1104,64,66,42,61,60,66,57,68,6.33,2,0,2,Data Science Intern,Not Placed,Female,Tier 2,Urban
STU_1105,79,85,78,78,70,60,70,72,8.04,2,0,3,Data Science Intern,Not Placed,Female,Tier 3,Semi-Urban
STU_1106,72,91,90,83,72,85,82,73,7.97,4,0,3,Data Analyst,Placed,Male,Tier 2,Urban
STU_1107,50,61,83,52,31,53,76,83,6.03,2,0,2,Business Analyst,Not Placed,Male,Tier 2,Semi-Urban
STU_1108,55,87,86,61,59,66,66,65,6.98,2,2,2,BI Analyst,Placed,Male,Tier 2,Rural
STU_1109,77,68,54,78,88,40,50,74,6.77,2,1,2,ML Intern,Not Placed,Male,Tier 2,Semi-Urban
STU_1110,57,70,87,78,63,79,72,80,6.98,2,1,3,Data Analyst,Not Placed,Male,Tier 3,Urban
STU_1111,53,90,82,71,51,97,77,61,6.87,2,1,3,BI Analyst,Not Placed,Male,Tier 2,Urban
STU_1112,58,52,91,57,51,78,86,81,6.73,2,0,2,Business Analyst,Not Placed,Male,Tier 2,Rural
STU_1113,50,44,82,48,43,60,73,89,6.41,2,0,2,Business Analyst,Not Placed,Male,Tier 2,Urban
STU_1114,93,76,62,82,86,53,74,74,7.33,4,0,2,Data Scientist,Placed,Female,Tier 3,Rural
STU_1115,76,71,50,81,73,56,70,65,6.9,2,1,1,Data Scientist,Placed,Female,Tier 1,Urban
STU_1116,79,74,51,82,81,61,56,64,6.02,3,0,2,Data Scientist,Not Placed,Male,Tier 2,Rural
STU_1117,63,78,88,63,73,91,71,80,8.11,3,0,4,Data Analyst,Placed,Female,Tier 2,Rural
STU_1118,38,93,68,55,28,84,60,65,6.37,0,1,3,BI Analyst,Not Placed,Male,Tier 3,Semi-Urban
STU_1119,49,57,81,65,39,70,93,99,7.16,2,1,2,Business Analyst,Not Placed,Male,Tier 2,Urban
STU_1120,68,77,80,71,52,87,72,79,7.64,2,2,4,Data Analyst,Placed,Female,Tier 3,Urban
STU_1121,63,73,55,59,78,40,54,59,5.91,1,1,3,Data Science Intern,Placed,Female,Tier 1,Rural
STU_1122,89,82,73,69,85,61,72,70,6.66,3,1,2,Data Science Intern,Placed,Female,Tier 2,Rural
STU_1123,62,84,82,73,57,92,91,54,7.67,2,2,3,BI Analyst,Placed,Male,Tier 2,Urban
STU_1124,55,80,82,57,45,88,80,63,6.23,1,0,2,BI Analyst,Not Placed,Female,Tier 2,Urban
STU_1125,86,78,36,71,95,56,64,68,7.07,3,0,2,ML Intern,Placed,Male,Tier 3,Rural
STU_1126,81,74,74,82,85,55,75,74,7.28,4,0,2,Data Scientist,Placed,Male,Tier 3,Semi-Urban
STU_1127,65,73,72,72,46,98,56,68,7.07,3,0,2,Data Analyst,Not Placed,Male,Tier 2,Rural
STU_1128,49,58,74,52,36,69,98,79,7.14,2,1,2,Business Analyst,Not Placed,Female,Tier 2,Rural
STU_1129,56,63,89,36,40,79,78,90,6.32,2,1,2,Business Analyst,Not Placed,Male,Tier 3,Rural
STU_1130,68,66,87,60,47,70,95,76,7.55,3,1,2,Business Analyst,Placed,Male,Tier 2,Urban
STU_1131,99,81,50,98,99,64,65,87,8.56,5,0,1,ML Intern,Placed,Female,Tier 3,Urban
STU_1132,98,80,80,89,95,65,75,68,7.27,4,0,1,Data Scientist,Placed,Male,Tier 3,Urban
STU_1133,65,77,74,82,51,71,66,61,6.34,3,1,3,Data Analyst,Placed,Male,Tier 2,Rural
STU_1134,57,53,84,66,37,72,73,94,6.83,3,1,2,Business Analyst,Not Placed,Male,Tier 3,Semi-Urban
STU_1135,89,62,44,73,79,60,49,71,6.5,3,0,2,ML Intern,Placed,Male,Tier 2,Urban
STU_1136,64,84,82,70,61,85,74,50,7.34,3,2,3,Data Analyst,Placed,Female,Tier 1,Urban
STU_1137,60,70,85,75,43,86,72,81,7.24,4,0,2,BI Analyst,Not Placed,Female,Tier 2,Urban
STU_1138,93,96,70,93,90,71,60,84,8.02,4,1,1,Data Scientist,Placed,Male,Tier 1,Rural
STU_1139,88,85,62,79,85,53,55,85,7.23,4,0,2,Data Scientist,Placed,Male,Tier 2,Semi-Urban
STU_1140,82,72,62,71,64,50,56,62,6.71,2,1,3,Data Scientist,Not Placed,Female,Tier 3,Semi-Urban
STU_1141,61,81,69,64,45,93,74,84,7.21,4,2,2,BI Analyst,Placed,Male,Tier 1,Urban
STU_1142,57,62,67,66,52,67,90,71,6.66,2,0,3,Business Analyst,Not Placed,Female,Tier 1,Rural
STU_1143,70,60,65,65,84,48,56,69,7.09,3,0,2,ML Intern,Not Placed,Male,Tier 2,Urban
STU_1144,87,73,51,87,91,66,61,68,6.98,4,1,2,Data Scientist,Placed,Male,Tier 2,Semi-Urban
STU_1145,58,84,99,75,62,85,96,95,7.94,4,0,2,Business Analyst,Placed,Other,Tier 2,Urban
STU_1146,67,85,99,87,55,99,99,86,9.32,5,0,3,BI Analyst,Placed,Female,Tier 2,Urban
STU_1147,53,84,77,60,54,77,66,73,7.12,3,0,3,BI Analyst,Placed,Male,Tier 1,Urban
STU_1148,85,70,67,78,90,42,67,69,6.78,4,1,1,ML Intern,Placed,Male,Tier 1,Semi-Urban
STU_1149,59,82,88,55,34,87,80,74,7.73,3,0,2,BI Analyst,Not Placed,Male,Tier 3,Semi-Urban
STU_1150,70,88,78,49,51,98,75,75,7.64,3,0,2,BI Analyst,Placed,Male,Tier 1,Urban
STU_1151,88,59,57,89,83,40,60,56,6.28,4,0,2,ML Intern,Placed,Female,Tier 2,Urban
STU_1152,68,92,99,70,60,89,80,68,8.79,3,0,3,BI Analyst,Placed,Female,Tier 3,Rural
STU_1153,86,67,57,74,88,49,61,76,7.05,4,0,2,ML Intern,Placed,Male,Tier 3,Urban
STU_1154,89,76,56,78,87,47,62,92,7.26,4,1,2,ML Intern,Placed,Male,Tier 1,Urban
STU_1155,82,69,54,79,87,55,53,85,7.59,4,0,1,ML Intern,Placed,Female,Tier 2,Urban
STU_1156,63,73,63,57,48,99,80,59,7.57,3,0,4,BI Analyst,Not Placed,Male,Tier 3,Rural
STU_1157,61,86,86,62,55,77,64,76,8.29,3,1,5,Data Analyst,Placed,Female,Tier 2,Urban
STU_1158,77,75,66,68,72,61,66,64,6.15,1,0,1,Data Science Intern,Not Placed,Female,Tier 3,Rural
STU_1159,49,78,94,61,41,77,68,84,7.05,2,1,3,BI Analyst,Not Placed,Female,Tier 2,Urban
STU_1160,54,83,72,64,52,68,58,77,6.7,2,1,1,Data Analyst,Placed,Female,Tier 1,Urban
STU_1161,66,88,86,68,65,89,81,61,7.32,3,0,4,BI Analyst,Placed,Female,Tier 2,Urban
STU_1162,60,77,93,53,53,59,66,70,7.84,3,1,3,Data Analyst,Placed,Female,Tier 2,Semi-Urban
STU_1163,63,67,80,70,47,75,78,75,7.7,3,0,2,Business Analyst,Not Placed,Male,Tier 2,Urban
STU_1164,58,89,87,82,59,74,84,67,7.62,3,0,2,BI Analyst,Placed,Female,Tier 1,Semi-Urban
STU_1165,55,76,75,58,53,67,71,87,7.71,3,0,3,Data Analyst,Not Placed,Male,Tier 1,Urban
STU_1166,49,81,62,63,56,95,78,80,6.96,3,1,2,BI Analyst,Placed,Male,Tier 3,Urban
STU_1167,70,87,69,46,39,73,72,56,6.05,2,1,2,BI Analyst,Placed,Male,Tier 1,Rural
STU_1168,83,80,57,75,89,42,62,74,6.78,3,1,1,Data Scientist,Placed,Female,Tier 2,Semi-Urban
STU_1169,66,87,88,71,53,78,67,79,8.19,3,1,2,Data Analyst,Placed,Male,Tier 3,Urban
STU_1170,49,73,88,60,54,71,94,86,7.5,3,0,1,Business Analyst,Placed,Female,Tier 2,Semi-Urban
STU_1171,80,70,57,85,92,52,52,91,6.91,3,0,2,ML Intern,Placed,Female,Tier 1,Semi-Urban
STU_1172,63,79,68,66,69,61,77,66,7.56,3,0,4,Data Science Intern,Placed,Male,Tier 2,Urban
STU_1173,76,43,59,62,81,42,54,72,6.08,2,0,2,ML Intern,Not Placed,Female,Tier 2,Semi-Urban
STU_1174,61,62,87,61,51,67,91,87,6.47,2,2,1,Business Analyst,Placed,Female,Tier 2,Urban
STU_1175,99,68,57,84,80,66,66,81,7.49,4,0,2,ML Intern,Placed,Female,Tier 3,Semi-Urban
STU_1176,84,69,58,89,90,62,71,76,7.92,4,1,0,Data Scientist,Placed,Male,Tier 2,Semi-Urban
STU_1177,62,94,86,71,53,77,69,76,7.43,3,0,2,BI Analyst,Placed,Female,Tier 2,Urban
STU_1178,62,86,93,74,62,79,62,70,7.81,3,1,1,Data Analyst,Placed,Female,Tier 1,Urban
STU_1179,50,92,84,66,57,71,78,60,7.36,2,1,2,BI Analyst,Not Placed,Male,Tier 2,Urban
STU_1180,82,70,62,82,89,50,68,74,6.48,3,1,3,Data Scientist,Not Placed,Male,Tier 3,Rural
STU_1181,65,69,67,87,77,57,70,91,7.54,3,0,3,Data Science Intern,Placed,Male,Tier 1,Semi-Urban
STU_1182,53,62,90,68,44,78,85,87,7.05,2,1,1,Business Analyst,Not Placed,Female,Tier 2,Urban
STU_1183,90,74,51,74,96,52,67,74,7.16,4,0,2,ML Intern,Placed,Male,Tier 1,Urban
STU_1184,78,65,61,78,76,55,80,72,8.35,1,0,3,Data Science Intern,Placed,Male,Tier 1,Urban
STU_1185,43,74,66,60,41,68,50,67,6.16,1,1,3,Data Analyst,Not Placed,Female,Tier 2,Semi-Urban
STU_1186,71,69,73,93,73,73,82,84,8.06,4,0,3,Data Science Intern,Placed,Male,Tier 2,Semi-Urban
STU_1187,81,57,35,74,92,39,65,64,6.59,3,1,2,ML Intern,Placed,Female,Tier 1,Rural
STU_1188,58,83,71,65,45,79,65,66,7.13,3,1,2,Data Analyst,Not Placed,Male,Tier 3,Urban
STU_1189,65,70,82,63,48,76,99,86,7.9,4,0,2,Business Analyst,Placed,Male,Tier 1,Semi-Urban
STU_1190,69,62,38,74,69,42,49,75,7.52,3,0,1,ML Intern,Not Placed,Male,Tier 1,Semi-Urban
STU_1191,67,90,85,63,61,98,76,72,8.38,3,0,3,Data Analyst,Placed,Female,Tier 1,Rural
STU_1192,77,72,66,95,87,67,74,83,6.95,4,0,3,Data Scientist,Placed,Female,Tier 1,Urban
STU_1193,48,67,81,64,51,88,79,87,7.12,2,0,2,Business Analyst,Placed,Female,Tier 1,Semi-Urban
STU_1194,90,67,53,76,89,35,45,67,5.93,3,0,2,ML Intern,Not Placed,Female,Tier 3,Urban
STU_1195,52,97,95,71,55,84,74,77,7.5,4,2,3,Data Analyst,Placed,Male,Tier 2,Urban
STU_1196,61,80,86,67,45,97,65,71,7.37,3,0,2,BI Analyst,Not Placed,Male,Tier 2,Rural
STU_1197,79,65,65,77,62,60,65,66,6.68,2,1,3,Data Science Intern,Not Placed,Male,Tier 3,Rural
STU_1198,92,67,73,73,63,63,74,80,7.91,3,0,2,Data Science Intern,Placed,Female,Tier 2,Semi-Urban
STU_1199,59,93,71,48,43,75,72,51,6.7,1,0,3,BI Analyst,Not Placed,Female,Tier 1,Urban
STU_1200,82,90,69,65,60,89,61,77,7.34,2,1,2,Data Analyst,Placed,Male,Tier 2,Rural
STU_1201,36,74,81,53,32,82,64,70,7.17,2,0,4,BI Analyst,Not Placed,Female,Tier 1,Urban
STU_1202,49,69,58,63,44,62,63,71,6.81,2,2,4,Data Analyst,Placed,Female,Tier 2,Urban
STU_1203,53,76,74,51,60,67,65,68,6.03,0,0,3,Data Analyst,Not Placed,Male,Tier 2,Semi-Urban
STU_1204,55,72,91,55,48,73,87,76,7.06,3,1,1,Business Analyst,Placed,Female,Tier 2,Urban
STU_1205,90,85,64,90,76,50,57,78,6.65,3,0,2,Data Scientist,Placed,Male,Tier 2,Rural
STU_1206,65,87,95,73,49,89,87,85,7.79,3,0,3,BI Analyst,Placed,Female,Tier 3,Urban
STU_1207,87,80,64,79,77,37,56,77,6.85,2,1,1,ML Intern,Not Placed,Male,Tier 3,Urban
STU_1208,90,71,60,74,78,56,43,64,6.11,2,1,2,Data Scientist,Placed,Male,Tier 1,Semi-Urban
STU_1209,52,58,69,36,37,66,73,75,6.45,1,0,2,Business Analyst,Not Placed,Male,Tier 1,Semi-Urban
STU_1210,84,83,54,71,74,72,78,82,8.02,4,0,3,Data Science Intern,Placed,Other,Tier 2,Semi-Urban
STU_1211,81,73,54,89,74,64,67,75,6.58,3,1,3,Data Scientist,Placed,Female,Tier 1,Urban
STU_1212,77,63,52,79,61,54,70,78,6.92,4,0,3,Data Scientist,Placed,Male,Tier 1,Semi-Urban
STU_1213,59,83,77,70,64,86,73,67,7.04,2,1,2,Data Analyst,Placed,Other,Tier 2,Urban
STU_1214,64,70,79,69,56,94,79,71,7.47,2,0,4,BI Analyst,Not Placed,Female,Tier 2,Urban
STU_1215,96,66,53,84,93,42,71,85,8.11,3,1,2,ML Intern,Placed,Female,Tier 3,Semi-Urban
STU_1216,57,87,86,65,49,79,90,77,7.54,4,0,2,Business Analyst,Placed,Male,Tier 2,Urban
STU_1217,56,79,87,83,60,70,61,67,6.79,3,1,3,Data Analyst,Placed,Male,Tier 3,Rural
STU_1218,93,60,37,68,85,49,54,72,6.26,3,0,3,ML Intern,Not Placed,Female,Tier 3,Semi-Urban
STU_1219,67,67,58,70,78,34,72,67,6.67,3,0,2,ML Intern,Not Placed,Male,Tier 1,Rural
STU_1220,53,68,97,60,42,75,96,80,7.57,2,0,3,Business Analyst,Not Placed,Male,Tier 2,Urban
STU_1221,62,56,51,77,63,53,58,68,6.27,1,0,3,Data Science Intern,Not Placed,Male,Tier 2,Rural
STU_1222,55,75,85,75,35,76,57,63,6.33,1,0,2,Data Analyst,Not Placed,Male,Tier 2,Urban
STU_1223,89,76,63,91,86,55,63,67,7.06,2,1,2,Data Scientist,Placed,Male,Tier 2,Urban
STU_1224,67,86,59,66,72,61,66,82,7.45,2,0,1,Data Science Intern,Not Placed,Female,Tier 2,Urban
STU_1225,54,58,81,56,52,70,72,80,6.95,2,0,2,Business Analyst,Not Placed,Male,Tier 2,Semi-Urban
STU_1226,71,81,43,73,84,44,56,73,6.81,3,1,2,ML Intern,Placed,Male,Tier 2,Urban
STU_1227,60,67,94,51,46,72,86,89,7.65,2,1,2,Business Analyst,Not Placed,Female,Tier 3,Semi-Urban
STU_1228,44,54,83,42,39,66,73,83,6.52,2,1,3,Business Analyst,Not Placed,Female,Tier 2,Urban
STU_1229,70,75,72,90,74,73,78,77,8.02,2,1,2,Data Science Intern,Placed,Female,Tier 1,Urban
STU_1230,47,56,90,61,57,83,89,76,8.31,4,0,2,Business Analyst,Placed,Female,Tier 1,Semi-Urban
STU_1231,69,55,50,58,60,62,59,59,6.35,3,0,3,Data Science Intern,Not Placed,Male,Tier 3,Urban
STU_1232,34,61,73,56,38,74,79,75,6.54,2,0,2,Business Analyst,Not Placed,Male,Tier 2,Semi-Urban
STU_1233,46,70,83,52,38,61,70,68,6.43,3,0,2,Business Analyst,Not Placed,Female,Tier 3,Semi-Urban
STU_1234,53,84,69,75,54,75,65,63,6.26,4,1,3,Data Analyst,Not Placed,Female,Tier 3,Rural
STU_1235,88,76,48,66,91,52,53,68,6.78,3,0,1,ML Intern,Not Placed,Female,Tier 3,Urban
STU_1236,36,49,74,51,33,59,76,74,6.02,1,0,2,Business Analyst,Not Placed,Male,Tier 2,Rural
STU_1237,49,84,77,45,47,86,66,54,7.33,2,1,3,BI Analyst,Placed,Male,Tier 1,Semi-Urban
STU_1238,80,71,47,68,76,51,58,70,6.21,2,0,2,Data Scientist,Not Placed,Male,Tier 1,Rural
STU_1239,67,70,70,73,58,59,61,75,6.93,2,0,3,Data Science Intern,Not Placed,Female,Tier 2,Urban
STU_1240,65,70,86,60,64,78,59,62,6.78,3,1,3,Data Analyst,Placed,Male,Tier 2,Semi-Urban
STU_1241,55,73,74,70,39,83,81,68,6.86,2,0,2,BI Analyst,Not Placed,Male,Tier 2,Rural
STU_1242,45,85,70,73,43,99,86,65,7.26,3,1,1,BI Analyst,Placed,Male,Tier 2,Urban
STU_1243,53,83,81,63,55,82,69,65,7.15,2,0,3,BI Analyst,Not Placed,Male,Tier 2,Semi-Urban
STU_1244,61,81,79,67,31,87,74,81,7.17,2,0,2,BI Analyst,Not Placed,Male,Tier 1,Rural
STU_1245,53,99,87,74,69,99,85,80,7.62,3,0,3,BI Analyst,Placed,Male,Tier 1,Semi-Urban
STU_1246,89,74,55,84,75,60,68,78,7.62,4,1,2,ML Intern,Placed,Female,Tier 3,Urban
STU_1247,57,65,88,61,44,64,62,74,6.8,2,1,3,Data Analyst,Not Placed,Male,Tier 1,Semi-Urban
STU_1248,74,93,88,69,45,81,70,82,7.53,3,1,3,Data Analyst,Placed,Female,Tier 2,Urban
STU_1249,80,88,78,76,61,76,82,66,8.0,3,0,2,Data Science Intern,Placed,Male,Tier 2,Rural
STU_1250,92,65,49,84,90,49,60,73,6.36,4,0,2,ML Intern,Not Placed,Male,Tier 3,Urban
STU_1251,57,84,75,64,49,85,79,72,7.25,4,0,3,BI Analyst,Not Placed,Female,Tier 3,Urban
STU_1252,96,72,67,93,87,64,62,86,7.92,3,2,1,Data Scientist,Placed,Male,Tier 2,Urban
STU_1253,61,80,82,64,50,74,68,53,6.09,2,0,3,Data Analyst,Not Placed,Female,Tier 2,Semi-Urban
STU_1254,51,89,57,62,56,73,60,66,6.35,2,2,2,Data Analyst,Placed,Female,Tier 1,Rural
STU_1255,88,73,54,91,99,54,57,75,7.78,4,0,2,ML Intern,Placed,Female,Tier 2,Urban
STU_1256,85,81,54,80,87,66,63,67,7.44,3,0,1,Data Scientist,Placed,Male,Tier 3,Urban
STU_1257,77,71,85,69,47,81,89,83,6.87,4,0,3,Business Analyst,Not Placed,Male,Tier 2,Urban
STU_1258,86,67,76,79,74,58,60,77,7.3,3,2,4,Data Scientist,Placed,Female,Tier 2,Rural
STU_1259,69,91,88,68,54,83,57,76,7.13,4,0,2,Data Analyst,Placed,Male,Tier 1,Semi-Urban
STU_1260,67,85,50,76,70,47,76,76,6.08,2,0,1,Data Scientist,Not Placed,Male,Tier 3,Urban
STU_1261,44,79,98,63,53,77,99,79,7.77,3,0,2,Business Analyst,Not Placed,Female,Tier 2,Semi-Urban
STU_1262,63,83,73,84,45,93,67,73,7.61,5,0,2,BI Analyst,Placed,Male,Tier 3,Urban
STU_1263,52,55,87,57,53,81,79,79,7.45,2,0,3,Business Analyst,Not Placed,Male,Tier 2,Urban
STU_1264,86,80,60,85,80,59,76,81,7.49,4,0,3,Data Scientist,Placed,Female,Tier 2,Urban
STU_1265,60,80,71,63,36,80,39,62,6.59,1,2,3,Data Analyst,Not Placed,Female,Tier 1,Rural
STU_1266,73,74,86,65,52,88,72,57,7.24,3,2,2,Data Analyst,Placed,Female,Tier 1,Rural
STU_1267,46,72,90,76,60,72,99,83,7.11,3,0,2,Business Analyst,Not Placed,Male,Tier 3,Semi-Urban
STU_1268,77,71,43,96,94,50,64,76,7.09,3,2,2,Data Scientist,Placed,Male,Tier 3,Urban
STU_1269,84,60,58,81,89,57,78,77,7.72,3,0,2,ML Intern,Not Placed,Male,Tier 2,Semi-Urban
STU_1270,50,66,86,54,44,74,75,88,6.69,2,0,1,Business Analyst,Not Placed,Male,Tier 2,Urban
STU_1271,99,65,58,86,85,56,66,66,7.03,4,1,3,ML Intern,Placed,Female,Tier 2,Semi-Urban
STU_1272,54,67,80,52,42,91,73,57,6.47,2,1,3,BI Analyst,Not Placed,Male,Tier 2,Semi-Urban
STU_1273,48,75,81,65,42,77,76,69,6.94,2,0,3,BI Analyst,Not Placed,Male,Tier 2,Rural
STU_1274,77,81,93,58,39,69,76,82,7.24,3,0,2,Data Analyst,Not Placed,Female,Tier 2,Urban
STU_1275,80,74,52,72,89,61,67,67,7.47,3,1,1,Data Scientist,Placed,Female,Tier 3,Semi-Urban
STU_1276,72,76,82,55,49,78,69,69,7.26,2,1,1,Data Analyst,Not Placed,Female,Tier 3,Semi-Urban
STU_1277,53,53,85,60,46,72,75,69,6.58,3,1,2,Business Analyst,Not Placed,Female,Tier 2,Urban
STU_1278,62,82,75,85,76,50,64,77,7.74,2,0,3,Data Science Intern,Not Placed,Female,Tier 3,Semi-Urban
STU_1279,61,78,81,66,51,71,73,65,6.58,3,2,3,Data Analyst,Placed,Male,Tier 2,Rural
STU_1280,67,62,49,83,74,49,49,74,5.71,3,0,4,Data Scientist,Not Placed,Male,Tier 1,Rural
STU_1281,90,76,74,91,83,45,70,74,8.0,4,0,2,ML Intern,Placed,Male,Tier 1,Semi-Urban
STU_1282,98,75,62,80,99,78,67,84,8.3,4,1,4,ML Intern,Placed,Male,Tier 2,Urban
STU_1283,79,68,47,69,67,55,56,50,6.19,1,2,2,Data Scientist,Not Placed,Female,Tier 3,Rural
STU_1284,69,85,94,74,44,65,66,69,8.06,3,0,1,Data Analyst,Not Placed,Male,Tier 3,Semi-Urban
STU_1285,55,59,90,48,50,75,67,87,6.99,2,1,1,Business Analyst,Not Placed,Male,Tier 2,Urban
STU_1286,87,80,55,95,74,66,73,70,7.12,4,0,1,Data Scientist,Placed,Male,Tier 1,Urban
STU_1287,78,85,86,58,69,70,77,64,7.68,3,2,3,Data Analyst,Placed,Male,Tier 1,Urban
STU_1288,44,67,91,49,52,79,77,91,7.12,1,0,2,Business Analyst,Not Placed,Female,Tier 2,Urban
STU_1289,47,73,80,58,50,76,63,72,6.3,2,2,4,Data Analyst,Placed,Female,Tier 3,Semi-Urban
STU_1290,57,80,85,70,54,66,68,60,7.34,1,1,2,Data Analyst,Not Placed,Female,Tier 3,Urban
STU_1291,36,57,73,61,47,53,74,64,6.64,2,0,3,Business Analyst,Not Placed,Male,Tier 1,Urban
STU_1292,54,81,74,59,58,57,73,62,6.61,2,0,3,Data Analyst,Not Placed,Female,Tier 3,Urban
STU_1293,84,72,71,74,82,62,54,69,6.76,4,1,4,Data Scientist,Placed,Female,Tier 2,Semi-Urban
STU_1294,81,58,44,72,87,44,67,63,7.08,3,0,3,ML Intern,Placed,Female,Tier 1,Urban
STU_1295,50,98,76,56,38,97,75,72,7.69,2,1,3,BI Analyst,Not Placed,Female,Tier 2,Urban
STU_1296,56,77,90,85,53,87,98,87,8.21,3,1,3,Business Analyst,Placed,Other,Tier 3,Urban
STU_1297,55,82,81,61,50,84,81,74,6.57,2,1,3,Data Analyst,Placed,Other,Tier 2,Semi-Urban
STU_1298,77,78,86,79,46,76,82,64,7.54,3,0,3,Data Analyst,Placed,Female,Tier 3,Urban
STU_1299,78,82,65,84,88,49,67,88,7.72,3,0,4,ML Intern,Placed,Female,Tier 1,Semi-Urban
STU_1300,90,87,50,80,86,44,63,79,7.15,3,1,2,ML Intern,Placed,Male,Tier 1,Urban
STU_1301,66,99,84,77,53,91,86,74,6.65,1,0,3,Data Analyst,Placed,Female,Tier 1,Urban
STU_1302,70,72,71,82,79,69,72,71,7.75,3,1,3,Data Science Intern,Placed,Female,Tier 3,Urban
STU_1303,67,98,90,74,62,78,67,67,6.84,3,0,3,Data Analyst,Not Placed,Female,Tier 2,Urban
STU_1304,78,67,63,74,70,66,56,71,6.41,2,2,1,Data Scientist,Not Placed,Female,Tier 3,Urban
STU_1305,94,64,68,87,99,49,67,79,7.46,5,0,2,ML Intern,Placed,Male,Tier 2,Urban
STU_1306,62,74,83,56,55,74,65,81,8.06,3,2,2,BI Analyst,Placed,Male,Tier 2,Urban
STU_1307,78,57,60,77,89,45,78,66,6.5,3,0,2,ML Intern,Not Placed,Male,Tier 3,Semi-Urban
STU_1308,69,80,66,66,51,78,67,70,7.51,3,1,4,BI Analyst,Placed,Female,Tier 2,Urban
STU_1309,56,47,95,60,38,82,88,93,7.33,4,1,4,Business Analyst,Not Placed,Male,Tier 3,Rural
STU_1310,58,79,76,65,44,79,78,68,7.32,2,2,3,BI Analyst,Placed,Male,Tier 1,Rural
STU_1311,68,96,85,73,53,87,76,82,8.46,2,2,3,Data Analyst,Placed,Female,Tier 2,Semi-Urban
STU_1312,81,80,83,89,75,84,67,90,8.14,3,1,4,Data Science Intern,Placed,Female,Tier 3,Urban
STU_1313,72,86,44,89,77,51,63,77,6.73,2,1,2,Data Scientist,Not Placed,Female,Tier 3,Rural
STU_1314,42,67,76,42,37,99,60,72,7.23,2,0,3,BI Analyst,Placed,Female,Tier 1,Urban
STU_1315,82,81,66,94,82,74,63,79,7.31,3,0,1,Data Scientist,Placed,Female,Tier 2,Urban
STU_1316,91,63,55,83,86,72,59,86,7.55,5,1,1,ML Intern,Placed,Female,Tier 2,Urban
STU_1317,90,75,52,77,77,43,57,64,7.24,4,1,2,Data Scientist,Placed,Female,Tier 2,Rural
STU_1318,99,80,67,90,95,68,65,82,7.99,5,0,2,ML Intern,Placed,Male,Tier 1,Urban
STU_1319,61,65,97,62,46,81,68,64,5.7,2,1,1,Data Analyst,Not Placed,Male,Tier 1,Rural
STU_1320,66,74,79,75,59,91,71,63,7.91,2,1,4,Data Analyst,Not Placed,Female,Tier 3,Urban
STU_1321,55,70,88,56,50,95,83,67,6.04,2,1,2,Business Analyst,Not Placed,Female,Tier 3,Rural
STU_1322,66,95,77,78,63,98,86,85,7.99,3,0,3,Data Analyst,Placed,Female,Tier 2,Rural
STU_1323,50,97,93,74,45,90,75,65,8.72,4,1,3,BI Analyst,Placed,Male,Tier 3,Rural
STU_1324,46,52,99,55,51,56,77,77,6.52,3,0,1,Business Analyst,Not Placed,Male,Tier 1,Semi-Urban
STU_1325,64,66,61,70,81,62,69,73,6.53,2,0,3,Data Science Intern,Placed,Female,Tier 2,Rural
STU_1326,59,66,86,66,58,85,87,90,7.92,4,1,1,Business Analyst,Placed,Male,Tier 3,Rural
STU_1327,59,80,75,65,60,77,67,57,6.57,3,0,2,Data Analyst,Not Placed,Male,Tier 3,Urban
STU_1328,53,78,72,62,45,86,75,63,6.64,3,1,2,BI Analyst,Placed,Male,Tier 2,Urban
STU_1329,83,69,63,80,81,53,75,81,7.21,3,2,1,ML Intern,Placed,Female,Tier 3,Semi-Urban
STU_1330,80,72,61,82,77,56,48,55,5.88,2,1,2,Data Scientist,Placed,Female,Tier 2,Urban
STU_1331,86,76,56,90,68,54,62,64,6.66,3,1,2,Data Scientist,Not Placed,Female,Tier 3,Semi-Urban
STU_1332,94,54,46,81,87,38,64,73,6.91,3,0,3,ML Intern,Placed,Female,Tier 2,Urban
STU_1333,65,63,80,51,37,63,93,78,6.97,2,0,3,Business Analyst,Not Placed,Female,Tier 3,Semi-Urban
STU_1334,85,91,55,92,78,72,69,74,7.84,4,1,3,Data Science Intern,Placed,Female,Tier 1,Urban
STU_1335,71,84,66,78,62,51,56,62,6.24,2,0,4,Data Science Intern,Not Placed,Female,Tier 2,Urban
STU_1336,75,67,54,81,91,57,66,74,7.75,5,2,1,ML Intern,Placed,Male,Tier 2,Urban
STU_1337,46,76,71,70,57,84,72,68,7.35,2,0,2,Data Analyst,Placed,Male,Tier 2,Rural
STU_1338,81,61,41,84,83,39,54,66,6.83,3,0,1,ML Intern,Not Placed,Female,Tier 2,Urban
STU_1339,66,94,81,55,55,81,70,69,7.8,2,1,2,Data Analyst,Placed,Male,Tier 3,Rural
STU_1340,65,84,82,73,50,76,80,76,7.5,3,1,3,Data Analyst,Placed,Female,Tier 3,Semi-Urban
STU_1341,59,74,91,70,36,76,86,95,7.75,3,1,2,Business Analyst,Placed,Female,Tier 1,Semi-Urban
STU_1342,97,76,68,90,90,55,74,79,7.69,4,0,4,Data Scientist,Placed,Female,Tier 3,Urban
STU_1343,56,73,72,69,38,77,72,63,6.58,3,1,2,BI Analyst,Placed,Other,Tier 1,Urban
STU_1344,76,66,40,67,98,50,53,74,6.57,3,0,2,ML Intern,Not Placed,Male,Tier 2,Semi-Urban
STU_1345,55,82,72,64,27,73,70,67,6.57,2,0,2,BI Analyst,Not Placed,Male,Tier 3,Urban
STU_1346,74,74,51,78,86,61,54,64,7.24,1,1,1,Data Scientist,Placed,Female,Tier 1,Semi-Urban
STU_1347,62,77,94,83,62,90,90,99,8.7,4,0,2,Business Analyst,Placed,Male,Tier 3,Rural
STU_1348,35,74,97,63,61,78,92,89,8.13,3,1,3,Business Analyst,Placed,Male,Tier 3,Urban
STU_1349,91,75,64,61,64,49,67,66,6.17,0,0,3,Data Science Intern,Not Placed,Female,Tier 2,Semi-Urban
STU_1350,47,76,67,63,39,72,67,63,6.35,2,1,2,Data Analyst,Not Placed,Other,Tier 2,Rural
STU_1351,55,84,86,56,52,98,81,73,7.92,2,0,2,BI Analyst,Not Placed,Female,Tier 2,Rural
STU_1352,93,82,68,72,73,68,57,82,7.7,4,1,2,Data Scientist,Placed,Female,Tier 3,Rural
STU_1353,85,71,65,88,99,56,80,81,6.99,3,1,1,Data Scientist,Placed,Male,Tier 1,Rural
STU_1354,80,73,57,77,87,44,55,78,6.75,3,1,1,ML Intern,Placed,Female,Tier 2,Urban
STU_1355,83,75,61,85,71,67,66,74,7.46,2,2,4,Data Scientist,Placed,Male,Tier 1,Rural
STU_1356,61,83,85,68,55,98,82,70,7.35,3,0,2,BI Analyst,Placed,Male,Tier 1,Rural
STU_1357,66,85,64,72,57,65,70,61,6.75,3,0,3,Data Science Intern,Not Placed,Male,Tier 3,Semi-Urban
STU_1358,77,61,69,69,68,40,64,62,5.5,2,0,2,Data Scientist,Not Placed,Female,Tier 2,Urban
STU_1359,43,66,72,64,57,75,89,85,7.21,3,0,2,Business Analyst,Not Placed,Female,Tier 3,Urban
STU_1360,94,81,59,87,71,60,54,69,6.94,3,0,2,Data Scientist,Placed,Female,Tier 2,Urban
STU_1361,52,76,61,84,74,71,61,81,7.21,3,0,2,Data Science Intern,Not Placed,Female,Tier 2,Urban
STU_1362,81,83,99,76,56,93,89,92,9.76,4,1,1,Business Analyst,Placed,Male,Tier 1,Semi-Urban
STU_1363,75,65,61,84,88,53,50,73,7.61,4,0,2,ML Intern,Placed,Male,Tier 3,Semi-Urban
STU_1364,79,61,57,70,80,33,58,64,6.83,3,1,2,ML Intern,Placed,Female,Tier 1,Semi-Urban
STU_1365,91,65,59,82,99,58,53,69,7.37,2,1,1,ML Intern,Placed,Other,Tier 2,Urban
STU_1366,65,77,60,81,60,84,66,76,7.05,3,2,4,Data Analyst,Placed,Female,Tier 2,Semi-Urban
STU_1367,83,72,49,91,76,61,64,72,7.47,4,0,2,ML Intern,Placed,Male,Tier 2,Urban
STU_1368,78,81,78,80,66,65,85,85,7.29,2,0,3,Data Science Intern,Placed,Female,Tier 2,Urban
STU_1369,79,98,96,87,59,78,79,74,8.92,3,0,3,Data Analyst,Placed,Male,Tier 2,Semi-Urban
STU_1370,36,51,97,55,42,57,66,68,6.93,2,1,1,Business Analyst,Placed,Female,Tier 1,Urban
STU_1371,87,77,72,83,68,75,66,85,7.61,3,0,3,Data Science Intern,Placed,Male,Tier 2,Urban
STU_1372,61,64,70,50,56,73,47,68,6.13,1,0,3,Data Analyst,Not Placed,Female,Tier 3,Urban
STU_1373,55,72,93,66,49,86,65,63,7.2,4,0,2,BI Analyst,Not Placed,Male,Tier 2,Semi-Urban
STU_1374,90,68,56,64,68,58,64,85,6.99,3,1,3,Data Scientist,Placed,Female,Tier 1,Semi-Urban
STU_1375,58,58,85,56,58,79,84,79,6.65,3,0,2,Business Analyst,Not Placed,Male,Tier 2,Urban
STU_1376,65,83,88,44,50,81,86,80,7.32,2,1,4,BI Analyst,Placed,Male,Tier 1,Urban
STU_1377,90,92,78,89,99,63,69,87,7.85,4,1,2,Data Scientist,Placed,Female,Tier 1,Semi-Urban
STU_1378,87,81,75,89,74,65,65,87,7.67,4,0,3,Data Scientist,Placed,Male,Tier 2,Rural
STU_1379,49,67,85,62,34,72,94,69,6.11,0,0,3,Business Analyst,Not Placed,Female,Tier 2,Semi-Urban
STU_1380,99,72,54,86,88,65,59,80,7.1,4,1,2,Data Scientist,Placed,Male,Tier 1,Rural
STU_1381,53,67,69,59,52,83,53,69,6.74,2,0,2,Data Analyst,Not Placed,Female,Tier 2,Semi-Urban
STU_1382,35,60,73,46,45,61,76,57,6.71,2,0,2,Business Analyst,Not Placed,Male,Tier 3,Semi-Urban
STU_1383,80,77,64,62,78,56,64,88,6.66,2,2,4,Data Science Intern,Placed,Male,Tier 3,Rural
STU_1384,43,66,87,61,46,73,85,78,6.82,2,1,3,Business Analyst,Not Placed,Female,Tier 3,Semi-Urban
STU_1385,99,70,74,96,99,71,73,72,8.57,5,1,2,ML Intern,Placed,Male,Tier 2,Rural
STU_1386,52,57,81,53,44,70,69,87,7.59,2,2,2,Business Analyst,Placed,Male,Tier 1,Urban
STU_1387,66,78,70,55,38,80,67,57,5.96,3,0,2,BI Analyst,Not Placed,Female,Tier 3,Rural
STU_1388,72,68,83,64,63,78,62,65,6.3,3,0,2,Data Analyst,Not Placed,Male,Tier 1,Semi-Urban
STU_1389,79,69,64,67,68,68,75,62,7.95,2,0,3,Data Science Intern,Placed,Male,Tier 1,Rural
STU_1390,94,91,69,90,89,64,72,88,7.82,5,2,3,Data Scientist,Placed,Female,Tier 2,Urban
STU_1391,59,48,74,52,32,72,59,68,6.6,2,0,1,Business Analyst,Not Placed,Female,Tier 1,Semi-Urban
STU_1392,59,70,64,62,49,70,53,64,5.92,1,0,2,Data Analyst,Not Placed,Male,Tier 3,Rural
STU_1393,68,97,99,58,62,74,96,76,7.68,3,0,3,Data Analyst,Placed,Female,Tier 3,Urban
STU_1394,93,78,56,79,96,67,83,78,7.17,3,1,1,Data Scientist,Placed,Female,Tier 3,Semi-Urban
STU_1395,48,56,78,48,41,62,84,77,6.71,1,0,2,Business Analyst,Not Placed,Male,Tier 3,Rural
STU_1396,61,95,80,70,66,98,85,70,7.23,3,0,3,BI Analyst,Not Placed,Male,Tier 1,Urban
STU_1397,74,53,51,73,69,53,44,75,5.53,2,0,3,Data Scientist,Not Placed,Male,Tier 3,Urban
STU_1398,57,61,83,64,56,73,86,80,7.36,2,0,3,Business Analyst,Not Placed,Female,Tier 2,Semi-Urban
STU_1399,99,67,55,91,89,60,57,74,7.23,4,1,2,ML Intern,Placed,Male,Tier 2,Semi-Urban
STU_1400,99,68,57,85,83,52,67,79,7.33,4,0,1,ML Intern,Placed,Female,Tier 1,Urban
STU_1401,67,88,69,64,52,84,68,67,6.39,2,0,3,Data Analyst,Not Placed,Female,Tier 3,Urban
STU_1402,67,87,73,70,63,77,69,69,7.65,3,1,3,Data Analyst,Placed,Male,Tier 3,Urban
STU_1403,40,78,78,60,39,67,69,80,7.13,2,1,2,Data Analyst,Not Placed,Male,Tier 1,Urban
STU_1404,98,59,62,74,83,48,69,82,6.55,3,1,1,ML Intern,Placed,Female,Tier 1,Urban
STU_1405,81,63,53,78,90,36,58,62,6.94,3,0,2,ML Intern,Placed,Male,Tier 1,Semi-Urban
STU_1406,83,72,58,76,69,40,63,71,6.94,2,2,2,Data Scientist,Placed,Male,Tier 2,Semi-Urban
STU_1407,46,85,67,68,55,66,70,62,6.83,0,0,4,BI Analyst,Not Placed,Female,Tier 2,Semi-Urban
STU_1408,37,72,87,80,58,92,77,86,7.3,3,0,4,BI Analyst,Placed,Male,Tier 3,Urban
STU_1409,99,76,49,73,96,62,72,67,7.0,4,0,3,Data Scientist,Placed,Male,Tier 2,Semi-Urban
STU_1410,49,77,78,58,39,79,82,71,7.16,4,0,3,BI Analyst,Not Placed,Male,Tier 2,Urban
STU_1411,55,55,62,56,39,75,99,85,6.79,3,1,3,Business Analyst,Not Placed,Male,Tier 3,Rural
STU_1412,75,79,68,63,58,84,56,65,5.74,2,0,3,Data Analyst,Not Placed,Male,Tier 2,Semi-Urban
STU_1413,38,67,94,59,38,73,87,79,6.46,1,1,2,Business Analyst,Not Placed,Female,Tier 2,Rural
STU_1414,63,80,87,73,44,70,66,75,7.28,2,0,4,Data Analyst,Placed,Other,Tier 3,Urban
STU_1415,99,84,75,95,99,74,77,91,8.72,6,0,3,Data Scientist,Placed,Male,Tier 3,Semi-Urban
STU_1416,78,62,62,69,68,52,63,75,6.71,1,1,4,Data Science Intern,Placed,Male,Tier 1,Semi-Urban
STU_1417,62,79,78,67,64,75,73,82,8.21,2,0,3,Data Analyst,Not Placed,Male,Tier 1,Rural
STU_1418,70,84,86,74,55,81,90,81,7.55,4,0,2,Data Analyst,Placed,Male,Tier 1,Semi-Urban
STU_1419,99,74,61,75,77,74,63,92,7.24,4,0,2,Data Scientist,Placed,Male,Tier 2,Semi-Urban
STU_1420,73,73,71,83,86,74,74,80,7.98,3,1,3,Data Science Intern,Placed,Male,Tier 2,Urban
STU_1421,49,57,79,70,33,86,84,76,7.25,2,1,2,Business Analyst,Not Placed,Female,Tier 2,Semi-Urban
STU_1422,92,89,70,90,92,47,64,71,6.99,4,1,3,Data Scientist,Placed,Male,Tier 3,Urban
STU_1423,71,79,86,72,45,73,77,64,7.2,5,1,3,Data Analyst,Placed,Male,Tier 1,Urban
STU_1424,69,82,84,74,52,77,76,70,8.21,4,1,4,Data Analyst,Placed,Male,Tier 2,Urban
STU_1425,73,70,70,88,87,62,90,70,7.47,3,0,2,Data Science Intern,Placed,Male,Tier 2,Rural
STU_1426,79,63,55,66,66,63,70,62,7.17,2,0,3,Data Science Intern,Not Placed,Female,Tier 2,Urban
STU_1427,48,69,73,60,38,73,78,60,6.35,1,1,2,Data Analyst,Not Placed,Male,Tier 2,Rural
STU_1428,70,75,60,79,64,75,70,66,7.06,2,0,4,Data Science Intern,Not Placed,Female,Tier 3,Rural
STU_1429,78,60,60,64,77,42,58,68,6.03,3,1,3,ML Intern,Placed,Male,Tier 1,Rural
STU_1430,44,77,77,57,53,93,73,71,6.43,2,0,2,BI Analyst,Not Placed,Female,Tier 1,Rural
STU_1431,75,79,74,87,83,81,86,86,7.89,4,0,1,Data Scientist,Placed,Other,Tier 2,Rural
STU_1432,91,57,52,78,78,52,45,77,7.1,2,1,1,Data Scientist,Not Placed,Male,Tier 2,Urban
STU_1433,89,88,54,77,62,56,73,71,6.84,4,0,3,Data Scientist,Placed,Male,Tier 1,Urban
STU_1434,99,66,55,68,88,35,67,80,7.72,3,0,2,ML Intern,Placed,Female,Tier 1,Semi-Urban
STU_1435,76,79,85,76,60,76,54,77,7.87,3,1,2,Data Analyst,Placed,Male,Tier 2,Semi-Urban
STU_1436,50,67,74,56,31,52,48,77,5.5,1,0,3,Data Analyst,Not Placed,Female,Tier 2,Urban
STU_1437,52,60,80,55,51,65,86,74,6.75,2,1,2,Business Analyst,Not Placed,Male,Tier 3,Semi-Urban
STU_1438,99,75,64,75,95,49,64,87,8.09,4,0,2,ML Intern,Placed,Male,Tier 2,Semi-Urban
STU_1439,48,70,93,70,48,94,81,97,7.39,3,0,2,Business Analyst,Not Placed,Male,Tier 1,Rural
STU_1440,93,80,40,69,95,33,47,68,6.99,4,0,3,ML Intern,Placed,Female,Tier 2,Semi-Urban
STU_1441,66,75,54,61,63,56,62,61,5.86,2,1,3,Data Science Intern,Not Placed,Male,Tier 1,Semi-Urban
STU_1442,50,78,94,73,53,89,63,71,7.72,4,1,3,Data Analyst,Placed,Male,Tier 2,Urban
STU_1443,84,62,52,73,72,48,49,72,7.16,2,0,1,ML Intern,Not Placed,Female,Tier 2,Semi-Urban
STU_1444,89,68,45,77,70,57,59,83,6.25,2,0,2,Data Scientist,Not Placed,Male,Tier 2,Rural
STU_1445,62,76,80,56,45,80,77,78,7.12,3,1,3,BI Analyst,Not Placed,Male,Tier 3,Urban
STU_1446,67,88,86,71,43,90,81,67,7.77,1,0,5,Data Analyst,Not Placed,Male,Tier 1,Urban
STU_1447,80,70,55,73,74,49,63,76,6.76,3,1,2,ML Intern,Not Placed,Female,Tier 3,Semi-Urban
STU_1448,48,67,74,51,33,74,50,58,6.05,2,1,3,BI Analyst,Not Placed,Female,Tier 3,Urban
STU_1449,84,79,81,78,78,72,90,78,7.43,3,0,2,Data Science Intern,Placed,Male,Tier 2,Urban
STU_1450,85,81,74,82,99,66,76,81,7.87,5,2,0,ML Intern,Placed,Male,Tier 1,Urban
STU_1451,83,79,67,94,88,58,73,86,7.43,3,1,2,Data Scientist,Placed,Female,Tier 2,Urban
STU_1452,83,56,47,79,70,29,68,72,6.7,3,1,4,ML Intern,Placed,Female,Tier 2,Urban
STU_1453,60,71,83,63,35,96,74,66,7.4,2,0,4,BI Analyst,Not Placed,Male,Tier 2,Rural
STU_1454,82,61,64,86,81,68,56,71,7.06,3,2,2,Data Scientist,Placed,Male,Tier 1,Semi-Urban
STU_1455,59,83,83,74,52,74,84,91,8.0,3,3,3,Data Analyst,Placed,Male,Tier 3,Urban
STU_1456,78,70,79,67,71,60,63,73,8.04,2,0,3,Data Science Intern,Placed,Female,Tier 1,Urban
STU_1457,76,64,51,70,80,45,64,69,6.96,2,1,2,ML Intern,Placed,Other,Tier 2,Urban
STU_1458,93,73,59,89,78,47,76,72,6.97,3,0,2,ML Intern,Placed,Male,Tier 1,Rural
STU_1459,31,63,87,43,57,69,90,81,7.16,2,0,0,Business Analyst,Not Placed,Male,Tier 2,Urban
STU_1460,84,67,54,93,92,53,62,90,7.69,5,1,2,ML Intern,Placed,Male,Tier 3,Rural
STU_1461,65,74,91,66,39,74,83,70,7.85,2,0,2,Business Analyst,Not Placed,Male,Tier 2,Urban
STU_1462,98,67,67,89,94,59,61,92,7.15,3,0,1,ML Intern,Placed,Male,Tier 1,Rural
STU_1463,63,85,76,61,56,80,62,60,7.39,2,0,3,Data Analyst,Not Placed,Female,Tier 3,Urban
STU_1464,84,84,56,83,99,49,64,75,7.57,5,1,2,ML Intern,Placed,Male,Tier 3,Urban
STU_1465,88,89,73,83,68,79,72,80,7.63,3,0,3,Data Science Intern,Placed,Female,Tier 3,Urban
STU_1466,57,76,88,68,59,76,57,61,6.59,2,1,2,Data Analyst,Not Placed,Male,Tier 3,Semi-Urban
STU_1467,82,74,64,91,73,70,77,75,8.41,4,1,3,Data Science Intern,Placed,Female,Tier 2,Urban
STU_1468,64,57,89,65,48,66,95,89,7.92,1,1,2,Business Analyst,Not Placed,Male,Tier 2,Urban
STU_1469,49,83,79,50,39,92,74,64,7.34,2,0,3,BI Analyst,Not Placed,Male,Tier 2,Rural
STU_1470,47,74,72,53,33,92,79,58,7.32,1,0,2,BI Analyst,Not Placed,Female,Tier 1,Urban
STU_1471,88,71,60,83,80,75,64,71,7.33,3,0,2,Data Scientist,Placed,Male,Tier 2,Urban
STU_1472,83,78,44,75,99,54,66,92,6.97,3,0,2,ML Intern,Placed,Female,Tier 3,Rural
STU_1473,59,76,77,54,58,91,83,80,6.85,3,0,2,BI Analyst,Placed,Female,Tier 2,Semi-Urban
STU_1474,48,56,85,55,48,82,85,83,6.56,2,2,2,Business Analyst,Not Placed,Male,Tier 3,Rural
STU_1475,58,77,87,52,57,88,97,84,7.74,3,0,2,Business Analyst,Placed,Female,Tier 2,Urban
STU_1476,83,77,60,82,99,48,81,80,7.77,4,1,3,ML Intern,Placed,Female,Tier 2,Urban
STU_1477,43,80,86,60,38,86,69,75,7.02,3,0,1,BI Analyst,Not Placed,Other,Tier 2,Urban
STU_1478,67,77,77,72,46,83,70,77,7.6,4,0,2,BI Analyst,Placed,Female,Tier 2,Rural
STU_1479,53,70,73,68,36,66,72,64,6.65,2,0,3,BI Analyst,Not Placed,Male,Tier 2,Rural
STU_1480,82,83,68,69,79,77,72,83,7.23,4,1,1,Data Scientist,Placed,Female,Tier 1,Rural
STU_1481,74,89,93,76,61,93,84,75,7.79,4,2,3,BI Analyst,Placed,Female,Tier 1,Urban
STU_1482,61,72,73,65,44,73,66,72,6.95,3,0,2,Data Analyst,Not Placed,Female,Tier 3,Rural
STU_1483,88,68,66,87,82,55,64,81,6.28,3,0,3,Data Scientist,Placed,Female,Tier 1,Urban
STU_1484,68,89,77,69,59,70,62,67,6.61,2,1,2,Data Analyst,Not Placed,Male,Tier 2,Semi-Urban
STU_1485,51,63,77,43,41,60,68,65,6.92,1,1,1,Business Analyst,Not Placed,Male,Tier 2,Rural
STU_1486,49,68,80,58,50,56,85,76,6.53,2,1,2,Business Analyst,Not Placed,Female,Tier 2,Urban
STU_1487,52,57,76,59,56,77,79,68,7.5,1,0,1,Business Analyst,Not Placed,Female,Tier 3,Urban
STU_1488,66,71,40,69,89,31,66,65,6.76,2,0,2,ML Intern,Not Placed,Male,Tier 3,Urban
STU_1489,41,60,79,63,40,58,83,70,6.91,2,1,3,Business Analyst,Not Placed,Female,Tier 3,Semi-Urban
STU_1490,91,72,61,90,85,64,76,72,7.25,5,0,1,Data Scientist,Placed,Female,Tier 2,Urban
STU_1491,45,32,81,53,33,70,89,72,6.54,2,1,1,Business Analyst,Not Placed,Female,Tier 2,Urban
STU_1492,51,71,82,63,62,80,79,74,8.42,4,1,2,Business Analyst,Placed,Female,Tier 3,Rural
STU_1493,54,71,74,66,58,89,90,86,7.23,4,0,1,Business Analyst,Placed,Female,Tier 3,Urban
STU_1494,51,99,81,66,55,94,90,76,8.04,4,0,2,Data Analyst,Not Placed,Female,Tier 3,Urban
STU_1495,90,65,43,86,78,58,68,75,7.13,3,1,2,ML Intern,Placed,Female,Tier 3,Semi-Urban
STU_1496,99,89,57,76,76,71,63,87,7.34,6,1,2,ML Intern,Placed,Male,Tier 1,Rural
STU_1497,75,74,43,64,79,41,61,68,6.21,1,2,2,ML Intern,Placed,Male,Tier 1,Urban
STU_1498,94,78,59,84,99,64,56,77,7.88,4,2,1,Data Scientist,Placed,Male,Tier 3,Semi-Urban
STU_1499,52,77,93,54,64,73,95,72,7.26,3,0,2,Business Analyst,Not Placed,Male,Tier 3,Urban
STU_1500,41,72,56,81,52,82,80,74,7.19,3,0,2,BI Analyst,Not Placed,Male,Tier 3,Semi-Urban
